{
    "64.0000": {
        "mean": 91.49333437283833,
        "std": 0.07717217928739455
    },
    "40.9600": {
        "mean": 91.00333452224731,
        "std": 0.2978062684003308
    },
    "26.2144": {
        "mean": 73.39333295822144,
        "std": 14.05814695697017
    },
    "16.7772": {
        "mean": 81.75333340962727,
        "std": 3.955759778589957
    },
    "10.7374": {
        "mean": 67.88333257039388,
        "std": 4.721202252523955
    },
    "6.8719": {
        "mean": 55.893332759539284,
        "std": 10.476679444886878
    },
    "4.3980": {
        "mean": 52.31666763623556,
        "std": 3.2858724465021476
    },
    "2.8147": {
        "mean": 56.046667943398155,
        "std": 32.5599274290665
    },
    "1.8014": {
        "mean": 68.6899999777476,
        "std": 7.885391912688742
    },
    "1.1529": {
        "mean": 24.549999088048935,
        "std": 10.310967520352818
    },
    "0.7379": {
        "mean": 10.000000149011612,
        "std": 0.0
    },
    "0.4722": {
        "mean": 29.886666933695476,
        "std": 5.119663869286901
    },
    "0.3022": {
        "mean": 19.57666650414467,
        "std": 7.191459103302858
    },
    "0.1934": {
        "mean": 21.846666932106018,
        "std": 5.449063576352095
    },
    "0.1238": {
        "mean": 17.75333359837532,
        "std": 8.53407860544295
    },
    "0.0792": {
        "mean": 13.393333554267883,
        "std": 4.798898123367096
    }
}