{
    "64.0000": {
        "mean": 11.333333452542623,
        "std": 1.279826601512028
    },
    "40.9600": {
        "mean": 10.000000149011612,
        "std": 0.0
    },
    "26.2144": {
        "mean": 9.080000221729279,
        "std": 1.3010763745449372
    },
    "16.7772": {
        "mean": 10.000000149011612,
        "std": 0.0
    },
    "10.7374": {
        "mean": 10.000000149011612,
        "std": 0.0
    },
    "6.8719": {
        "mean": 10.01333345969518,
        "std": 0.0188561488000364
    },
    "4.3980": {
        "mean": 10.003333538770676,
        "std": 0.004714125005943498
    },
    "2.8147": {
        "mean": 10.303333401679993,
        "std": 0.2145278439612029
    },
    "1.8014": {
        "mean": 9.053333352009455,
        "std": 1.3387890233687474
    },
    "1.1529": {
        "mean": 10.000000149011612,
        "std": 0.0
    },
    "0.7379": {
        "mean": 10.000000149011612,
        "std": 0.0
    },
    "0.4722": {
        "mean": 8.870000143845877,
        "std": 1.0192481325233969
    },
    "0.3022": {
        "mean": 10.466666519641876,
        "std": 0.3519783189765336
    },
    "0.1934": {
        "mean": 10.000000149011612,
        "std": 0.0
    },
    "0.1238": {
        "mean": 10.130000114440918,
        "std": 0.752728542049933
    },
    "0.0792": {
        "mean": 9.150000164906183,
        "std": 1.2020815055388114
    }
}