{
    "64.0000": {
        "mean": 91.63333376248677,
        "std": 0.09740955147103261
    },
    "40.9600": {
        "mean": 90.99333484967549,
        "std": 0.12552075448679106
    },
    "26.2144": {
        "mean": 90.12999931971233,
        "std": 0.14236066196530736
    },
    "16.7772": {
        "mean": 88.98000121116638,
        "std": 0.2557342542063067
    },
    "10.7374": {
        "mean": 87.38666772842407,
        "std": 0.07133612427997266
    },
    "6.8719": {
        "mean": 85.71000099182129,
        "std": 0.3628584525513073
    },
    "4.3980": {
        "mean": 83.12666614850362,
        "std": 0.049216842706071164
    },
    "2.8147": {
        "mean": 80.03333409627278,
        "std": 0.24689413100155957
    },
    "1.8014": {
        "mean": 76.79999868075053,
        "std": 0.4818726440872018
    },
    "1.1529": {
        "mean": 69.84000007311504,
        "std": 0.8691743840749978
    },
    "0.7379": {
        "mean": 65.46666622161865,
        "std": 0.7840621660254854
    },
    "0.4722": {
        "mean": 60.0766658782959,
        "std": 0.34198905689899095
    },
    "0.3022": {
        "mean": 53.94666790962219,
        "std": 1.4166720527631553
    },
    "0.1934": {
        "mean": 43.709999322891235,
        "std": 1.583918907594439
    },
    "0.1238": {
        "mean": 37.32666770617167,
        "std": 2.134827519288237
    },
    "0.0792": {
        "mean": 18.086666613817215,
        "std": 7.002291383596407
    }
}