{
    "64.0000": {
        "mean": 66.27666751543681,
        "std": 0.8251999594383121
    },
    "40.9600": {
        "mean": 71.69000109036763,
        "std": 0.3847948673964157
    },
    "26.2144": {
        "mean": 72.5333313147227,
        "std": 0.5765618230454754
    },
    "16.7772": {
        "mean": 72.07333246866862,
        "std": 0.5867607521724889
    },
    "10.7374": {
        "mean": 69.14666692415874,
        "std": 0.3963443571049717
    },
    "6.8719": {
        "mean": 67.39333073298137,
        "std": 0.7202930362744784
    },
    "4.3980": {
        "mean": 64.49333429336548,
        "std": 0.3975212466312269
    },
    "2.8147": {
        "mean": 61.65000001589457,
        "std": 0.3779762948393812
    },
    "1.8014": {
        "mean": 59.17666554450989,
        "std": 0.5741840602078048
    },
    "1.1529": {
        "mean": 54.48333422342936,
        "std": 0.9372406768566955
    },
    "0.7379": {
        "mean": 48.00333281358083,
        "std": 1.3522650986858507
    },
    "0.4722": {
        "mean": 39.65999980767568,
        "std": 2.5033702142488226
    },
    "0.3022": {
        "mean": 29.383333524068195,
        "std": 1.5309331184119888
    },
    "0.1934": {
        "mean": 21.796666582425434,
        "std": 3.841061441043337
    },
    "0.1238": {
        "mean": 16.033333043257397,
        "std": 0.8535937479703594
    },
    "0.0792": {
        "mean": 12.543333570162455,
        "std": 2.779140807386569
    }
}