{
    "64.0000": {
        "mean": 91.52333339055379,
        "std": 0.10873127432845378
    },
    "40.9600": {
        "mean": 91.03999932607015,
        "std": 0.1902614452884546
    },
    "26.2144": {
        "mean": 89.86666798591614,
        "std": 0.06798807771150506
    },
    "16.7772": {
        "mean": 88.85999917984009,
        "std": 0.19510731068132744
    },
    "10.7374": {
        "mean": 87.35333283742268,
        "std": 0.24984370818267912
    },
    "6.8719": {
        "mean": 85.32666563987732,
        "std": 0.3216955725735041
    },
    "4.3980": {
        "mean": 82.89666573206584,
        "std": 0.34682543402109384
    },
    "2.8147": {
        "mean": 79.36333219210307,
        "std": 0.41362765851829975
    },
    "1.8014": {
        "mean": 70.77333331108093,
        "std": 1.0089695506402074
    },
    "1.1529": {
        "mean": 63.45000068346659,
        "std": 5.068806652927135
    },
    "0.7379": {
        "mean": 53.633333245913185,
        "std": 3.510521438177735
    },
    "0.4722": {
        "mean": 43.55666637420654,
        "std": 4.603927577956846
    },
    "0.3022": {
        "mean": 29.473333060741425,
        "std": 5.685550354339292
    },
    "0.1934": {
        "mean": 12.543333570162455,
        "std": 3.5968166178282854
    },
    "0.1238": {
        "mean": 10.000000149011612,
        "std": 0.0
    },
    "0.0792": {
        "mean": 10.000000149011612,
        "std": 0.0
    }
}