{
    "64.0000": {
        "mean": 9.92333342631658,
        "std": 0.9654131782141395
    },
    "40.9600": {
        "mean": 9.600000083446503,
        "std": 0.3797364884473316
    },
    "26.2144": {
        "mean": 10.470000157753626,
        "std": 1.2734468897373963
    },
    "16.7772": {
        "mean": 9.233333170413971,
        "std": 1.0037374181870822
    },
    "10.7374": {
        "mean": 10.28666670123736,
        "std": 0.42679705825325015
    },
    "6.8719": {
        "mean": 10.20666683713595,
        "std": 0.6669500077436458
    },
    "4.3980": {
        "mean": 10.346666723489761,
        "std": 0.2904402186760925
    },
    "2.8147": {
        "mean": 10.003333538770676,
        "std": 0.004714125005943498
    },
    "1.8014": {
        "mean": 9.276666740576426,
        "std": 1.0442327764183281
    },
    "1.1529": {
        "mean": 9.960000216960907,
        "std": 0.0565684464001092
    },
    "0.7379": {
        "mean": 9.666666885217031,
        "std": 0.5436502653858558
    },
    "0.4722": {
        "mean": 10.09999985496203,
        "std": 0.07788859761089864
    },
    "0.3022": {
        "mean": 9.886666884024939,
        "std": 0.1602774404121782
    },
    "0.1934": {
        "mean": 10.000000149011612,
        "std": 0.0
    },
    "0.1238": {
        "mean": 10.000000149011612,
        "std": 0.0
    },
    "0.0792": {
        "mean": 10.000000149011612,
        "std": 0.0
    }
}