{
    "64.0000": {
        "mean": 91.4133350054423,
        "std": 0.15173192741077499
    },
    "40.9600": {
        "mean": 91.06666843096416,
        "std": 0.1470450462261378
    },
    "26.2144": {
        "mean": 90.27000069618225,
        "std": 0.24041405327584173
    },
    "16.7772": {
        "mean": 89.0066663424174,
        "std": 0.0758651344014486
    },
    "10.7374": {
        "mean": 87.70666718482971,
        "std": 0.14636362833492203
    },
    "6.8719": {
        "mean": 86.22999986012776,
        "std": 0.13589170961478833
    },
    "4.3980": {
        "mean": 84.57666635513306,
        "std": 0.1925850774671922
    },
    "2.8147": {
        "mean": 82.65666564305623,
        "std": 0.31414641749954
    },
    "1.8014": {
        "mean": 80.39999802907307,
        "std": 0.35336454718508864
    },
    "1.1529": {
        "mean": 76.26333435376485,
        "std": 0.7191828724375791
    },
    "0.7379": {
        "mean": 69.9833353360494,
        "std": 0.7896979157340173
    },
    "0.4722": {
        "mean": 62.69999941190084,
        "std": 0.604869516771778
    },
    "0.3022": {
        "mean": 54.81333335240682,
        "std": 0.8571418042768434
    },
    "0.1934": {
        "mean": 44.41666603088379,
        "std": 0.8624897925531545
    },
    "0.1238": {
        "mean": 37.216667334238686,
        "std": 0.4428948916147435
    },
    "0.0792": {
        "mean": 32.606667280197144,
        "std": 0.2824106797849245
    }
}