{
    "64.0000": {
        "mean": 85.02333362897237,
        "std": 0.2747510747918901
    },
    "40.9600": {
        "mean": 84.76666609446208,
        "std": 0.13199289107991563
    },
    "26.2144": {
        "mean": 84.36333338419597,
        "std": 0.3442230905005468
    },
    "16.7772": {
        "mean": 84.10000006357829,
        "std": 0.2981034749515289
    },
    "10.7374": {
        "mean": 83.63333344459534,
        "std": 0.21296929090035516
    },
    "6.8719": {
        "mean": 82.58999983469646,
        "std": 0.7009030457655889
    },
    "4.3980": {
        "mean": 81.5066655476888,
        "std": 0.27740946005963074
    },
    "2.8147": {
        "mean": 79.71333463986714,
        "std": 0.1721100830388727
    },
    "1.8014": {
        "mean": 76.51999990145366,
        "std": 0.779784985194768
    },
    "1.1529": {
        "mean": 70.44333219528198,
        "std": 0.8803167907837449
    },
    "0.7379": {
        "mean": 60.896666844685875,
        "std": 1.4661592376403845
    },
    "0.4722": {
        "mean": 47.03999956448873,
        "std": 6.397254673804551
    },
    "0.3022": {
        "mean": 37.31000026067098,
        "std": 1.7123281939195631
    },
    "0.1934": {
        "mean": 27.203333377838135,
        "std": 0.9984108376819217
    },
    "0.1238": {
        "mean": 24.513333042462666,
        "std": 1.8030032575393735
    },
    "0.0792": {
        "mean": 23.35333327452342,
        "std": 2.9510375569418903
    }
}