{
    "64.0000": {
        "mean": 93.64333351453145,
        "std": 0.0618260268326068
    },
    "40.9600": {
        "mean": 93.27666759490967,
        "std": 0.17745123747749164
    },
    "26.2144": {
        "mean": 93.08333198229472,
        "std": 0.14197082353345838
    },
    "16.7772": {
        "mean": 92.65333612759908,
        "std": 0.05185467261790329
    },
    "10.7374": {
        "mean": 92.39333271980286,
        "std": 0.04027626851405128
    },
    "6.8719": {
        "mean": 91.73666636149089,
        "std": 0.07930289705726228
    },
    "4.3980": {
        "mean": 91.16999904314677,
        "std": 0.09626464072607424
    },
    "2.8147": {
        "mean": 90.42333563168843,
        "std": 0.15584903943894365
    },
    "1.8014": {
        "mean": 89.59666689236958,
        "std": 0.12762944327333373
    },
    "1.1529": {
        "mean": 88.42333356539409,
        "std": 0.3890429215281143
    },
    "0.7379": {
        "mean": 87.08999951680501,
        "std": 0.24344737982377415
    },
    "0.4722": {
        "mean": 85.16666690508525,
        "std": 0.42944465389397013
    },
    "0.3022": {
        "mean": 83.62333377202351,
        "std": 0.156913639361096
    },
    "0.1934": {
        "mean": 80.93999822934468,
        "std": 0.7101179665200494
    },
    "0.1238": {
        "mean": 78.43333284060161,
        "std": 0.07586583277969418
    },
    "0.0792": {
        "mean": 75.05000034968059,
        "std": 0.577754750948893
    },
    "0.0507": {
        "mean": 68.99333397547404,
        "std": 0.14383625219289106
    },
    "0.0325": {
        "mean": 63.18999926249186,
        "std": 0.7249830272924552
    },
    "0.0208": {
        "mean": 53.68000070254008,
        "std": 0.15577668505652842
    },
    "0.0133": {
        "mean": 42.92000035444895,
        "std": 2.0860008005966475
    },
    "0.0085": {
        "mean": 15.73666681845983,
        "std": 8.11287180674736
    }
}