{
    "64.0000": {
        "mean": 9.336666514476141,
        "std": 1.161904407328808
    },
    "40.9600": {
        "mean": 9.779999901851019,
        "std": 0.5984979936985328
    },
    "26.2144": {
        "mean": 9.023333340883255,
        "std": 1.4356028534863956
    },
    "16.7772": {
        "mean": 9.73666658004125,
        "std": 2.9330567860984407
    },
    "10.7374": {
        "mean": 7.266666740179062,
        "std": 2.1860517592242474
    },
    "6.8719": {
        "mean": 9.113333374261856,
        "std": 1.9129265831712767
    },
    "4.3980": {
        "mean": 9.930000205834707,
        "std": 1.7652385431578026
    },
    "2.8147": {
        "mean": 7.076666752497355,
        "std": 0.45146678164982984
    },
    "1.8014": {
        "mean": 9.720000127951304,
        "std": 1.62014386570423
    },
    "1.1529": {
        "mean": 10.409999887148539,
        "std": 0.8533851935105641
    },
    "0.7379": {
        "mean": 7.306666672229767,
        "std": 0.6673497973103262
    },
    "0.4722": {
        "mean": 7.700000082453092,
        "std": 1.8321026376627996
    },
    "0.3022": {
        "mean": 7.499999925494194,
        "std": 2.0785732737686384
    },
    "0.1934": {
        "mean": 9.893333415190378,
        "std": 1.748472329550462
    },
    "0.1238": {
        "mean": 9.570000072320303,
        "std": 0.7971617104049846
    },
    "0.0792": {
        "mean": 9.159999837478003,
        "std": 5.105310971154632
    },
    "0.0507": {
        "mean": 10.14666681488355,
        "std": 0.09809305942772924
    },
    "0.0325": {
        "mean": 5.293333406249682,
        "std": 0.8614844065314227
    },
    "0.0208": {
        "mean": 8.186666915814081,
        "std": 1.5397473505817405
    },
    "0.0133": {
        "mean": 9.773333122332891,
        "std": 1.9761969246930113
    },
    "0.0085": {
        "mean": 9.626666704813639,
        "std": 0.527973220072232
    }
}