{
    "64.0000": {
        "mean": 91.13333423932393,
        "std": 0.05249376978324629
    },
    "40.9600": {
        "mean": 90.55333137512207,
        "std": 0.2522343569157916
    },
    "26.2144": {
        "mean": 89.57333366076152,
        "std": 0.39203074514892605
    },
    "16.7772": {
        "mean": 88.50333293279012,
        "std": 0.15584903943894365
    },
    "10.7374": {
        "mean": 86.53666774431865,
        "std": 0.1869646809962488
    },
    "6.8719": {
        "mean": 83.92333388328552,
        "std": 0.3941510288415408
    },
    "4.3980": {
        "mean": 81.52333498001099,
        "std": 0.2168455355885498
    },
    "2.8147": {
        "mean": 76.89666748046875,
        "std": 1.1236937790844
    },
    "1.8014": {
        "mean": 70.74000040690105,
        "std": 0.3963173656052957
    },
    "1.1529": {
        "mean": 63.06666533152262,
        "std": 1.3335264056376752
    },
    "0.7379": {
        "mean": 60.1366659005483,
        "std": 1.4149765938312058
    },
    "0.4722": {
        "mean": 53.28000088532766,
        "std": 3.2393015632450393
    },
    "0.3022": {
        "mean": 44.453332821528114,
        "std": 1.882805796403254
    },
    "0.1934": {
        "mean": 21.20666727423668,
        "std": 7.966263955564285
    },
    "0.1238": {
        "mean": 17.7066666384538,
        "std": 5.496600845142148
    },
    "0.0792": {
        "mean": 10.000000149011612,
        "std": 0.0
    }
}