{
    "64.0000": {
        "mean": 2.7333333467443786,
        "std": 0.7147182742389738
    },
    "40.9600": {
        "mean": 4.079999898870786,
        "std": 0.8690608425849308
    },
    "26.2144": {
        "mean": 3.1933333103855452,
        "std": 0.7955849876961507
    },
    "16.7772": {
        "mean": 3.3733333150545755,
        "std": 0.23299974770457432
    },
    "10.7374": {
        "mean": 3.833333340783914,
        "std": 1.1577660897560615
    },
    "6.8719": {
        "mean": 5.359999959667523,
        "std": 2.9751301504491314
    },
    "4.3980": {
        "mean": 7.366666508217652,
        "std": 5.438445320810227
    },
    "2.8147": {
        "mean": 9.646666795015335,
        "std": 4.957219455828453
    },
    "1.8014": {
        "mean": 7.646666715542476,
        "std": 5.41942412800575
    },
    "1.1529": {
        "mean": 9.836666534344355,
        "std": 3.018269943767599
    },
    "0.7379": {
        "mean": 9.190000096956888,
        "std": 2.9811742074023755
    },
    "0.4722": {
        "mean": 9.960000216960907,
        "std": 4.172217663623136
    },
    "0.3022": {
        "mean": 9.079999973376593,
        "std": 3.609607454235338
    },
    "0.1934": {
        "mean": 9.756666918595633,
        "std": 1.2893495590743707
    },
    "0.1238": {
        "mean": 8.770000065366427,
        "std": 1.8034967459652522
    },
    "0.0792": {
        "mean": 10.000000149011612,
        "std": 0.0
    }
}