{
    "64.0000": {
        "mean": 91.61000053087871,
        "std": 0.07257180005303179
    },
    "40.9600": {
        "mean": 90.61999917030334,
        "std": 0.11225082523817492
    },
    "26.2144": {
        "mean": 89.74666794141133,
        "std": 0.16438489993849503
    },
    "16.7772": {
        "mean": 88.28333218892415,
        "std": 0.2229103141699675
    },
    "10.7374": {
        "mean": 86.13666494687398,
        "std": 0.23328538588235956
    },
    "6.8719": {
        "mean": 84.18333331743877,
        "std": 0.34470513334274233
    },
    "4.3980": {
        "mean": 80.53333361943562,
        "std": 1.0269801380245478
    },
    "2.8147": {
        "mean": 76.22666756312053,
        "std": 2.7011385038993354
    },
    "1.8014": {
        "mean": 71.92333340644836,
        "std": 0.4148345711533256
    },
    "1.1529": {
        "mean": 64.02999957402547,
        "std": 2.0541326984235373
    },
    "0.7379": {
        "mean": 56.09999895095825,
        "std": 2.2642147801916743
    },
    "0.4722": {
        "mean": 43.34666530291239,
        "std": 6.5924309378176655
    },
    "0.3022": {
        "mean": 19.04333382844925,
        "std": 12.789205138526091
    },
    "0.1934": {
        "mean": 24.090000490347546,
        "std": 4.296285448430333
    },
    "0.1238": {
        "mean": 13.786666840314865,
        "std": 3.070258722873057
    },
    "0.0792": {
        "mean": 14.960000167290369,
        "std": 3.5131846916802543
    }
}