{
    "64.0000": {
        "mean": 14.086666703224182,
        "std": 2.556303516638171
    },
    "40.9600": {
        "mean": 5.053333441416423,
        "std": 1.0758666360582556
    },
    "26.2144": {
        "mean": 8.893333375453949,
        "std": 5.9825877706996815
    },
    "16.7772": {
        "mean": 7.049999882777532,
        "std": 2.570693787480573
    },
    "10.7374": {
        "mean": 8.956666787465414,
        "std": 1.2892978005466702
    },
    "6.8719": {
        "mean": 9.573333462079367,
        "std": 1.3407791250970011
    },
    "4.3980": {
        "mean": 8.95999992887179,
        "std": 1.258888232827539
    },
    "2.8147": {
        "mean": 9.343333542346954,
        "std": 1.2556626927836823
    },
    "1.8014": {
        "mean": 7.173333317041397,
        "std": 2.184343385376374
    },
    "1.1529": {
        "mean": 10.39000004529953,
        "std": 1.1603736326101743
    },
    "0.7379": {
        "mean": 11.516666412353516,
        "std": 1.3130710073496181
    },
    "0.4722": {
        "mean": 9.016666561365128,
        "std": 0.929241224961197
    },
    "0.3022": {
        "mean": 10.13666664560636,
        "std": 0.1932756130063075
    },
    "0.1934": {
        "mean": 10.946666697661081,
        "std": 1.9399370635892532
    },
    "0.1238": {
        "mean": 10.250000158945719,
        "std": 0.3535534046422233
    },
    "0.0792": {
        "mean": 10.000000149011612,
        "std": 0.0
    }
}