{
      "100.0000": {
            "mean": 93.77666711807251,
            "std": 0.016997604020088947
      },
      "80.0000": {
            "mean": 93.81999969482422,
            "std": 0.06164470007697917
      },
      "64.0000": {
            "mean": 93.73000065485637,
            "std": 0.29799353238390786
      },
      "51.2000": {
            "mean": 93.89999906222026,
            "std": 0.04320474964385657
      },
      "40.9600": {
            "mean": 93.81666779518127,
            "std": 0.07760365176745485
      },
      "32.7680": {
            "mean": 93.57999960581462,
            "std": 0.12083209404507966
      },
      "26.2144": {
            "mean": 93.79333257675171,
            "std": 0.03858703365552845
      },
      "20.9715": {
            "mean": 93.92000039418538,
            "std": 0.08286687523786673
      },
      "16.7772": {
            "mean": 93.9900000890096,
            "std": 0.057153121027121244
      },
      "13.4218": {
            "mean": 93.92666618029277,
            "std": 0.07760126220568841
      },
      "10.7374": {
            "mean": 94.02999877929688,
            "std": 0.04966538871466236
      },
      "8.5899": {
            "mean": 93.96333297093709,
            "std": 0.054364540822912
      },
      "6.8719": {
            "mean": 93.98666818936665,
            "std": 0.09463389442089883
      },
      "5.4976": {
            "mean": 94.01999910672505,
            "std": 0.07788949040660656
      },
      "4.3980": {
            "mean": 93.98000041643779,
            "std": 0.08602274567465727
      },
      "3.5184": {
            "mean": 93.96333495775859,
            "std": 0.0784581280670673
      },
      "2.8147": {
            "mean": 93.74000032742818,
            "std": 0.1003337849460364
      },
      "2.2518": {
            "mean": 93.69333386421204,
            "std": 0.05734842015362884
      },
      "1.8014": {
            "mean": 93.73999834060669,
            "std": 0.04966538871466236
      },
      "1.4412": {
            "mean": 93.54333281517029,
            "std": 0.1307243341190969
      },
      "1.1529": {
            "mean": 93.44666798909505,
            "std": 0.13912486257779755
      },
      "0.9223": {
            "mean": 93.32666595776875,
            "std": 0.09843368541214233
      },
      "0.7379": {
            "mean": 93.18333268165588,
            "std": 0.10208780251469932
      },
      "0.5903": {
            "mean": 93.03999940554301,
            "std": 0.04899062416129439
      },
      "0.4722": {
            "mean": 92.5266683101654,
            "std": 0.01885650002377399
      },
      "0.3778": {
            "mean": 92.2933320204417,
            "std": 0.1759426105860633
      },
      "0.3022": {
            "mean": 91.74333413441975,
            "std": 0.10370934523580659
      },
      "0.2418": {
            "mean": 91.22000137964885,
            "std": 0.12027775858416062
      },
      "0.1934": {
            "mean": 89.80000019073486,
            "std": 0.6231113317310595
      },
      "0.1547": {
            "mean": 88.64333232243855,
            "std": 0.6351025668913524
      },
      "0.1238": {
            "mean": 87.22666501998901,
            "std": 0.4155599909219233
      },
      "0.0990": {
            "mean": 85.38999954859416,
            "std": 0.5107512271295589
      },
      "0.0792": {
            "mean": 84.23333366711934,
            "std": 0.17307836193685652
      },
      "0.0634": {
            "mean": 82.59666562080383,
            "std": 0.030911620831137403
      },
      "0.0507": {
            "mean": 79.803333679835,
            "std": 0.2532876260509453
      },
      "0.0406": {
            "mean": 77.37666567166646,
            "std": 0.386551226012615
      },
      "0.0325": {
            "mean": 74.9233325322469,
            "std": 0.3318967265756868
      },
      "0.0260": {
            "mean": 72.0033327738444,
            "std": 0.5226419465962701
      },
      "0.0208": {
            "mean": 69.59000031153361,
            "std": 0.5571348342928276
      },
      "0.0166": {
            "mean": 65.7699982325236,
            "std": 1.3564902513011927
      },
      "0.0133": {
            "mean": 63.80999883015951,
            "std": 0.5900838361873911
      },
      "0.0106": {
            "mean": 60.073333978652954,
            "std": 1.1665986532378687
      },
      "0.0085": {
            "mean": 58.333333333333336,
            "std": 1.3245447378430946
      }
}