{
      "100.0000": {
            "mean": 93.68666609128316,
            "std": 0.09463389442089883
      },
      "80.0000": {
            "mean": 93.79333257675171,
            "std": 0.06847560555586342
      },
      "64.0000": {
            "mean": 93.61000061035156,
            "std": 0.09626195760349118
      },
      "51.2000": {
            "mean": 93.86666615804036,
            "std": 0.08730427570558799
      },
      "40.9600": {
            "mean": 93.80000034968059,
            "std": 0.1349078183941309
      },
      "32.7680": {
            "mean": 93.8266654809316,
            "std": 0.20885981155650063
      },
      "26.2144": {
            "mean": 93.63333185513814,
            "std": 0.09672332747949007
      },
      "20.9715": {
            "mean": 93.86666615804036,
            "std": 0.02624549710179122
      },
      "16.7772": {
            "mean": 93.7933345635732,
            "std": 0.15107099388024864
      },
      "13.4218": {
            "mean": 94.04333233833313,
            "std": 0.04027626851405128
      },
      "10.7374": {
            "mean": 93.94666751225789,
            "std": 0.1732694955249839
      },
      "8.5899": {
            "mean": 93.90333294868469,
            "std": 0.21171087499908064
      },
      "6.8719": {
            "mean": 94.00333364804585,
            "std": 0.09977656432232018
      },
      "5.4976": {
            "mean": 93.87666781743367,
            "std": 0.08806460356435324
      },
      "4.3980": {
            "mean": 94.06999945640564,
            "std": 0.09416109178012179
      },
      "3.5184": {
            "mean": 93.87999971707661,
            "std": 0.1296133291738642
      },
      "2.8147": {
            "mean": 93.63666574160258,
            "std": 0.08576417266379076
      },
      "2.2518": {
            "mean": 93.78666480382283,
            "std": 0.17460991680730648
      },
      "1.8014": {
            "mean": 93.61999829610188,
            "std": 0.15577668505652842
      },
      "1.4412": {
            "mean": 93.65333120028178,
            "std": 0.1027401998646123
      },
      "1.1529": {
            "mean": 93.36999853452046,
            "std": 0.043204749643856566
      },
      "0.9223": {
            "mean": 93.25000047683716,
            "std": 0.029439363804672446
      },
      "0.7379": {
            "mean": 93.20000012715657,
            "std": 0.10677286903239827
      },
      "0.5903": {
            "mean": 92.97333359718323,
            "std": 0.041898874088516204
      },
      "0.4722": {
            "mean": 92.77333219846089,
            "std": 0.12391581164930154
      },
      "0.3778": {
            "mean": 92.47666597366333,
            "std": 0.07760365176745485
      },
      "0.3022": {
            "mean": 92.12999939918518,
            "std": 0.053540497823834465
      },
      "0.2418": {
            "mean": 91.64666533470154,
            "std": 0.22573398126764474
      },
      "0.1934": {
            "mean": 90.98333319028218,
            "std": 0.044966867341736994
      },
      "0.1547": {
            "mean": 90.36666552225749,
            "std": 0.11440621631947656
      },
      "0.1238": {
            "mean": 89.51333363850911,
            "std": 0.23795214895417932
      },
      "0.0990": {
            "mean": 88.100000222524,
            "std": 0.7288804510579389
      },
      "0.0792": {
            "mean": 86.55666708946228,
            "std": 0.17210873625120596
      },
      "0.0634": {
            "mean": 84.19333299001057,
            "std": 0.40540772603638897
      },
      "0.0507": {
            "mean": 82.02333251635234,
            "std": 0.7687794095352976
      },
      "0.0406": {
            "mean": 78.76666784286499,
            "std": 0.6753443750149918
      },
      "0.0325": {
            "mean": 76.4899988969167,
            "std": 0.17146422971445113
      },
      "0.0260": {
            "mean": 72.06666668256123,
            "std": 1.5933475590048451
      },
      "0.0208": {
            "mean": 69.14333502451579,
            "std": 0.2468913680823878
      },
      "0.0166": {
            "mean": 65.14000097910564,
            "std": 0.5140683181590584
      },
      "0.0133": {
            "mean": 62.22666700681051,
            "std": 0.23626566194736714
      },
      "0.0106": {
            "mean": 58.5699995358785,
            "std": 0.9915995444563521
      },
      "0.0085": {
            "mean": 56.550000111262,
            "std": 1.623103606747322
      }
}