{
      "10.7374": {
            "mean": 93.2099997997284,
            "std": 0.20999908447265625
      },
      "8.5899": {
            "mean": 93.21500062942505,
            "std": 0.024998188018798828
      },
      "6.8719": {
            "mean": 92.96500086784363,
            "std": 0.14500021934509277
      },
      "5.4976": {
            "mean": 92.9749995470047,
            "std": 0.1149982213973999
      },
      "4.3980": {
            "mean": 92.87000000476837,
            "std": 0.07000267505645752
      },
      "3.5184": {
            "mean": 92.46500134468079,
            "std": 0.3149986267089844
      },
      "2.8147": {
            "mean": 91.94500148296356,
            "std": 0.12499988079071045
      },
      "2.2518": {
            "mean": 41.88000150024891,
            "std": 31.880001351237297
      },
      "1.8014": {
            "mean": 10.000000149011612,
            "std": 0.0
      },
      "1.4412": {
            "mean": 10.000000149011612,
            "std": 0.0
      },
      "1.1529": {
            "mean": 10.000000149011612,
            "std": 0.0
      },
      "0.9223": {
            "mean": 10.000000149011612,
            "std": 0.0
      },
      "0.7379": {
            "mean": 10.000000149011612,
            "std": 0.0
      },
      "0.5903": {
            "mean": 10.000000149011612,
            "std": 0.0
      },
      "0.4722": {
            "mean": 10.000000149011612,
            "std": 0.0
      },
      "0.3778": {
            "mean": 10.000000149011612,
            "std": 0.0
      }
}