{
      "64.0000": {
            "mean": 93.79333257675171,
            "std": 0.19292950422348887
      },
      "40.9600": {
            "mean": 93.61666639645894,
            "std": 0.04027791278699559
      },
      "26.2144": {
            "mean": 93.54666670163472,
            "std": 0.0946324247785585
      },
      "16.7772": {
            "mean": 93.3733344078064,
            "std": 0.060184763659936615
      },
      "10.7374": {
            "mean": 93.34333340326945,
            "std": 0.142671598664176
      },
      "8.5899": {
            "mean": 93.19666624069214,
            "std": 0.03399170097593841
      },
      "6.8719": {
            "mean": 92.97666549682617,
            "std": 0.10338719943996443
      },
      "5.4976": {
            "mean": 92.9366668065389,
            "std": 0.10498577324858131
      },
      "4.3980": {
            "mean": 92.58666634559631,
            "std": 0.11323444887984495
      },
      "3.5184": {
            "mean": 92.09666848182678,
            "std": 0.2369713280147085
      },
      "2.8147": {
            "mean": 28.483333935340244,
            "std": 19.597592626744753
      },
      "2.2518": {
            "mean": 10.000000149011612,
            "std": 0.0
      },
      "1.8014": {
            "mean": 10.000000149011612,
            "std": 0.0
      },
      "1.4412": {
            "mean": 10.000000149011612,
            "std": 0.0
      },
      "1.1529": {
            "mean": 10.000000149011612,
            "std": 0.0
      },
      "0.9223": {
            "mean": 10.000000149011612,
            "std": 0.0
      },
      "0.7379": {
            "mean": 10.000000149011612,
            "std": 0.0
      },
      "0.5903": {
            "mean": 10.000000149011612,
            "std": 0.0
      },
      "0.4722": {
            "mean": 10.000000149011612,
            "std": 0.0
      },
      "0.3778": {
            "mean": 10.000000149011612,
            "std": 0.0
      }
}