{
      "0.3022": {
            "mean": 60.65666675567627,
            "std": 3.6282717147780628
      },
      "0.1934": {
            "mean": 53.206667304039,
            "std": 3.3558835336448016
      },
      "0.1238": {
            "mean": 27.18000039458275,
            "std": 12.187543055338027
      },
      "0.0507": {
            "mean": 10.000000149011612,
            "std": 0.0
      },
      "0.0208": {
            "mean": 10.000000149011612,
            "std": 0.0
      },
      "0.0085": {
            "mean": 10.000000149011612,
            "std": 0.0
      },
      "64.0000": {
            "mean": 93.6599999666214,
            "std": 0.08859895050613255
      },
      "40.9600": {
            "mean": 93.22999864816666,
            "std": 0.10368187794211119
      },
      "26.2144": {
            "mean": 92.7849993109703,
            "std": 0.06264963225474061
      },
      "16.7772": {
            "mean": 92.13749915361404,
            "std": 0.19240202990162936
      },
      "10.7374": {
            "mean": 91.30000025033951,
            "std": 0.20892590164337155
      },
      "8.5899": {
            "mean": 90.8624991774559,
            "std": 0.16223007147680146
      },
      "6.8719": {
            "mean": 90.30750095844269,
            "std": 0.13330057852839408
      },
      "5.4976": {
            "mean": 89.79000002145767,
            "std": 0.04636807397176766
      },
      "4.3980": {
            "mean": 89.41999971866608,
            "std": 0.18207085463668796
      },
      "3.5184": {
            "mean": 88.35749924182892,
            "std": 0.271327194666337
      },
      "2.8147": {
            "mean": 87.78499960899353,
            "std": 0.27004552492987277
      },
      "2.2518": {
            "mean": 86.49249970912933,
            "std": 0.2876096675969154
      },
      "1.8014": {
            "mean": 85.5100005865097,
            "std": 0.26143867953644795
      },
      "1.4412": {
            "mean": 83.83750021457672,
            "std": 0.3161785519660788
      },
      "1.1529": {
            "mean": 81.86499923467636,
            "std": 0.2839455400922359
      },
      "0.9223": {
            "mean": 80.16500025987625,
            "std": 0.6213498856743098
      },
      "0.7379": {
            "mean": 76.84000134468079,
            "std": 0.3416863863033321
      },
      "0.5903": {
            "mean": 73.56999963521957,
            "std": 0.7499992648771725
      },
      "0.4722": {
            "mean": 70.98000049591064,
            "std": 0.7223221105152366
      },
      "0.3778": {
            "mean": 66.34500026702881,
            "std": 1.3191748980106774
      }
}