{
      "64.0000": {
            "mean": 93.75000198682149,
            "std": 0.12355859564395733
      },
      "40.9600": {
            "mean": 93.72666676839192,
            "std": 0.14429901347329557
      },
      "26.2144": {
            "mean": 93.68666609128316,
            "std": 0.09030828658428029
      },
      "16.7772": {
            "mean": 93.53666504224141,
            "std": 0.16759755117190347
      },
      "10.7374": {
            "mean": 93.46333344777425,
            "std": 0.16213965881994408
      },
      "6.8719": {
            "mean": 93.23333303133647,
            "std": 0.12970237335602608
      },
      "4.3980": {
            "mean": 92.85666743914287,
            "std": 0.11897749392380316
      },
      "2.8147": {
            "mean": 92.54666566848755,
            "std": 0.08730579283529272
      },
      "1.8014": {
            "mean": 92.11666782697041,
            "std": 0.049216842706071164
      },
      "1.1529": {
            "mean": 91.15333557128906,
            "std": 0.14817416648956752
      },
      "0.7379": {
            "mean": 90.15666643778484,
            "std": 0.1126461990406837
      },
      "0.4722": {
            "mean": 35.43666650851568,
            "std": 35.972878547170104
      },
      "0.3022": {
            "mean": 10.000000149011612,
            "std": 0.0
      },
      "0.1934": {
            "mean": 10.000000149011612,
            "std": 0.0
      },
      "0.1238": {
            "mean": 10.000000149011612,
            "std": 0.0
      },
      "0.0792": {
            "mean": 10.000000149011612,
            "std": 0.0
      },
      "0.0507": {
            "mean": 10.000000149011612,
            "std": 0.0
      },
      "0.0325": {
            "mean": 10.000000149011612,
            "std": 0.0
      },
      "0.0208": {
            "mean": 10.000000149011612,
            "std": 0.0
      },
      "0.0133": {
            "mean": 10.000000149011612,
            "std": 0.0
      },
      "0.0085": {
            "mean": 10.000000149011612,
            "std": 0.0
      }
}