{
      "64.0000": {
            "mean": 89.50000007947285,
            "std": 0.3278216689174315
      },
      "40.9600": {
            "mean": 88.03666631380717,
            "std": 0.604280030027646
      },
      "26.2144": {
            "mean": 88.00666729609172,
            "std": 0.41507686963074225
      },
      "16.7772": {
            "mean": 87.73000041643779,
            "std": 0.7948601225408326
      },
      "10.7374": {
            "mean": 86.87666654586792,
            "std": 0.23921177234597865
      },
      "6.8719": {
            "mean": 86.24999920527141,
            "std": 0.6465795117416387
      },
      "4.3980": {
            "mean": 84.72999930381775,
            "std": 0.27796856096539063
      },
      "2.8147": {
            "mean": 82.66333341598511,
            "std": 0.8464165089497923
      },
      "1.8014": {
            "mean": 79.20333345731099,
            "std": 2.110015202469011
      },
      "1.1529": {
            "mean": 72.01000054677327,
            "std": 5.509774190461014
      },
      "0.7379": {
            "mean": 27.740000188350677,
            "std": 25.088148652132546
      },
      "0.4722": {
            "mean": 10.000000149011612,
            "std": 0.0
      },
      "0.3022": {
            "mean": 25.526667137940724,
            "std": 21.958023034194177
      },
      "0.1934": {
            "mean": 10.000000149011612,
            "std": 0.0
      },
      "0.1238": {
            "mean": 10.000000149011612,
            "std": 0.0
      },
      "0.0792": {
            "mean": 10.000000149011612,
            "std": 0.0
      },
      "0.0507": {
            "mean": 10.000000149011612,
            "std": 0.0
      },
      "0.0325": {
            "mean": 10.000000149011612,
            "std": 0.0
      },
      "0.0208": {
            "mean": 10.000000149011612,
            "std": 0.0
      },
      "0.0133": {
            "mean": 10.000000149011612,
            "std": 0.0
      },
      "0.0085": {
            "mean": 10.000000149011612,
            "std": 0.0
      }
}