{
      "64.0000": {
            "mean": 93.18000078201294,
            "std": 0.19026416033551677
      },
      "40.9600": {
            "mean": 93.06333263715108,
            "std": 0.18571227711126354
      },
      "26.2144": {
            "mean": 92.85666743914287,
            "std": 0.1869646809962488
      },
      "16.7772": {
            "mean": 92.76666641235352,
            "std": 0.07930348163609739
      },
      "10.7374": {
            "mean": 92.64666636784871,
            "std": 0.1596512241605577
      },
      "6.8719": {
            "mean": 92.41666595141093,
            "std": 0.2269106722675943
      },
      "4.3980": {
            "mean": 91.78666869799297,
            "std": 0.133000439403008
      },
      "2.8147": {
            "mean": 91.38333400090535,
            "std": 0.202868294408578
      },
      "1.8014": {
            "mean": 90.84333380063374,
            "std": 0.18732177577985543
      },
      "1.1529": {
            "mean": 90.10666608810425,
            "std": 0.07408708324478376
      },
      "0.7379": {
            "mean": 89.18999830881755,
            "std": 0.3131563621954344
      },
      "0.4722": {
            "mean": 87.8000020980835,
            "std": 0.05715451148995885
      },
      "0.3022": {
            "mean": 86.42666737238567,
            "std": 0.48609582036258
      },
      "0.1934": {
            "mean": 82.63000051180522,
            "std": 0.43151036807620774
      },
      "0.1238": {
            "mean": 75.01666744550069,
            "std": 2.8894449864177556
      },
      "0.0792": {
            "mean": 19.98999963204066,
            "std": 14.127992756999886
      },
      "0.0507": {
            "mean": 10.000000149011612,
            "std": 0.0
      },
      "0.0325": {
            "mean": 10.000000149011612,
            "std": 0.0
      },
      "0.0208": {
            "mean": 10.000000149011612,
            "std": 0.0
      },
      "0.0133": {
            "mean": 10.000000149011612,
            "std": 0.0
      },
      "0.0085": {
            "mean": 10.000000149011612,
            "std": 0.0
      }
}