{
      "64.0000": {
            "mean": 93.42000087102254,
            "std": 0.07070836285177655
      },
      "40.9600": {
            "mean": 93.55000058809917,
            "std": 0.06683202725527566
      },
      "26.2144": {
            "mean": 93.37333242098491,
            "std": 0.08178697160130831
      },
      "16.7772": {
            "mean": 93.21333169937134,
            "std": 0.04496922371853636
      },
      "10.7374": {
            "mean": 92.92333126068115,
            "std": 0.03771300004754798
      },
      "6.8719": {
            "mean": 92.45000084241231,
            "std": 0.15513511941716332
      },
      "4.3980": {
            "mean": 92.05000003178914,
            "std": 0.33256714097846335
      },
      "2.8147": {
            "mean": 91.64999922116597,
            "std": 0.06480804416801793
      },
      "1.8014": {
            "mean": 90.84333380063374,
            "std": 0.16819386947284384
      },
      "1.1529": {
            "mean": 90.00666737556458,
            "std": 0.11145646434497637
      },
      "0.7379": {
            "mean": 89.19333219528198,
            "std": 0.09177302877249054
      },
      "0.4722": {
            "mean": 87.68333196640015,
            "std": 0.1677946912071362
      },
      "0.3022": {
            "mean": 86.09666625658672,
            "std": 0.108730543402852
      },
      "0.1934": {
            "mean": 84.28666591644287,
            "std": 0.16357159486950057
      },
      "0.1238": {
            "mean": 81.65000081062317,
            "std": 0.03741800375686463
      },
      "0.0792": {
            "mean": 79.10000085830688,
            "std": 0.20116476288340931
      },
      "0.0507": {
            "mean": 76.09333197275798,
            "std": 0.22881353249959824
      },
      "0.0325": {
            "mean": 72.3200003306071,
            "std": 0.2969851589446478
      },
      "0.0208": {
            "mean": 67.52666632334392,
            "std": 0.8266144116112929
      },
      "0.0133": {
            "mean": 63.74666690826416,
            "std": 0.48992265614701985
      },
      "0.0085": {
            "mean": 58.02666743596395,
            "std": 0.9352474001625246
      }
}