{
    "64.0000": {
        "mean": 91.59666498502095,
        "std": 0.11085656996526858
    },
    "40.9600": {
        "mean": 90.97666541735332,
        "std": 0.18372695057533053
    },
    "26.2144": {
        "mean": 89.88666733105977,
        "std": 0.08956611989423867
    },
    "16.7772": {
        "mean": 88.83666594823201,
        "std": 0.08993918378800175
    },
    "10.7374": {
        "mean": 87.27333347002666,
        "std": 0.016996824617398962
    },
    "6.8719": {
        "mean": 85.71000099182129,
        "std": 0.15253236772187104
    },
    "4.3980": {
        "mean": 83.98999969164531,
        "std": 0.2887912390532304
    },
    "2.8147": {
        "mean": 81.87333345413208,
        "std": 0.32355672801182234
    },
    "1.8014": {
        "mean": 79.25999959309895,
        "std": 0.19950120685402273
    },
    "1.1529": {
        "mean": 74.14333422978719,
        "std": 0.3724987951195163
    },
    "0.7379": {
        "mean": 67.94666647911072,
        "std": 0.12119822067107917
    },
    "0.4722": {
        "mean": 59.93333458900452,
        "std": 0.910726831369481
    },
    "0.3022": {
        "mean": 42.540000875790916,
        "std": 4.1692282591604
    },
    "0.1934": {
        "mean": 35.070000092188515,
        "std": 5.089249849638628
    },
    "0.1238": {
        "mean": 28.47999930381775,
        "std": 0.2578113104904305
    },
    "0.0792": {
        "mean": 22.05999990304311,
        "std": 2.616613404274557
    }
}