{
    "64.0000": {
        "mean": 79.78000044822693,
        "std": 6.731676519549953
    },
    "40.9600": {
        "mean": 82.33000040054321,
        "std": 2.973315876127895
    },
    "26.2144": {
        "mean": 79.09666697184245,
        "std": 2.7005486142594535
    },
    "16.7772": {
        "mean": 80.95333377520244,
        "std": 2.31592232626462
    },
    "10.7374": {
        "mean": 79.85666592915852,
        "std": 1.6654205350223175
    },
    "6.8719": {
        "mean": 79.11000053087871,
        "std": 1.3134948005193061
    },
    "4.3980": {
        "mean": 78.12666694323222,
        "std": 0.25629771107469446
    },
    "2.8147": {
        "mean": 75.98333358764648,
        "std": 0.4860941581896457
    },
    "1.8014": {
        "mean": 72.52666751543681,
        "std": 0.20531818931097828
    },
    "1.1529": {
        "mean": 64.47333097457886,
        "std": 1.0229479665014758
    },
    "0.7379": {
        "mean": 55.84333340326945,
        "std": 2.091319749501134
    },
    "0.4722": {
        "mean": 47.5900004307429,
        "std": 1.743578503131874
    },
    "0.3022": {
        "mean": 28.25666715701421,
        "std": 5.970618761001397
    },
    "0.1934": {
        "mean": 21.556666493415833,
        "std": 2.8564116370451704
    },
    "0.1238": {
        "mean": 10.85000013311704,
        "std": 2.067671788036974
    },
    "0.0792": {
        "mean": 12.993333240350088,
        "std": 1.7233751043739682
    }
}