{
    "64.0000": {
        "mean": 91.77666703859965,
        "std": 0.2221599595562892
    },
    "40.9600": {
        "mean": 90.7966673374176,
        "std": 0.06650076745940413
    },
    "26.2144": {
        "mean": 89.88333543141682,
        "std": 0.1508491904002912
    },
    "16.7772": {
        "mean": 89.02666568756104,
        "std": 0.05734842015362884
    },
    "10.7374": {
        "mean": 87.28000124295552,
        "std": 0.20542807397881027
    },
    "6.8719": {
        "mean": 85.50999959309895,
        "std": 0.21181956944873612
    },
    "4.3980": {
        "mean": 82.81666835149129,
        "std": 0.2701016835100818
    },
    "2.8147": {
        "mean": 80.38666645685832,
        "std": 0.36462910078888605
    },
    "1.8014": {
        "mean": 77.01333363850911,
        "std": 0.1897963478781371
    },
    "1.1529": {
        "mean": 71.70333067576091,
        "std": 0.37932706870515265
    },
    "0.7379": {
        "mean": 65.73000152905782,
        "std": 0.05099125311197117
    },
    "0.4722": {
        "mean": 60.22999882698059,
        "std": 0.44549435463238485
    },
    "0.3022": {
        "mean": 54.073333740234375,
        "std": 1.0814887385805119
    },
    "0.1934": {
        "mean": 42.43000050385793,
        "std": 0.8235288305912486
    },
    "0.1238": {
        "mean": 33.39333335558573,
        "std": 1.4559376830466852
    },
    "0.0792": {
        "mean": 21.463333070278168,
        "std": 2.9586737716693485
    }
}