{
    "64.0000": {
        "mean": 56.086665391922,
        "std": 1.183251921187004
    },
    "40.9600": {
        "mean": 74.68333443005879,
        "std": 0.9027487675732355
    },
    "26.2144": {
        "mean": 72.76666561762492,
        "std": 0.2654968921388751
    },
    "16.7772": {
        "mean": 72.53666718800862,
        "std": 0.13597342789041872
    },
    "10.7374": {
        "mean": 70.9166665871938,
        "std": 0.29488247076752966
    },
    "6.8719": {
        "mean": 69.24999952316284,
        "std": 0.3963166637486167
    },
    "4.3980": {
        "mean": 67.94333457946777,
        "std": 0.5116196847740924
    },
    "2.8147": {
        "mean": 64.76666728655498,
        "std": 0.759226563748799
    },
    "1.8014": {
        "mean": 61.07666492462158,
        "std": 0.9718145193000784
    },
    "1.1529": {
        "mean": 58.093331257502236,
        "std": 1.130702453682047
    },
    "0.7379": {
        "mean": 50.99000036716461,
        "std": 0.8126908007081864
    },
    "0.4722": {
        "mean": 39.4566665093104,
        "std": 1.3814319339187828
    },
    "0.3022": {
        "mean": 25.239999095598858,
        "std": 1.1020281483920633
    },
    "0.1934": {
        "mean": 17.920000354448955,
        "std": 0.6773969479694346
    },
    "0.1238": {
        "mean": 14.653333524862925,
        "std": 2.114810550883381
    },
    "0.0792": {
        "mean": 12.646666665871939,
        "std": 3.4433735747588576
    }
}