{
    "64.0000": {
        "mean": 93.69666775067647,
        "std": 0.12256357581517792
    },
    "40.9600": {
        "mean": 91.63333376248677,
        "std": 0.14727163478889452
    },
    "26.2144": {
        "mean": 92.86333322525024,
        "std": 0.044970990985942955
    },
    "16.7772": {
        "mean": 92.64333446820577,
        "std": 0.0758651344014486
    },
    "10.7374": {
        "mean": 92.43666927019756,
        "std": 0.10530372057310557
    },
    "6.8719": {
        "mean": 91.52333339055379,
        "std": 0.19258483674763266
    },
    "4.3980": {
        "mean": 85.27000149091084,
        "std": 1.1225862852491209
    },
    "2.8147": {
        "mean": 55.84666654467583,
        "std": 32.419032638271815
    },
    "1.8014": {
        "mean": 55.54000064730644,
        "std": 32.24682763376575
    },
    "1.1529": {
        "mean": 57.163333147764206,
        "std": 33.857338213085185
    },
    "0.7379": {
        "mean": 88.05999954541524,
        "std": 0.21275843759032126
    },
    "0.4722": {
        "mean": 77.80333360036214,
        "std": 9.602641706226036
    },
    "0.3022": {
        "mean": 10.000000149011612,
        "std": 0.0
    },
    "0.1934": {
        "mean": 33.82666756709417,
        "std": 33.69599620880548
    },
    "0.1238": {
        "mean": 80.44999837875366,
        "std": 0.5217918598401102
    },
    "0.0792": {
        "mean": 76.6866664091746,
        "std": 0.43514960412377707
    },
    "0.0507": {
        "mean": 51.22333491841952,
        "std": 29.15066062789452
    },
    "0.0325": {
        "mean": 26.503333697716396,
        "std": 12.285683753782356
    },
    "0.0208": {
        "mean": 35.14333367347717,
        "std": 10.26357479998728
    },
    "0.0133": {
        "mean": 10.000000149011612,
        "std": 0.0
    },
    "0.0085": {
        "mean": 10.000000149011612,
        "std": 0.0
    }
}