{
    "64.0000": {
        "mean": 8.670000111063322,
        "std": 1.8201282251725208
    },
    "40.9600": {
        "mean": 10.259999831517538,
        "std": 0.830943350382227
    },
    "26.2144": {
        "mean": 10.100000103314718,
        "std": 1.2756958522336637
    },
    "16.7772": {
        "mean": 10.053333391745886,
        "std": 0.07542459520014559
    },
    "10.7374": {
        "mean": 11.206666628519693,
        "std": 0.983881128522319
    },
    "6.8719": {
        "mean": 9.996666759252548,
        "std": 0.004714125005943498
    },
    "4.3980": {
        "mean": 10.073333233594894,
        "std": 0.4419149069936126
    },
    "2.8147": {
        "mean": 10.113333413998285,
        "std": 0.17461082709372086
    },
    "1.8014": {
        "mean": 10.646666586399078,
        "std": 1.0812439406941416
    },
    "1.1529": {
        "mean": 10.059999922911325,
        "std": 0.10677084537930068
    },
    "0.7379": {
        "mean": 10.853333274523417,
        "std": 0.9595251594768218
    },
    "0.4722": {
        "mean": 9.763333449761072,
        "std": 0.33469725584218685
    },
    "0.3022": {
        "mean": 10.000000149011612,
        "std": 0.0
    },
    "0.1934": {
        "mean": 9.666666885217031,
        "std": 0.4714044224483852
    },
    "0.1238": {
        "mean": 10.543333242336908,
        "std": 1.115297735121314
    },
    "0.0792": {
        "mean": 9.730000048875809,
        "std": 0.38183780345414664
    },
    "0.0507": {
        "mean": 11.12333337465922,
        "std": 1.797597331008122
    },
    "0.0325": {
        "mean": 10.01999999086062,
        "std": 0.08286549658608842
    },
    "0.0208": {
        "mean": 9.973333279291788,
        "std": 0.09977769269395408
    },
    "0.0133": {
        "mean": 10.000000149011612,
        "std": 0.0
    },
    "0.0085": {
        "mean": 10.000000149011612,
        "std": 0.0
    }
}