{
    "64.0000": {
        "mean": 93.62000226974487,
        "std": 0.12832259236455035
    },
    "40.9600": {
        "mean": 93.71333320935567,
        "std": 0.030912692100266842
    },
    "26.2144": {
        "mean": 93.22666525840759,
        "std": 0.21914022312798837
    },
    "16.7772": {
        "mean": 93.33999951680501,
        "std": 0.04899062416129439
    },
    "10.7374": {
        "mean": 93.19999814033508,
        "std": 0.13638215891397998
    },
    "6.8719": {
        "mean": 92.71999994913737,
        "std": 0.08602528625708285
    },
    "4.3980": {
        "mean": 92.6200012365977,
        "std": 0.10801187408223153
    },
    "2.8147": {
        "mean": 92.39333470662434,
        "std": 0.1470450462261378
    },
    "1.8014": {
        "mean": 91.79333448410034,
        "std": 0.1515115723269391
    },
    "1.1529": {
        "mean": 91.59000118573506,
        "std": 0.16753208935118713
    },
    "0.7379": {
        "mean": 90.86333314577739,
        "std": 0.12970237335602608
    },
    "0.4722": {
        "mean": 90.05333383878072,
        "std": 0.09392767599055181
    },
    "0.3022": {
        "mean": 88.64333430926006,
        "std": 0.0946324247785585
    },
    "0.1934": {
        "mean": 86.90333366394043,
        "std": 0.1222929481915783
    },
    "0.1238": {
        "mean": 84.54666535059611,
        "std": 0.2614485668825361
    },
    "0.0792": {
        "mean": 79.95333274205525,
        "std": 0.8234227331585144
    },
    "0.0507": {
        "mean": 70.28999924659729,
        "std": 2.8627385882216085
    },
    "0.0325": {
        "mean": 52.34666665395101,
        "std": 3.888352564897888
    },
    "0.0208": {
        "mean": 27.7066670358181,
        "std": 12.580263361288347
    },
    "0.0133": {
        "mean": 15.57666709025701,
        "std": 7.8865980211469235
    },
    "0.0085": {
        "mean": 10.000000149011612,
        "std": 0.0
    }
}