{
    "64.0000": {
        "mean": 85.84333459536235,
        "std": 0.44319596870786404
    },
    "40.9600": {
        "mean": 85.72666645050049,
        "std": 0.2422590869028078
    },
    "26.2144": {
        "mean": 84.62666670481364,
        "std": 0.5583522327736862
    },
    "16.7772": {
        "mean": 85.52333513895671,
        "std": 0.2671253229288167
    },
    "10.7374": {
        "mean": 85.77666481335957,
        "std": 0.37007466585338394
    },
    "6.8719": {
        "mean": 85.76333324114482,
        "std": 0.35518575313524076
    },
    "4.3980": {
        "mean": 85.70000131924947,
        "std": 0.4043109608459066
    },
    "2.8147": {
        "mean": 85.53000092506409,
        "std": 0.4181710222951787
    },
    "1.8014": {
        "mean": 85.0166658560435,
        "std": 0.43645073611490803
    },
    "1.1529": {
        "mean": 84.16999975840251,
        "std": 0.43848050034657604
    },
    "0.7379": {
        "mean": 82.32333262761433,
        "std": 0.4406303462699135
    },
    "0.4722": {
        "mean": 79.24000024795532,
        "std": 0.5575528413759674
    },
    "0.3022": {
        "mean": 73.44666719436646,
        "std": 2.3157493878410027
    },
    "0.1934": {
        "mean": 61.08333269755045,
        "std": 2.306026608048991
    },
    "0.1238": {
        "mean": 36.793333292007446,
        "std": 7.396893169033923
    },
    "0.0792": {
        "mean": 25.936666131019592,
        "std": 2.4821535160917696
    },
    "0.0507": {
        "mean": 15.723333259423574,
        "std": 1.8890968344680195
    },
    "0.0325": {
        "mean": 12.526666869719824,
        "std": 0.566176221418675
    },
    "0.0208": {
        "mean": 11.426666875680288,
        "std": 1.082261136647237
    },
    "0.0133": {
        "mean": 10.503333310286203,
        "std": 0.697726508788799
    },
    "0.0085": {
        "mean": 10.000000149011612,
        "std": 0.0
    }
}