{
    "64.0000": {
        "mean": 85.33333539962769,
        "std": 4.457386225110535
    },
    "40.9600": {
        "mean": 86.6700013478597,
        "std": 4.355845928737462
    },
    "26.2144": {
        "mean": 85.43333411216736,
        "std": 4.452761453835391
    },
    "16.7772": {
        "mean": 87.74666786193848,
        "std": 0.9817441386228696
    },
    "10.7374": {
        "mean": 74.56666628519694,
        "std": 1.3968116654960243
    },
    "6.8719": {
        "mean": 75.06666779518127,
        "std": 12.534669486048315
    },
    "4.3980": {
        "mean": 69.28000052769978,
        "std": 9.793551060490026
    },
    "2.8147": {
        "mean": 61.360000570615135,
        "std": 10.465700839261839
    },
    "1.8014": {
        "mean": 70.91333270072937,
        "std": 0.46906581325797886
    },
    "1.1529": {
        "mean": 55.00666598478953,
        "std": 14.738733487767105
    },
    "0.7379": {
        "mean": 59.25999879837036,
        "std": 1.1455425013402305
    },
    "0.4722": {
        "mean": 22.04999973376592,
        "std": 17.04127283934971
    },
    "0.3022": {
        "mean": 38.45000068346659,
        "std": 8.750797884359253
    },
    "0.1934": {
        "mean": 20.89333360393842,
        "std": 7.926438267740304
    },
    "0.1238": {
        "mean": 23.936666299899418,
        "std": 9.872967207532891
    },
    "0.0792": {
        "mean": 23.96666705608368,
        "std": 5.950128279511503
    }
}