{
    "64.0000": {
        "mean": 12.373333175977072,
        "std": 2.538297816743177
    },
    "40.9600": {
        "mean": 85.89000105857849,
        "std": 0.11860322790180113
    },
    "26.2144": {
        "mean": 84.06666715939839,
        "std": 0.7615912481770966
    },
    "16.7772": {
        "mean": 33.73999993006388,
        "std": 31.63613501429058
    },
    "10.7374": {
        "mean": 79.84999815622966,
        "std": 0.8859267004433541
    },
    "6.8719": {
        "mean": 81.00666602452596,
        "std": 0.10208922971475054
    },
    "4.3980": {
        "mean": 37.33333398898443,
        "std": 32.12872100554929
    },
    "2.8147": {
        "mean": 78.2966673374176,
        "std": 3.5230126733166878
    },
    "1.8014": {
        "mean": 80.67999879519145,
        "std": 0.5444879677870376
    },
    "1.1529": {
        "mean": 73.27666878700256,
        "std": 4.044191510048046
    },
    "0.7379": {
        "mean": 76.69000029563904,
        "std": 1.5087954692005041
    },
    "0.4722": {
        "mean": 76.8233338991801,
        "std": 0.9455259189801952
    },
    "0.3022": {
        "mean": 76.77999933560689,
        "std": 0.7754984525935649
    },
    "0.1934": {
        "mean": 72.243332862854,
        "std": 0.35188333908422414
    },
    "0.1238": {
        "mean": 68.87666781743367,
        "std": 1.1413523654787745
    },
    "0.0792": {
        "mean": 61.76666617393494,
        "std": 0.7084881529134076
    },
    "0.0507": {
        "mean": 56.196667750676475,
        "std": 1.5173064416061401
    },
    "0.0325": {
        "mean": 50.94000001748403,
        "std": 0.9929077653790337
    },
    "0.0208": {
        "mean": 46.546665827433266,
        "std": 0.8300333146925865
    },
    "0.0133": {
        "mean": 35.363333423932396,
        "std": 0.8638024870514137
    },
    "0.0085": {
        "mean": 20.563332736492157,
        "std": 6.979404325898375
    }
}