{
    "64.0000": {
        "mean": 91.54000083605449,
        "std": 0.19252659832775848
    },
    "40.9600": {
        "mean": 90.89666604995728,
        "std": 0.08339816904709901
    },
    "26.2144": {
        "mean": 90.08333086967468,
        "std": 0.1697707432377226
    },
    "16.7772": {
        "mean": 89.02666767438252,
        "std": 0.16110721150817325
    },
    "10.7374": {
        "mean": 87.47000098228455,
        "std": 0.2864724157227604
    },
    "6.8719": {
        "mean": 85.92666586240132,
        "std": 0.09809212265958867
    },
    "4.3980": {
        "mean": 84.22999978065491,
        "std": 0.09798124828230088
    },
    "2.8147": {
        "mean": 82.38666653633118,
        "std": 0.2041783296638166
    },
    "1.8014": {
        "mean": 80.15000025431316,
        "std": 0.35562371449483304
    },
    "1.1529": {
        "mean": 77.40333278973897,
        "std": 0.3270406808443457
    },
    "0.7379": {
        "mean": 71.29999995231628,
        "std": 0.2434463188684461
    },
    "0.4722": {
        "mean": 64.05666669209798,
        "std": 0.5529531249651823
    },
    "0.3022": {
        "mean": 55.173333485921226,
        "std": 2.1351388949873873
    },
    "0.1934": {
        "mean": 47.559999426205955,
        "std": 0.7915810952437539
    },
    "0.1238": {
        "mean": 34.37999884287516,
        "std": 0.9651253438329219
    },
    "0.0792": {
        "mean": 23.26333274443944,
        "std": 2.834905160084391
    }
}