{
    "64.0000": {
        "mean": 78.4766674041748,
        "std": 0.4552177259493576
    },
    "40.9600": {
        "mean": 77.64666477839152,
        "std": 0.1869646809962488
    },
    "26.2144": {
        "mean": 77.88000106811523,
        "std": 0.572770348785014
    },
    "16.7772": {
        "mean": 77.67666776974995,
        "std": 0.3739266344588404
    },
    "10.7374": {
        "mean": 77.78666615486145,
        "std": 0.4514679625352895
    },
    "6.8719": {
        "mean": 77.82333493232727,
        "std": 0.2522343569157916
    },
    "4.3980": {
        "mean": 77.29000051816304,
        "std": 0.510488113243384
    },
    "2.8147": {
        "mean": 77.36666599909465,
        "std": 0.24634960701580466
    },
    "1.8014": {
        "mean": 76.06666684150696,
        "std": 0.31030351994697875
    },
    "1.1529": {
        "mean": 70.42666673660278,
        "std": 0.7901622291243261
    },
    "0.7379": {
        "mean": 61.216668287913,
        "std": 0.8246756008474845
    },
    "0.4722": {
        "mean": 47.3633329073588,
        "std": 2.0460422311044177
    },
    "0.3022": {
        "mean": 27.943333486715954,
        "std": 3.999811596156764
    },
    "0.1934": {
        "mean": 17.93999969959259,
        "std": 2.250644208470725
    },
    "0.1238": {
        "mean": 12.806666394074758,
        "std": 1.5934100714596717
    },
    "0.0792": {
        "mean": 11.766666918992996,
        "std": 2.275922287845286
    }
}