{
    "64.0000": {
        "mean": 93.46333344777425,
        "std": 0.053123683149730906
    },
    "40.9600": {
        "mean": 93.47333312034607,
        "std": 0.09741227098228504
    },
    "26.2144": {
        "mean": 92.96333193778992,
        "std": 0.2176135765162419
    },
    "16.7772": {
        "mean": 92.78666774431865,
        "std": 0.10338675103758162
    },
    "10.7374": {
        "mean": 92.64333248138428,
        "std": 0.06798807771150506
    },
    "6.8719": {
        "mean": 92.7733341852824,
        "std": 0.016996824617398962
    },
    "4.3980": {
        "mean": 92.47333407402039,
        "std": 0.1948210745839936
    },
    "2.8147": {
        "mean": 92.13666717211406,
        "std": 0.10338675103758162
    },
    "1.8014": {
        "mean": 91.45666758219402,
        "std": 0.12970089257512082
    },
    "1.1529": {
        "mean": 90.96999963124593,
        "std": 0.23280856573121309
    },
    "0.7379": {
        "mean": 90.41333397229512,
        "std": 0.0410980782400672
    },
    "0.4722": {
        "mean": 89.39333359400432,
        "std": 0.0946324247785585
    },
    "0.3022": {
        "mean": 88.42666745185852,
        "std": 0.04496922371853636
    },
    "0.1934": {
        "mean": 86.94000045458476,
        "std": 0.2491326537492246
    },
    "0.1238": {
        "mean": 85.08333365122478,
        "std": 0.29847840002023396
    },
    "0.0792": {
        "mean": 82.20999836921692,
        "std": 0.27652554057316797
    },
    "0.0507": {
        "mean": 78.09999982515971,
        "std": 0.6818100765671287
    },
    "0.0325": {
        "mean": 74.40000176429749,
        "std": 0.6375477830520976
    },
    "0.0208": {
        "mean": 69.5200006167094,
        "std": 0.5025938961694593
    },
    "0.0133": {
        "mean": 65.03333449363708,
        "std": 0.5528896090815509
    },
    "0.0085": {
        "mean": 60.15666723251343,
        "std": 0.9149262425555368
    }
}