{
    "64.0000": {
        "mean": 85.43999989827473,
        "std": 0.4673331161741356
    },
    "40.9600": {
        "mean": 86.29666765530904,
        "std": 0.23156356915460924
    },
    "26.2144": {
        "mean": 85.10000109672546,
        "std": 0.25729251799137226
    },
    "16.7772": {
        "mean": 86.19666695594788,
        "std": 0.10624985960325024
    },
    "10.7374": {
        "mean": 86.19333505630493,
        "std": 0.14704536149630526
    },
    "6.8719": {
        "mean": 85.97333232561748,
        "std": 0.05557686713509598
    },
    "4.3980": {
        "mean": 85.7966661453247,
        "std": 0.061281517734839926
    },
    "2.8147": {
        "mean": 85.66666642824809,
        "std": 0.10873127432845378
    },
    "1.8014": {
        "mean": 85.36666631698608,
        "std": 0.1271059546131383
    },
    "1.1529": {
        "mean": 85.20999948183696,
        "std": 0.17907010704852974
    },
    "0.7379": {
        "mean": 84.31666692097981,
        "std": 0.32013815460603656
    },
    "0.4722": {
        "mean": 83.55000019073486,
        "std": 0.21771649515894628
    },
    "0.3022": {
        "mean": 83.11999837557475,
        "std": 0.2054252691867159
    },
    "0.1934": {
        "mean": 81.67666594187419,
        "std": 0.2295406955532004
    },
    "0.1238": {
        "mean": 79.99666730562846,
        "std": 0.47863132904152317
    },
    "0.0792": {
        "mean": 75.92666745185852,
        "std": 0.539156867110927
    },
    "0.0507": {
        "mean": 68.77333323160808,
        "std": 0.8923892918322031
    },
    "0.0325": {
        "mean": 63.163334131240845,
        "std": 0.48361923926128947
    },
    "0.0208": {
        "mean": 54.96333440144857,
        "std": 2.185502154268496
    },
    "0.0133": {
        "mean": 48.303332924842834,
        "std": 0.34315432834241333
    },
    "0.0085": {
        "mean": 43.13333332538605,
        "std": 2.0165365168505156
    }
}