{
    "64.0000": {
        "mean": 91.60666664441426,
        "std": 0.2156114341463328
    },
    "40.9600": {
        "mean": 90.64666628837585,
        "std": 0.07930348163609739
    },
    "26.2144": {
        "mean": 89.9233341217041,
        "std": 0.3272440070197651
    },
    "16.7772": {
        "mean": 88.58333428700765,
        "std": 0.1470450462261378
    },
    "10.7374": {
        "mean": 86.79666519165039,
        "std": 0.24997787538889643
    },
    "6.8719": {
        "mean": 84.96999939282735,
        "std": 0.29877611277780186
    },
    "4.3980": {
        "mean": 81.6700001557668,
        "std": 0.20607622136143217
    },
    "2.8147": {
        "mean": 77.57333318392436,
        "std": 0.8394560584334289
    },
    "1.8014": {
        "mean": 74.1433322429657,
        "std": 0.14817416648956752
    },
    "1.1529": {
        "mean": 66.77000125249226,
        "std": 1.5740393506585382
    },
    "0.7379": {
        "mean": 62.940001487731934,
        "std": 0.4605073631105816
    },
    "0.4722": {
        "mean": 55.97333312034607,
        "std": 2.471793154226022
    },
    "0.3022": {
        "mean": 43.443334102630615,
        "std": 1.6996535685483403
    },
    "0.1934": {
        "mean": 36.66999936103821,
        "std": 3.514512198855389
    },
    "0.1238": {
        "mean": 28.04333319266637,
        "std": 3.897403461424919
    },
    "0.0792": {
        "mean": 22.250000139077503,
        "std": 1.9204341518439085
    }
}