{
    "64.0000": {
        "mean": 8.543333411216736,
        "std": 5.17664210438249
    },
    "40.9600": {
        "mean": 4.67999999721845,
        "std": 0.831544771245594
    },
    "26.2144": {
        "mean": 3.7266666690508523,
        "std": 1.15937724373616
    },
    "16.7772": {
        "mean": 3.7700001150369644,
        "std": 0.41737268658192034
    },
    "10.7374": {
        "mean": 4.323333253463109,
        "std": 0.4584272726025189
    },
    "6.8719": {
        "mean": 7.063333193461101,
        "std": 3.901472416980139
    },
    "4.3980": {
        "mean": 7.986666634678841,
        "std": 3.3920721918587495
    },
    "2.8147": {
        "mean": 5.406666547060013,
        "std": 1.038471043461719
    },
    "1.8014": {
        "mean": 15.266666313012442,
        "std": 1.333525048585289
    },
    "1.1529": {
        "mean": 9.643333653608957,
        "std": 4.339227038862722
    },
    "0.7379": {
        "mean": 5.290000016490619,
        "std": 1.330964501527919
    },
    "0.4722": {
        "mean": 10.373333220680555,
        "std": 4.333476826221352
    },
    "0.3022": {
        "mean": 6.420000145832698,
        "std": 1.2141115175823025
    },
    "0.1934": {
        "mean": 10.903333624204,
        "std": 2.1621031971263864
    },
    "0.1238": {
        "mean": 8.560000111659368,
        "std": 2.1925784409536
    },
    "0.0792": {
        "mean": 12.060000002384186,
        "std": 1.435479074766822
    }
}