{
    "64.0000": {
        "mean": 91.30000074704488,
        "std": 0.22730359818996662
    },
    "40.9600": {
        "mean": 90.80666700998943,
        "std": 0.21359229240826524
    },
    "26.2144": {
        "mean": 89.96333479881287,
        "std": 0.11440540588920904
    },
    "16.7772": {
        "mean": 88.67000142733256,
        "std": 0.2736168876564262
    },
    "10.7374": {
        "mean": 86.59333189328511,
        "std": 0.18553114231446863
    },
    "6.8719": {
        "mean": 84.58666602770488,
        "std": 0.016994876418840076
    },
    "4.3980": {
        "mean": 82.11666742960612,
        "std": 0.20949642525822834
    },
    "2.8147": {
        "mean": 78.9466659228007,
        "std": 0.36298270832532303
    },
    "1.8014": {
        "mean": 74.18333490689595,
        "std": 0.8365147463353134
    },
    "1.1529": {
        "mean": 68.20333202679952,
        "std": 0.28963445857412673
    },
    "0.7379": {
        "mean": 63.46666614214579,
        "std": 0.4981520849462279
    },
    "0.4722": {
        "mean": 57.516668240229286,
        "std": 0.9335360898084462
    },
    "0.3022": {
        "mean": 49.693334102630615,
        "std": 0.4880125075985401
    },
    "0.1934": {
        "mean": 40.79333345095316,
        "std": 2.179455038026304
    },
    "0.1238": {
        "mean": 34.766667087872825,
        "std": 1.7422274842380105
    },
    "0.0792": {
        "mean": 27.719999353090923,
        "std": 2.160848793803758
    }
}