{
    "64.0000": {
        "mean": 10.00333329041799,
        "std": 0.020548072203593684
    },
    "40.9600": {
        "mean": 9.803333381811777,
        "std": 1.2026728012976904
    },
    "26.2144": {
        "mean": 10.330000023047129,
        "std": 0.35336466666436134
    },
    "16.7772": {
        "mean": 10.746666540702185,
        "std": 0.7835956051602734
    },
    "10.7374": {
        "mean": 9.206666549046835,
        "std": 0.7587855729411297
    },
    "6.8719": {
        "mean": 9.256666650374731,
        "std": 1.03708994012069
    },
    "4.3980": {
        "mean": 10.399999966224035,
        "std": 1.230799364482364
    },
    "2.8147": {
        "mean": 10.156666735808054,
        "std": 0.23976841897573523
    },
    "1.8014": {
        "mean": 9.993333369493484,
        "std": 0.009428250011886996
    },
    "1.1529": {
        "mean": 10.426666587591171,
        "std": 0.7436992772452863
    },
    "0.7379": {
        "mean": 10.88000014424324,
        "std": 1.033085964232354
    },
    "0.4722": {
        "mean": 10.00333329041799,
        "std": 0.012472070540290023
    },
    "0.3022": {
        "mean": 10.530000180006027,
        "std": 0.7495332318904628
    },
    "0.1934": {
        "mean": 9.636666625738144,
        "std": 0.5567963167407016
    },
    "0.1238": {
        "mean": 8.950000007947287,
        "std": 0.7710166895945159
    },
    "0.0792": {
        "mean": 10.01999999086062,
        "std": 0.028284047588185802
    }
}