{
    "64.0000": {
        "mean": 91.55666629473369,
        "std": 0.10530372057310557
    },
    "40.9600": {
        "mean": 87.84666657447815,
        "std": 4.315262600717402
    },
    "26.2144": {
        "mean": 86.87333464622498,
        "std": 4.379355983001889
    },
    "16.7772": {
        "mean": 88.75666658083598,
        "std": 0.18116719327670963
    },
    "10.7374": {
        "mean": 87.09999918937683,
        "std": 0.14988800488751278
    },
    "6.8719": {
        "mean": 85.2833350499471,
        "std": 0.13199289107991563
    },
    "4.3980": {
        "mean": 75.01666744550069,
        "std": 10.809356046488224
    },
    "2.8147": {
        "mean": 78.63333225250244,
        "std": 0.7756858364817342
    },
    "1.8014": {
        "mean": 67.2600011030833,
        "std": 7.644007625847399
    },
    "1.1529": {
        "mean": 65.39000074068706,
        "std": 1.63843276479302
    },
    "0.7379": {
        "mean": 50.28000076611837,
        "std": 14.612153404319752
    },
    "0.4722": {
        "mean": 45.566667119661965,
        "std": 6.705069246644946
    },
    "0.3022": {
        "mean": 26.15000009536743,
        "std": 4.2738037989652256
    },
    "0.1934": {
        "mean": 19.750000536441803,
        "std": 4.052562954808027
    },
    "0.1238": {
        "mean": 10.000000149011612,
        "std": 0.0
    },
    "0.0792": {
        "mean": 10.000000149011612,
        "std": 0.0
    }
}