{
    "64.0000": {
        "mean": 9.19666662812233,
        "std": 2.038403473416284
    },
    "40.9600": {
        "mean": 9.133333216110865,
        "std": 0.8878564192648213
    },
    "26.2144": {
        "mean": 7.243333508570989,
        "std": 1.3977681920841578
    },
    "16.7772": {
        "mean": 9.890000025431315,
        "std": 0.3875565036575886
    },
    "10.7374": {
        "mean": 10.066666702429453,
        "std": 0.05249358052204969
    },
    "6.8719": {
        "mean": 10.943333059549332,
        "std": 1.5368869880294196
    },
    "4.3980": {
        "mean": 10.026666770378748,
        "std": 0.3842161772469412
    },
    "2.8147": {
        "mean": 9.500000129143396,
        "std": 1.0262877049878403
    },
    "1.8014": {
        "mean": 10.013333211342493,
        "std": 0.03399335697260468
    },
    "1.1529": {
        "mean": 9.709999958674112,
        "std": 0.43871045081085264
    },
    "0.7379": {
        "mean": 9.723333517710367,
        "std": 0.6623359889458973
    },
    "0.4722": {
        "mean": 9.999999900658926,
        "std": 0.021602604746942696
    },
    "0.3022": {
        "mean": 8.340000112851461,
        "std": 1.2401074743546059
    },
    "0.1934": {
        "mean": 9.109999984502792,
        "std": 0.6654823953758731
    },
    "0.1238": {
        "mean": 10.000000149011612,
        "std": 0.0
    },
    "0.0792": {
        "mean": 10.000000149011612,
        "std": 0.0
    }
}