{
    "64.0000": {
        "mean": 91.73333446184795,
        "std": 0.12037139800255936
    },
    "40.9600": {
        "mean": 90.76333244641621,
        "std": 0.08576417266379076
    },
    "26.2144": {
        "mean": 89.85666632652283,
        "std": 0.15173096715673384
    },
    "16.7772": {
        "mean": 88.46333424250285,
        "std": 0.08259641889565368
    },
    "10.7374": {
        "mean": 86.36333346366882,
        "std": 0.17913497562944217
    },
    "6.8719": {
        "mean": 84.5633327960968,
        "std": 0.25849898034508695
    },
    "4.3980": {
        "mean": 81.28999869028728,
        "std": 0.8208939218645123
    },
    "2.8147": {
        "mean": 78.86333266894023,
        "std": 0.8996425976196638
    },
    "1.8014": {
        "mean": 74.09999966621399,
        "std": 0.7435057726047353
    },
    "1.1529": {
        "mean": 67.76333451271057,
        "std": 0.9583425451864653
    },
    "0.7379": {
        "mean": 60.67999998728434,
        "std": 1.3141020336887104
    },
    "0.4722": {
        "mean": 54.9833337465922,
        "std": 2.199791643680453
    },
    "0.3022": {
        "mean": 41.71999990940094,
        "std": 5.152364863212709
    },
    "0.1934": {
        "mean": 36.1433337132136,
        "std": 2.7827357875183423
    },
    "0.1238": {
        "mean": 28.03333302338918,
        "std": 2.047897923016204
    },
    "0.0792": {
        "mean": 25.523332754770916,
        "std": 1.8529314294147994
    }
}