{
    "64.0000": {
        "mean": 11.763333032528559,
        "std": 1.2291008225030644
    },
    "40.9600": {
        "mean": 9.303333486119906,
        "std": 5.933264233550015
    },
    "26.2144": {
        "mean": 3.993333379427592,
        "std": 1.5365401927292615
    },
    "16.7772": {
        "mean": 2.6333333303531012,
        "std": 0.6633417694220922
    },
    "10.7374": {
        "mean": 7.78999999165535,
        "std": 2.3229435313263695
    },
    "6.8719": {
        "mean": 7.470000038544337,
        "std": 3.323762992832543
    },
    "4.3980": {
        "mean": 5.193333327770233,
        "std": 1.680562009306761
    },
    "2.8147": {
        "mean": 7.71666665871938,
        "std": 1.629914781033614
    },
    "1.8014": {
        "mean": 8.1366665661335,
        "std": 1.4014833795883934
    },
    "1.1529": {
        "mean": 7.173333317041397,
        "std": 2.1002593449299196
    },
    "0.7379": {
        "mean": 7.496666784087817,
        "std": 1.6846233327670874
    },
    "0.4722": {
        "mean": 9.963333110014597,
        "std": 0.23299974770457432
    },
    "0.3022": {
        "mean": 9.44333349665006,
        "std": 1.3839636622574236
    },
    "0.1934": {
        "mean": 8.593333512544632,
        "std": 1.1242282731241557
    },
    "0.1238": {
        "mean": 8.173333356777826,
        "std": 1.8026154427545413
    },
    "0.0792": {
        "mean": 9.213333328564962,
        "std": 1.4949324304661094
    }
}