{
    "64.0000": {
        "mean": 93.75999967257182,
        "std": 0.15513242992742893
    },
    "40.9600": {
        "mean": 93.59666506449382,
        "std": 0.17326838707646433
    },
    "26.2144": {
        "mean": 93.28333536783855,
        "std": 0.09568490273539361
    },
    "16.7772": {
        "mean": 93.26666593551636,
        "std": 0.1724998128997875
    },
    "10.7374": {
        "mean": 92.81333287556966,
        "std": 0.12229094447371547
    },
    "6.8719": {
        "mean": 92.43666728337605,
        "std": 0.18263408212783974
    },
    "4.3980": {
        "mean": 91.99000000953674,
        "std": 0.029439363804672446
    },
    "2.8147": {
        "mean": 91.4900004863739,
        "std": 0.200664797568756
    },
    "1.8014": {
        "mean": 91.18333061536153,
        "std": 0.15584903943894365
    },
    "1.1529": {
        "mean": 90.52999814351399,
        "std": 0.08831741645812893
    },
    "0.7379": {
        "mean": 89.61666623751323,
        "std": 0.1144081266114656
    },
    "0.4722": {
        "mean": 88.1933331489563,
        "std": 0.3626141053072361
    },
    "0.3022": {
        "mean": 86.56333287556966,
        "std": 0.22170931642995104
    },
    "0.1934": {
        "mean": 84.49333310127258,
        "std": 0.25249971228460555
    },
    "0.1238": {
        "mean": 81.22000098228455,
        "std": 0.6362901964984939
    },
    "0.0792": {
        "mean": 71.89333438873291,
        "std": 3.670625097617669
    },
    "0.0507": {
        "mean": 35.30000075697899,
        "std": 22.518585465486826
    },
    "0.0325": {
        "mean": 10.000000149011612,
        "std": 0.0
    },
    "0.0208": {
        "mean": 10.000000149011612,
        "std": 0.0
    },
    "0.0133": {
        "mean": 10.000000149011612,
        "std": 0.0
    },
    "0.0085": {
        "mean": 10.000000149011612,
        "std": 0.0
    }
}