{
    "64.0000": {
        "mean": 10.346666723489761,
        "std": 0.6577907844235358
    },
    "40.9600": {
        "mean": 9.246666729450226,
        "std": 1.2643138185550427
    },
    "26.2144": {
        "mean": 9.783333291610083,
        "std": 1.3395854989326608
    },
    "16.7772": {
        "mean": 10.799999783436457,
        "std": 1.672981246101616
    },
    "10.7374": {
        "mean": 9.573333462079367,
        "std": 0.5657637896380642
    },
    "6.8719": {
        "mean": 11.50666649142901,
        "std": 1.8264050225577186
    },
    "4.3980": {
        "mean": 11.146666606267294,
        "std": 1.7646973202703053
    },
    "2.8147": {
        "mean": 10.28666670123736,
        "std": 0.5910633015699089
    },
    "1.8014": {
        "mean": 11.059999962647757,
        "std": 1.4059160423266637
    },
    "1.1529": {
        "mean": 9.363333384195963,
        "std": 1.6925194952352576
    },
    "0.7379": {
        "mean": 8.536666755874952,
        "std": 1.8974428108295862
    },
    "0.4722": {
        "mean": 12.183333188295364,
        "std": 0.8124991771808967
    },
    "0.3022": {
        "mean": 9.99333324531714,
        "std": 3.5133301106112693
    },
    "0.1934": {
        "mean": 9.969999889532724,
        "std": 1.389388468332898
    },
    "0.1238": {
        "mean": 10.393333435058594,
        "std": 0.8656534217930554
    },
    "0.0792": {
        "mean": 10.196666667858759,
        "std": 0.9210985296195998
    },
    "0.0507": {
        "mean": 9.843333313862482,
        "std": 0.22156036304196847
    },
    "0.0325": {
        "mean": 10.000000149011612,
        "std": 0.0
    },
    "0.0208": {
        "mean": 10.000000149011612,
        "std": 0.0
    },
    "0.0133": {
        "mean": 10.000000149011612,
        "std": 0.0
    },
    "0.0085": {
        "mean": 10.000000149011612,
        "std": 0.0
    }
}