{
    "64.0000": {
        "mean": 91.61999821662903,
        "std": 0.146969439074018
    },
    "40.9600": {
        "mean": 90.98999897638957,
        "std": 0.09797881494293978
    },
    "26.2144": {
        "mean": 89.89666700363159,
        "std": 0.2798027384474882
    },
    "16.7772": {
        "mean": 88.91000151634216,
        "std": 0.09933077742932472
    },
    "10.7374": {
        "mean": 87.41000096003215,
        "std": 0.1157573249379648
    },
    "6.8719": {
        "mean": 85.3333334128062,
        "std": 0.5684077612799955
    },
    "4.3980": {
        "mean": 82.41333365440369,
        "std": 0.7261908316456221
    },
    "2.8147": {
        "mean": 78.98666659990947,
        "std": 0.531183598240982
    },
    "1.8014": {
        "mean": 69.60666577021281,
        "std": 1.6568311694233444
    },
    "1.1529": {
        "mean": 55.19333283106486,
        "std": 8.59314703205495
    },
    "0.7379": {
        "mean": 50.183334946632385,
        "std": 13.213716493008224
    },
    "0.4722": {
        "mean": 43.50666701793671,
        "std": 11.596839965277345
    },
    "0.3022": {
        "mean": 15.193333725134531,
        "std": 7.344482777280599
    },
    "0.1934": {
        "mean": 12.81666656335195,
        "std": 3.9833678438409006
    },
    "0.1238": {
        "mean": 12.723333636919657,
        "std": 3.851375153464383
    },
    "0.0792": {
        "mean": 10.000000149011612,
        "std": 0.0
    }
}