{
    "64.0000": {
        "mean": 10.580000032981237,
        "std": 0.6906999254046899
    },
    "40.9600": {
        "mean": 10.576666643222174,
        "std": 0.5741273760559532
    },
    "26.2144": {
        "mean": 10.446666677792868,
        "std": 0.386637747432709
    },
    "16.7772": {
        "mean": 9.880000104506811,
        "std": 0.2264214078201091
    },
    "10.7374": {
        "mean": 9.556666761636734,
        "std": 0.8826223830020319
    },
    "6.8719": {
        "mean": 10.333333164453506,
        "std": 0.7778745629413718
    },
    "4.3980": {
        "mean": 10.000000149011612,
        "std": 0.0
    },
    "2.8147": {
        "mean": 10.186666746934256,
        "std": 0.3073905528559106
    },
    "1.8014": {
        "mean": 9.640000263849894,
        "std": 1.2989225806929705
    },
    "1.1529": {
        "mean": 9.970000137885412,
        "std": 0.04242642260601629
    },
    "0.7379": {
        "mean": 10.260000079870224,
        "std": 0.37478885209937784
    },
    "0.4722": {
        "mean": 10.513333479563395,
        "std": 1.907045380784439
    },
    "0.3022": {
        "mean": 10.000000149011612,
        "std": 0.0
    },
    "0.1934": {
        "mean": 9.050000210603079,
        "std": 1.3435027971509532
    },
    "0.1238": {
        "mean": 9.573333462079367,
        "std": 0.6033978152723776
    },
    "0.0792": {
        "mean": 10.000000149011612,
        "std": 0.0
    }
}