{
    "64.0000": {
        "mean": 91.57333374023438,
        "std": 0.06650076745940413
    },
    "40.9600": {
        "mean": 90.94000061353047,
        "std": 0.12355859564395733
    },
    "26.2144": {
        "mean": 89.6666665871938,
        "std": 0.2548635778595869
    },
    "16.7772": {
        "mean": 88.34333419799805,
        "std": 0.059066639758268376
    },
    "10.7374": {
        "mean": 86.33333444595337,
        "std": 0.1948210745839936
    },
    "6.8719": {
        "mean": 83.61666599909465,
        "std": 0.21202738956046738
    },
    "4.3980": {
        "mean": 81.07999960581462,
        "std": 0.25311457470902615
    },
    "2.8147": {
        "mean": 76.41333142916362,
        "std": 0.8148762594185939
    },
    "1.8014": {
        "mean": 67.71666804949443,
        "std": 0.968308293614917
    },
    "1.1529": {
        "mean": 59.11333163579305,
        "std": 4.223635213302704
    },
    "0.7379": {
        "mean": 54.346666733423866,
        "std": 3.457092277439264
    },
    "0.4722": {
        "mean": 45.23666799068451,
        "std": 6.202108996074985
    },
    "0.3022": {
        "mean": 31.066667040189106,
        "std": 5.530836779536975
    },
    "0.1934": {
        "mean": 30.246666073799133,
        "std": 2.184633439793184
    },
    "0.1238": {
        "mean": 19.913333654403687,
        "std": 2.4979234919302384
    },
    "0.0792": {
        "mean": 14.65999980767568,
        "std": 6.170834334441873
    }
}