{
    "64.0000": {
        "mean": 10.556666553020477,
        "std": 0.9598727956550859
    },
    "40.9600": {
        "mean": 10.320000102122625,
        "std": 2.442498742833395
    },
    "26.2144": {
        "mean": 8.896666516860327,
        "std": 1.8859892999108556
    },
    "16.7772": {
        "mean": 8.330000191926956,
        "std": 1.4798874040706782
    },
    "10.7374": {
        "mean": 10.56333358089129,
        "std": 2.0258388166544417
    },
    "6.8719": {
        "mean": 9.243333339691162,
        "std": 1.3130710073496181
    },
    "4.3980": {
        "mean": 9.030000120401382,
        "std": 0.8195525662074925
    },
    "2.8147": {
        "mean": 10.6133334338665,
        "std": 1.7788073350176268
    },
    "1.8014": {
        "mean": 10.959999759991964,
        "std": 0.6280658680742065
    },
    "1.1529": {
        "mean": 9.613333145777384,
        "std": 0.9907683990612539
    },
    "0.7379": {
        "mean": 5.6566668053468065,
        "std": 0.9631314689040275
    },
    "0.4722": {
        "mean": 9.0399997929732,
        "std": 0.32567883897596916
    },
    "0.3022": {
        "mean": 8.900000154972076,
        "std": 1.555634910181035
    },
    "0.1934": {
        "mean": 9.549999982118607,
        "std": 1.018626639099544
    },
    "0.1238": {
        "mean": 7.863333448767662,
        "std": 1.6542134956069914
    },
    "0.0792": {
        "mean": 10.263333221276602,
        "std": 1.0736334198929798
    }
}