{
    "64.0000": {
        "mean": 91.63333376248677,
        "std": 0.0410980782400672
    },
    "40.9600": {
        "mean": 90.61333537101746,
        "std": 0.09741145512472413
    },
    "26.2144": {
        "mean": 89.73333239555359,
        "std": 0.2522343569157916
    },
    "16.7772": {
        "mean": 88.04333209991455,
        "std": 0.18926659912193292
    },
    "10.7374": {
        "mean": 85.96666653951009,
        "std": 0.2156114341463328
    },
    "6.8719": {
        "mean": 83.61666599909465,
        "std": 0.055578773751904884
    },
    "4.3980": {
        "mean": 81.30000034968059,
        "std": 0.403237742428603
    },
    "2.8147": {
        "mean": 76.4033317565918,
        "std": 0.5169365736763276
    },
    "1.8014": {
        "mean": 68.89666716257732,
        "std": 0.8504636665752497
    },
    "1.1529": {
        "mean": 58.859998981157936,
        "std": 6.441014510457861
    },
    "0.7379": {
        "mean": 56.70999884605408,
        "std": 2.968646268747586
    },
    "0.4722": {
        "mean": 45.11000116666158,
        "std": 5.2303409636009945
    },
    "0.3022": {
        "mean": 27.423333128293354,
        "std": 4.154430072808983
    },
    "0.1934": {
        "mean": 24.756666521231335,
        "std": 7.839558697581998
    },
    "0.1238": {
        "mean": 22.08666702111562,
        "std": 6.837525542823496
    },
    "0.0792": {
        "mean": 18.92666667699814,
        "std": 3.57674235545894
    }
}