{
    "64.0000": {
        "mean": 8.886666595935822,
        "std": 1.3686326875778065
    },
    "40.9600": {
        "mean": 9.003333250681559,
        "std": 2.0437599905296837
    },
    "26.2144": {
        "mean": 9.279999881982803,
        "std": 1.9341318927725117
    },
    "16.7772": {
        "mean": 11.206666628519693,
        "std": 1.975606869301248
    },
    "10.7374": {
        "mean": 10.866666585206985,
        "std": 0.8205821904762873
    },
    "6.8719": {
        "mean": 9.92999995748202,
        "std": 2.2748331862746247
    },
    "4.3980": {
        "mean": 8.28000009059906,
        "std": 1.7167412203954198
    },
    "2.8147": {
        "mean": 11.093333115180334,
        "std": 0.9445398467536625
    },
    "1.8014": {
        "mean": 8.463333422938982,
        "std": 2.683335506308514
    },
    "1.1529": {
        "mean": 8.88000006477038,
        "std": 0.9625315106753732
    },
    "0.7379": {
        "mean": 7.123333464066188,
        "std": 2.1513459700540376
    },
    "0.4722": {
        "mean": 9.210000187158585,
        "std": 1.117228660326779
    },
    "0.3022": {
        "mean": 10.04333347082138,
        "std": 0.041899466824211896
    },
    "0.1934": {
        "mean": 10.106666634480158,
        "std": 0.20237486942278216
    },
    "0.1238": {
        "mean": 9.920000036557516,
        "std": 0.11313724402395597
    },
    "0.0792": {
        "mean": 10.939999918142954,
        "std": 2.271313778062805
    }
}