{
    "64.0000": {
        "mean": 93.53999892870586,
        "std": 0.14764824050701933
    },
    "40.9600": {
        "mean": 93.44333211580913,
        "std": 0.18785288414269405
    },
    "26.2144": {
        "mean": 93.18666656812032,
        "std": 0.14429901347329557
    },
    "16.7772": {
        "mean": 93.19666624069214,
        "std": 0.14337139674406132
    },
    "10.7374": {
        "mean": 92.83666809399922,
        "std": 0.13597342789041872
    },
    "6.8719": {
        "mean": 92.06666747728984,
        "std": 0.32601859297091684
    },
    "4.3980": {
        "mean": 91.50000214576721,
        "std": 0.12832259236455035
    },
    "2.8147": {
        "mean": 91.18000070254008,
        "std": 0.18055616165640997
    },
    "1.8014": {
        "mean": 90.72999954223633,
        "std": 0.1104525119135513
    },
    "1.1529": {
        "mean": 90.22666613260905,
        "std": 0.08956486287555054
    },
    "0.7379": {
        "mean": 89.35333291689555,
        "std": 0.32724335940675764
    },
    "0.4722": {
        "mean": 88.06000153223674,
        "std": 0.15577668505652842
    },
    "0.3022": {
        "mean": 86.72000169754028,
        "std": 0.21400976536719266
    },
    "0.1934": {
        "mean": 84.34999982515971,
        "std": 0.13952165629007884
    },
    "0.1238": {
        "mean": 81.48666620254517,
        "std": 0.4798850611785193
    },
    "0.0792": {
        "mean": 74.24999872843425,
        "std": 1.4249456627959451
    },
    "0.0507": {
        "mean": 36.68999895453453,
        "std": 20.944890358597426
    },
    "0.0325": {
        "mean": 22.646667063236237,
        "std": 17.88508786891156
    },
    "0.0208": {
        "mean": 10.000000149011612,
        "std": 0.0
    },
    "0.0133": {
        "mean": 10.000000149011612,
        "std": 0.0
    },
    "0.0085": {
        "mean": 10.000000149011612,
        "std": 0.0
    }
}