{
    "64.0000": {
        "mean": 9.456666558980942,
        "std": 1.9640831379203696
    },
    "40.9600": {
        "mean": 9.640000015497208,
        "std": 0.6297617068427631
    },
    "26.2144": {
        "mean": 10.486666858196259,
        "std": 0.6035634755236965
    },
    "16.7772": {
        "mean": 8.88000006477038,
        "std": 1.3713008612436142
    },
    "10.7374": {
        "mean": 9.753333528836569,
        "std": 0.34883927963627975
    },
    "6.8719": {
        "mean": 9.893333415190378,
        "std": 0.24308212760334535
    },
    "4.3980": {
        "mean": 9.92999995748202,
        "std": 0.288905955827344
    },
    "2.8147": {
        "mean": 10.326666384935379,
        "std": 1.0293148450305463
    },
    "1.8014": {
        "mean": 9.60333322485288,
        "std": 1.370385343640799
    },
    "1.1529": {
        "mean": 9.233333418766657,
        "std": 0.8615618693133046
    },
    "0.7379": {
        "mean": 8.789999783039093,
        "std": 0.06377044954368286
    },
    "0.4722": {
        "mean": 9.556666761636734,
        "std": 1.0247708095641892
    },
    "0.3022": {
        "mean": 11.430000017086664,
        "std": 0.5299055110627096
    },
    "0.1934": {
        "mean": 7.513333236177762,
        "std": 2.017760150120987
    },
    "0.1238": {
        "mean": 8.869999895493189,
        "std": 1.7349543725082464
    },
    "0.0792": {
        "mean": 11.326666673024496,
        "std": 0.9469363753526268
    },
    "0.0507": {
        "mean": 8.540000021457672,
        "std": 1.6917645277185374
    },
    "0.0325": {
        "mean": 9.866666793823242,
        "std": 0.18856183922410158
    },
    "0.0208": {
        "mean": 10.000000149011612,
        "std": 0.0
    },
    "0.0133": {
        "mean": 10.000000149011612,
        "std": 0.0
    },
    "0.0085": {
        "mean": 10.000000149011612,
        "std": 0.0
    }
}