{
    "64.0000": {
        "mean": 93.68000030517578,
        "std": 0.08524607215504097
    },
    "40.9600": {
        "mean": 93.44333410263062,
        "std": 0.05734842015362884
    },
    "26.2144": {
        "mean": 90.36333163579305,
        "std": 0.7717664411081202
    },
    "16.7772": {
        "mean": 90.42999943097432,
        "std": 0.16309447508820243
    },
    "10.7374": {
        "mean": 87.50333388646443,
        "std": 1.6962390203526299
    },
    "6.8719": {
        "mean": 90.54666757583618,
        "std": 0.43222934792871626
    },
    "4.3980": {
        "mean": 89.88666534423828,
        "std": 0.4606029192035764
    },
    "2.8147": {
        "mean": 88.83999983469646,
        "std": 0.11343176149154598
    },
    "1.8014": {
        "mean": 87.09333141644795,
        "std": 0.36233921188991974
    },
    "1.1529": {
        "mean": 85.64666708310445,
        "std": 0.1319932924857969
    },
    "0.7379": {
        "mean": 83.55333209037781,
        "std": 0.3046673037547775
    },
    "0.4722": {
        "mean": 81.14999930063884,
        "std": 1.3253180968445004
    },
    "0.3022": {
        "mean": 79.70000108083089,
        "std": 1.0836960654981431
    },
    "0.1934": {
        "mean": 79.60333426793416,
        "std": 0.3512193752300015
    },
    "0.1238": {
        "mean": 77.2433340549469,
        "std": 0.9042257097151926
    },
    "0.0792": {
        "mean": 72.14999794960022,
        "std": 0.7836245079103451
    },
    "0.0507": {
        "mean": 66.10999902089436,
        "std": 0.5390726925400187
    },
    "0.0325": {
        "mean": 59.45666631062826,
        "std": 0.8987503875198551
    },
    "0.0208": {
        "mean": 45.556665460268654,
        "std": 1.5639763904249255
    },
    "0.0133": {
        "mean": 19.553332775831223,
        "std": 7.131602045675258
    },
    "0.0085": {
        "mean": 10.000000149011612,
        "std": 0.0
    }
}