{
    "64.0000": {
        "mean": 9.356666604677836,
        "std": 0.7625102725805176
    },
    "40.9600": {
        "mean": 10.000000149011612,
        "std": 0.0
    },
    "26.2144": {
        "mean": 9.153333306312561,
        "std": 0.4018568305691882
    },
    "16.7772": {
        "mean": 9.160000085830688,
        "std": 0.2255362292549891
    },
    "10.7374": {
        "mean": 9.826666613419851,
        "std": 0.8794820544400275
    },
    "6.8719": {
        "mean": 10.043333222468695,
        "std": 0.14337206076141534
    },
    "4.3980": {
        "mean": 8.916666855414709,
        "std": 1.2231470720186846
    },
    "2.8147": {
        "mean": 10.239999989668528,
        "std": 0.4811099399685166
    },
    "1.8014": {
        "mean": 9.28000013033549,
        "std": 1.2789839826514966
    },
    "1.1529": {
        "mean": 9.483333180348078,
        "std": 0.6856788658778816
    },
    "0.7379": {
        "mean": 10.369999955097834,
        "std": 1.1067069078984775
    },
    "0.4722": {
        "mean": 9.750000139077505,
        "std": 0.7302509580643252
    },
    "0.3022": {
        "mean": 9.660000105698904,
        "std": 1.6251971883782677
    },
    "0.1934": {
        "mean": 10.496666779120764,
        "std": 1.3927031250026338
    },
    "0.1238": {
        "mean": 10.149999956289927,
        "std": 0.7804271678622114
    },
    "0.0792": {
        "mean": 9.726666907469431,
        "std": 0.9809291173873902
    },
    "0.0507": {
        "mean": 11.889999856551489,
        "std": 0.5865720008293381
    },
    "0.0325": {
        "mean": 9.976666669050852,
        "std": 0.6369894117403547
    },
    "0.0208": {
        "mean": 9.776666760444641,
        "std": 0.6363609888124936
    },
    "0.0133": {
        "mean": 9.746666749318441,
        "std": 0.35826752964816677
    },
    "0.0085": {
        "mean": 10.000000149011612,
        "std": 0.0
    }
}