{
      "100.0000": {
            "mean": 93.77999901771545,
            "std": 0.15000104904174805
      },
      "80.0000": {
            "mean": 93.79499852657318,
            "std": 0.025001168251037598
      },
      "64.0000": {
            "mean": 93.59000027179718,
            "std": 0.13000071048736572
      },
      "51.2000": {
            "mean": 93.79500150680542,
            "std": 0.034999847412109375
      },
      "40.9600": {
            "mean": 93.68000030517578,
            "std": 0.3000020980834961
      },
      "32.7680": {
            "mean": 93.69499981403351,
            "std": 0.135001540184021
      },
      "26.2144": {
            "mean": 94.0750002861023,
            "std": 0.01500248908996582
      },
      "20.9715": {
            "mean": 94.0999984741211,
            "std": 0.0800013542175293
      },
      "16.7772": {
            "mean": 94.01500225067139,
            "std": 0.21499991416931152
      },
      "13.4218": {
            "mean": 93.82000267505646,
            "std": 0.09000003337860107
      },
      "10.7374": {
            "mean": 93.9600020647049,
            "std": 0.13000071048736572
      },
      "8.5899": {
            "mean": 93.84499788284302,
            "std": 0.10499954223632812
      },
      "6.8719": {
            "mean": 93.78499984741211,
            "std": 0.04500150680541992
      },
      "5.4976": {
            "mean": 93.85499954223633,
            "std": 0.13499855995178223
      },
      "4.3980": {
            "mean": 94.03000175952911,
            "std": 0.020000338554382324
      },
      "3.5184": {
            "mean": 94.0500020980835,
            "std": 0.1399993896484375
      },
      "2.8147": {
            "mean": 93.90499889850616,
            "std": 0.04499852657318115
      },
      "2.2518": {
            "mean": 93.90499889850616,
            "std": 0.0550001859664917
      },
      "1.8014": {
            "mean": 93.62000226974487,
            "std": 0.2499997615814209
      },
      "1.4412": {
            "mean": 93.72499883174896,
            "std": 0.15499889850616455
      },
      "1.1529": {
            "mean": 93.52000057697296,
            "std": 0.2599984407424927
      },
      "0.9223": {
            "mean": 93.53500008583069,
            "std": 0.06499886512756348
      },
      "0.7379": {
            "mean": 93.5149997472763,
            "std": 0.1650005578994751
      },
      "0.5903": {
            "mean": 93.11999976634979,
            "std": 0.020000338554382324
      },
      "0.4722": {
            "mean": 93.05000007152557,
            "std": 0.049999356269836426
      },
      "0.3778": {
            "mean": 92.68999993801117,
            "std": 0.10000169277191162
      }
}