{
    "64.0000": {
        "mean": 91.86999996503194,
        "std": 0.05354012674709741
    },
    "40.9600": {
        "mean": 91.11666679382324,
        "std": 0.30213957663372265
    },
    "26.2144": {
        "mean": 90.22666811943054,
        "std": 0.15923391735938983
    },
    "16.7772": {
        "mean": 89.02333378791809,
        "std": 0.22231020926113737
    },
    "10.7374": {
        "mean": 87.07333207130432,
        "std": 0.4087647308199089
    },
    "6.8719": {
        "mean": 84.6399982770284,
        "std": 0.40108199701417174
    },
    "4.3980": {
        "mean": 81.8666676680247,
        "std": 0.07717217928739455
    },
    "2.8147": {
        "mean": 77.99333333969116,
        "std": 0.4449959062312674
    },
    "1.8014": {
        "mean": 73.2099990049998,
        "std": 0.7462339545853908
    },
    "1.1529": {
        "mean": 65.18333355585735,
        "std": 1.0694940895722551
    },
    "0.7379": {
        "mean": 56.37666583061218,
        "std": 2.929190864998659
    },
    "0.4722": {
        "mean": 47.25333253542582,
        "std": 4.687075649741046
    },
    "0.3022": {
        "mean": 36.29666666189829,
        "std": 5.2746012916383505
    },
    "0.1934": {
        "mean": 26.89333309729894,
        "std": 6.133412828666275
    },
    "0.1238": {
        "mean": 20.320000251134235,
        "std": 4.431192225292588
    },
    "0.0792": {
        "mean": 13.183333228031794,
        "std": 3.22292133460214
    }
}