{
    "64.0000": {
        "mean": 79.38333352406819,
        "std": 0.6725253156581419
    },
    "40.9600": {
        "mean": 78.73666485150655,
        "std": 0.4937827361647756
    },
    "26.2144": {
        "mean": 78.04333368937175,
        "std": 0.723204922100472
    },
    "16.7772": {
        "mean": 76.14333232243855,
        "std": 1.411153949151084
    },
    "10.7374": {
        "mean": 34.19000009695689,
        "std": 27.779965659738366
    },
    "6.8719": {
        "mean": 15.90666671593984,
        "std": 1.4282936379597309
    },
    "4.3980": {
        "mean": 14.496666689713797,
        "std": 1.7440632599273052
    },
    "2.8147": {
        "mean": 13.169999668995539,
        "std": 2.1544991372412823
    },
    "1.8014": {
        "mean": 11.82666669289271,
        "std": 0.7934031827414526
    },
    "1.1529": {
        "mean": 13.069999714692434,
        "std": 0.4928155640368846
    },
    "0.7379": {
        "mean": 12.653333693742752,
        "std": 0.49466052191115606
    },
    "0.4722": {
        "mean": 12.65999972820282,
        "std": 0.2608959299200551
    },
    "0.3022": {
        "mean": 10.83999996383985,
        "std": 1.249559772479666
    },
    "0.1934": {
        "mean": 10.733333478371302,
        "std": 0.5125318861865729
    },
    "0.1238": {
        "mean": 10.239999989668528,
        "std": 0.591100636777519
    },
    "0.0792": {
        "mean": 10.13666664560636,
        "std": 0.1932756130063075
    }
}