{
    "64.0000": {
        "mean": 93.52000157038371,
        "std": 0.06976082814503942
    },
    "40.9600": {
        "mean": 93.23000113169353,
        "std": 0.2499334613079654
    },
    "26.2144": {
        "mean": 92.36666758855183,
        "std": 0.108728472474755
    },
    "16.7772": {
        "mean": 91.75333182017009,
        "std": 0.26385986727765987
    },
    "10.7374": {
        "mean": 90.94333251317342,
        "std": 0.5320612944264951
    },
    "6.8719": {
        "mean": 90.53666591644287,
        "std": 0.41096305558780405
    },
    "4.3980": {
        "mean": 89.21333352724712,
        "std": 0.7207576351538187
    },
    "2.8147": {
        "mean": 88.95999987920125,
        "std": 0.6299740058341805
    },
    "1.8014": {
        "mean": 88.11333378156026,
        "std": 0.5088751109609736
    },
    "1.1529": {
        "mean": 87.3033344745636,
        "std": 0.1782007243695872
    },
    "0.7379": {
        "mean": 85.27333339055379,
        "std": 0.04027511747324719
    },
    "0.4722": {
        "mean": 83.5866669813792,
        "std": 0.13719456806364275
    },
    "0.3022": {
        "mean": 81.54333432515462,
        "std": 0.3009229379756922
    },
    "0.1934": {
        "mean": 78.79666487375896,
        "std": 0.44153831409201627
    },
    "0.1238": {
        "mean": 75.01999934514363,
        "std": 1.0362753228996466
    },
    "0.0792": {
        "mean": 68.62000028292339,
        "std": 1.196688843409644
    },
    "0.0507": {
        "mean": 63.333332538604736,
        "std": 2.235118234988628
    },
    "0.0325": {
        "mean": 55.21999994913737,
        "std": 0.999634376635289
    },
    "0.0208": {
        "mean": 41.20000104109446,
        "std": 7.9277535234291525
    },
    "0.0133": {
        "mean": 10.000000149011612,
        "std": 0.0
    },
    "0.0085": {
        "mean": 10.000000149011612,
        "std": 0.0
    }
}