{
    "64.0000": {
        "mean": 8.163333187500635,
        "std": 0.8885319589007863
    },
    "40.9600": {
        "mean": 8.49333330988884,
        "std": 1.6768487742922982
    },
    "26.2144": {
        "mean": 7.76333324611187,
        "std": 1.6452221157328728
    },
    "16.7772": {
        "mean": 6.496666620175044,
        "std": 2.932772471141264
    },
    "10.7374": {
        "mean": 7.146666447321574,
        "std": 2.1196906948101484
    },
    "6.8719": {
        "mean": 8.23999991019567,
        "std": 2.8119150079660877
    },
    "4.3980": {
        "mean": 5.35333330432574,
        "std": 1.920977724442406
    },
    "2.8147": {
        "mean": 7.163333147764206,
        "std": 0.9193233918666096
    },
    "1.8014": {
        "mean": 7.516666501760483,
        "std": 1.8522838143825282
    },
    "1.1529": {
        "mean": 9.413333237171173,
        "std": 0.32673474491246635
    },
    "0.7379": {
        "mean": 6.150000045696895,
        "std": 1.8609674918755117
    },
    "0.4722": {
        "mean": 5.603333314259847,
        "std": 1.8503392178274927
    },
    "0.3022": {
        "mean": 7.966666792829831,
        "std": 2.4261949947985393
    },
    "0.1934": {
        "mean": 5.9433334817488985,
        "std": 0.956811959761114
    },
    "0.1238": {
        "mean": 7.543333371480306,
        "std": 2.781418585048616
    },
    "0.0792": {
        "mean": 7.369999960064888,
        "std": 1.9976485586096666
    },
    "0.0507": {
        "mean": 7.906666894753774,
        "std": 0.6046669222462601
    },
    "0.0325": {
        "mean": 8.146666487058004,
        "std": 0.8576452690964906
    },
    "0.0208": {
        "mean": 9.756666670242945,
        "std": 1.6104310498897065
    },
    "0.0133": {
        "mean": 10.000000149011612,
        "std": 0.0
    },
    "0.0085": {
        "mean": 10.000000149011612,
        "std": 0.0
    }
}