{
    "64.0000": {
        "mean": 91.34333332379659,
        "std": 0.31414922135252865
    },
    "40.9600": {
        "mean": 90.95666607220967,
        "std": 0.07542319030519523
    },
    "26.2144": {
        "mean": 90.11666576067607,
        "std": 0.18116719327670966
    },
    "16.7772": {
        "mean": 88.92333308855693,
        "std": 0.19482182245203655
    },
    "10.7374": {
        "mean": 87.81333168347676,
        "std": 0.17969172063741462
    },
    "6.8719": {
        "mean": 86.06333335240681,
        "std": 0.16357264756806442
    },
    "4.3980": {
        "mean": 84.64999794960022,
        "std": 0.20510192446363507
    },
    "2.8147": {
        "mean": 82.78333147366841,
        "std": 0.4320751067278328
    },
    "1.8014": {
        "mean": 80.59999942779541,
        "std": 0.14141953549345385
    },
    "1.1529": {
        "mean": 76.92000071207683,
        "std": 0.35562108865601755
    },
    "0.7379": {
        "mean": 71.55999938646953,
        "std": 0.678282743658877
    },
    "0.4722": {
        "mean": 64.52333331108093,
        "std": 0.46778377846034525
    },
    "0.3022": {
        "mean": 57.28999972343445,
        "std": 0.4418122061669151
    },
    "0.1934": {
        "mean": 45.63333292802175,
        "std": 1.2069333061000458
    },
    "0.1238": {
        "mean": 37.39999930063883,
        "std": 1.0556831748716913
    },
    "0.0792": {
        "mean": 22.776666283607483,
        "std": 1.6900159714519705
    }
}