{
    "64.0000": {
        "mean": 79.13666566212972,
        "std": 0.15520491396610447
    },
    "40.9600": {
        "mean": 79.33666706085205,
        "std": 0.32764975530666224
    },
    "26.2144": {
        "mean": 79.33333317438762,
        "std": 0.254207324010741
    },
    "16.7772": {
        "mean": 79.20333345731099,
        "std": 0.16131372052023082
    },
    "10.7374": {
        "mean": 79.30333415667216,
        "std": 0.06847686289781932
    },
    "6.8719": {
        "mean": 79.22666867574056,
        "std": 0.1826356051329288
    },
    "4.3980": {
        "mean": 79.31999961535136,
        "std": 0.17663483291625784
    },
    "2.8147": {
        "mean": 78.79000107447307,
        "std": 0.11343176149154598
    },
    "1.8014": {
        "mean": 77.00000007947285,
        "std": 0.14352783860528862
    },
    "1.1529": {
        "mean": 69.45666670799255,
        "std": 1.2330255604172753
    },
    "0.7379": {
        "mean": 56.44333362579346,
        "std": 4.204017110876065
    },
    "0.4722": {
        "mean": 43.616665403048195,
        "std": 6.777197830656679
    },
    "0.3022": {
        "mean": 26.97333296140035,
        "std": 3.292965258394648
    },
    "0.1934": {
        "mean": 19.296666483084362,
        "std": 0.7874571032808124
    },
    "0.1238": {
        "mean": 14.949999749660492,
        "std": 2.986848879062228
    },
    "0.0792": {
        "mean": 12.386666983366013,
        "std": 0.8282246072009435
    }
}