{
    "64.0000": {
        "mean": 93.21666558583577,
        "std": 0.15326135100595564
    },
    "40.9600": {
        "mean": 93.1933343410492,
        "std": 0.08993756378166524
    },
    "26.2144": {
        "mean": 92.75333285331726,
        "std": 0.08498217479195824
    },
    "16.7772": {
        "mean": 92.17666586240132,
        "std": 0.12498938808337637
    },
    "10.7374": {
        "mean": 91.61333243052165,
        "std": 0.21638348820030998
    },
    "6.8719": {
        "mean": 91.36000076929729,
        "std": 0.16753208935118713
    },
    "4.3980": {
        "mean": 90.556667248408,
        "std": 0.14055558825443365
    },
    "2.8147": {
        "mean": 89.43666617075603,
        "std": 0.3065231773329041
    },
    "1.8014": {
        "mean": 88.49000136057536,
        "std": 0.17281991824366894
    },
    "1.1529": {
        "mean": 87.23666469256084,
        "std": 0.3366829168543683
    },
    "0.7379": {
        "mean": 85.89333097139995,
        "std": 0.16110721150817325
    },
    "0.4722": {
        "mean": 85.40333310763042,
        "std": 0.12657805122020993
    },
    "0.3022": {
        "mean": 84.0166687965393,
        "std": 0.21822453348316828
    },
    "0.1934": {
        "mean": 81.66000048319499,
        "std": 0.15121557259973525
    },
    "0.1238": {
        "mean": 78.71333360671997,
        "std": 0.05734842015362884
    },
    "0.0792": {
        "mean": 74.39333200454712,
        "std": 0.4020218830762753
    },
    "0.0507": {
        "mean": 68.18000078201294,
        "std": 0.6227356727359378
    },
    "0.0325": {
        "mean": 61.53333385785421,
        "std": 0.6510655256891447
    },
    "0.0208": {
        "mean": 53.84333332379659,
        "std": 0.5105764814924166
    },
    "0.0133": {
        "mean": 37.950000166893005,
        "std": 2.6810824036048806
    },
    "0.0085": {
        "mean": 12.939999997615814,
        "std": 4.157787659270909
    }
}