{
    "64.0000": {
        "mean": 10.000000149011612,
        "std": 0.0
    },
    "40.9600": {
        "mean": 9.176666786273321,
        "std": 1.1643692079387389
    },
    "26.2144": {
        "mean": 9.560000151395798,
        "std": 0.6151963229825942
    },
    "16.7772": {
        "mean": 7.49333327015241,
        "std": 2.2116258972121576
    },
    "10.7374": {
        "mean": 9.893333415190378,
        "std": 0.17249790763972392
    },
    "6.8719": {
        "mean": 7.810000081857045,
        "std": 3.097127796567977
    },
    "4.3980": {
        "mean": 8.453333129485449,
        "std": 1.1722438283880707
    },
    "2.8147": {
        "mean": 10.223333289225897,
        "std": 0.18061622480983042
    },
    "1.8014": {
        "mean": 9.510000298420588,
        "std": 1.5237015996390921
    },
    "1.1529": {
        "mean": 8.573333422342936,
        "std": 1.016213048913805
    },
    "0.7379": {
        "mean": 9.913333257039389,
        "std": 1.5201389330229966
    },
    "0.4722": {
        "mean": 10.516666372617086,
        "std": 0.6240371273475401
    },
    "0.3022": {
        "mean": 9.006666640440622,
        "std": 0.9136862331083544
    },
    "0.1934": {
        "mean": 10.343333333730698,
        "std": 0.500288825183508
    },
    "0.1238": {
        "mean": 8.640000224113464,
        "std": 1.2355025875336443
    },
    "0.0792": {
        "mean": 9.179999927679697,
        "std": 0.8795453959863857
    },
    "0.0507": {
        "mean": 8.76666655143102,
        "std": 1.1398928959382992
    },
    "0.0325": {
        "mean": 9.383333226044973,
        "std": 0.5583507471500474
    },
    "0.0208": {
        "mean": 9.743333359559378,
        "std": 0.4439468525422962
    },
    "0.0133": {
        "mean": 9.433333575725555,
        "std": 1.8384111138428236
    },
    "0.0085": {
        "mean": 11.289999882380167,
        "std": 1.8243351183874879
    }
}