{
    "64.0000": {
        "mean": 93.67666641871135,
        "std": 0.009429654906837358
    },
    "40.9600": {
        "mean": 93.37000052134196,
        "std": 0.3501414636228781
    },
    "26.2144": {
        "mean": 93.50000023841858,
        "std": 0.14352507003463078
    },
    "16.7772": {
        "mean": 93.02333394686381,
        "std": 0.20806194187485189
    },
    "10.7374": {
        "mean": 93.03000171979268,
        "std": 0.06376978748595918
    },
    "6.8719": {
        "mean": 92.6966667175293,
        "std": 0.12498663277648302
    },
    "4.3980": {
        "mean": 92.24666754404704,
        "std": 0.20885993839465788
    },
    "2.8147": {
        "mean": 91.89333319664001,
        "std": 0.06599534169278101
    },
    "1.8014": {
        "mean": 91.2500003973643,
        "std": 0.09933197754691875
    },
    "1.1529": {
        "mean": 90.5133346716563,
        "std": 0.1993879229961118
    },
    "0.7379": {
        "mean": 89.70000147819519,
        "std": 0.2336671957969099
    },
    "0.4722": {
        "mean": 88.18333546320598,
        "std": 0.19396427062174074
    },
    "0.3022": {
        "mean": 87.09333340326945,
        "std": 0.04988695466656979
    },
    "0.1934": {
        "mean": 84.70333417256673,
        "std": 0.10403036615808987
    },
    "0.1238": {
        "mean": 81.24000032742818,
        "std": 0.33176376270000907
    },
    "0.0792": {
        "mean": 74.82666770617168,
        "std": 0.6613281421288038
    },
    "0.0507": {
        "mean": 10.000000149011612,
        "std": 0.0
    },
    "0.0325": {
        "mean": 10.000000149011612,
        "std": 0.0
    },
    "0.0208": {
        "mean": 10.000000149011612,
        "std": 0.0
    },
    "0.0133": {
        "mean": 10.000000149011612,
        "std": 0.0
    },
    "0.0085": {
        "mean": 10.000000149011612,
        "std": 0.0
    }
}