{
    "64.0000": {
        "mean": 9.006666640440622,
        "std": 0.981370828918552
    },
    "40.9600": {
        "mean": 9.723333517710367,
        "std": 0.715557206642216
    },
    "26.2144": {
        "mean": 10.646666586399078,
        "std": 1.0763311161679294
    },
    "16.7772": {
        "mean": 10.00333329041799,
        "std": 0.6133152341698983
    },
    "10.7374": {
        "mean": 9.640000015497208,
        "std": 1.224118796660829
    },
    "6.8719": {
        "mean": 9.153333306312561,
        "std": 0.7570704904802751
    },
    "4.3980": {
        "mean": 9.643333405256271,
        "std": 1.3434862670699785
    },
    "2.8147": {
        "mean": 9.763333449761072,
        "std": 0.21483836271068374
    },
    "1.8014": {
        "mean": 8.320000022649765,
        "std": 1.3078482431003775
    },
    "1.1529": {
        "mean": 10.536666711171469,
        "std": 1.2739529993856147
    },
    "0.7379": {
        "mean": 9.52999989191691,
        "std": 0.46847287538802684
    },
    "0.4722": {
        "mean": 9.756666421890259,
        "std": 0.33638591287724606
    },
    "0.3022": {
        "mean": 9.880000104506811,
        "std": 1.7612686792470296
    },
    "0.1934": {
        "mean": 9.65666671593984,
        "std": 0.3821284502044783
    },
    "0.1238": {
        "mean": 11.760000139474869,
        "std": 0.17568905416860908
    },
    "0.0792": {
        "mean": 10.593333343664805,
        "std": 1.6016937475399482
    },
    "0.0507": {
        "mean": 10.000000149011612,
        "std": 0.0
    },
    "0.0325": {
        "mean": 10.000000149011612,
        "std": 0.0
    },
    "0.0208": {
        "mean": 10.000000149011612,
        "std": 0.0
    },
    "0.0133": {
        "mean": 10.000000149011612,
        "std": 0.0
    },
    "0.0085": {
        "mean": 10.000000149011612,
        "std": 0.0
    }
}