{
    "64.0000": {
        "mean": 93.54000091552734,
        "std": 0.14165806815822266
    },
    "40.9600": {
        "mean": 93.63333384195964,
        "std": 0.3108416420402154
    },
    "26.2144": {
        "mean": 93.18333268165588,
        "std": 0.08806633323859983
    },
    "16.7772": {
        "mean": 93.08000008265178,
        "std": 0.1687219427988833
    },
    "10.7374": {
        "mean": 92.98666715621948,
        "std": 0.14636362833492203
    },
    "6.8719": {
        "mean": 92.77333219846089,
        "std": 0.08178632378403221
    },
    "4.3980": {
        "mean": 92.50666697820027,
        "std": 0.08956611989423865
    },
    "2.8147": {
        "mean": 91.9866681098938,
        "std": 0.2163838248725378
    },
    "1.8014": {
        "mean": 91.46666725476582,
        "std": 0.09463389442089883
    },
    "1.1529": {
        "mean": 90.88666637738545,
        "std": 0.09977709533541633
    },
    "0.7379": {
        "mean": 90.1199996471405,
        "std": 0.014144482360256037
    },
    "0.4722": {
        "mean": 89.62666591008504,
        "std": 0.12498938808337638
    },
    "0.3022": {
        "mean": 88.42666745185852,
        "std": 0.11728513421263244
    },
    "0.1934": {
        "mean": 86.8666668732961,
        "std": 0.023571327477192667
    },
    "0.1238": {
        "mean": 84.33666825294495,
        "std": 0.23299939951454268
    },
    "0.0792": {
        "mean": 81.24666810035706,
        "std": 0.4573357201100214
    },
    "0.0507": {
        "mean": 77.99333333969116,
        "std": 0.3493183555210027
    },
    "0.0325": {
        "mean": 74.50666824976604,
        "std": 0.6388711504795449
    },
    "0.0208": {
        "mean": 68.81666580835979,
        "std": 0.20237430491448163
    },
    "0.0133": {
        "mean": 65.0000015894572,
        "std": 0.32954447951768784
    },
    "0.0085": {
        "mean": 59.96333360671997,
        "std": 0.22514278539493318
    }
}