{
    "64.0000": {
        "mean": 86.43666704495747,
        "std": 0.3623381517784213
    },
    "40.9600": {
        "mean": 86.55666907628377,
        "std": 0.5430981867136776
    },
    "26.2144": {
        "mean": 86.27333243687947,
        "std": 0.5202784976859649
    },
    "16.7772": {
        "mean": 86.24333341916402,
        "std": 0.5007549185149576
    },
    "10.7374": {
        "mean": 86.26333276430766,
        "std": 0.4196282049117227
    },
    "6.8719": {
        "mean": 86.2833321094513,
        "std": 0.3961754765653722
    },
    "4.3980": {
        "mean": 86.19333306948344,
        "std": 0.43029756689070753
    },
    "2.8147": {
        "mean": 86.08666658401489,
        "std": 0.3531130677560422
    },
    "1.8014": {
        "mean": 85.55999994277954,
        "std": 0.2465758995230506
    },
    "1.1529": {
        "mean": 85.20333369572957,
        "std": 0.18732177577985543
    },
    "0.7379": {
        "mean": 84.3833327293396,
        "std": 0.5471328772403072
    },
    "0.4722": {
        "mean": 83.45999916394551,
        "std": 0.3421500494969501
    },
    "0.3022": {
        "mean": 82.37666487693787,
        "std": 0.08653787997010144
    },
    "0.1934": {
        "mean": 81.13999962806702,
        "std": 0.33655172583203274
    },
    "0.1238": {
        "mean": 77.75666515032451,
        "std": 0.7262849209671783
    },
    "0.0792": {
        "mean": 72.80999819437663,
        "std": 1.0431037037612165
    },
    "0.0507": {
        "mean": 67.0800010363261,
        "std": 2.056420360600599
    },
    "0.0325": {
        "mean": 59.0666671593984,
        "std": 1.0956362120927583
    },
    "0.0208": {
        "mean": 51.92333459854126,
        "std": 4.100588182598259
    },
    "0.0133": {
        "mean": 47.41333325703939,
        "std": 2.8611924614804107
    },
    "0.0085": {
        "mean": 41.11666679382324,
        "std": 1.3023138898378543
    }
}