{
    "64.0000": {
        "mean": 91.85333450635274,
        "std": 0.0758651344014486
    },
    "40.9600": {
        "mean": 91.08999967575073,
        "std": 0.05715590198803469
    },
    "26.2144": {
        "mean": 90.48666556676228,
        "std": 0.2493101426053746
    },
    "16.7772": {
        "mean": 88.85666728019714,
        "std": 0.3201404301894918
    },
    "10.7374": {
        "mean": 85.94666520754497,
        "std": 0.43652744702113283
    },
    "6.8719": {
        "mean": 83.89666676521301,
        "std": 0.34883921319571215
    },
    "4.3980": {
        "mean": 76.12000107765198,
        "std": 4.057594550530177
    },
    "2.8147": {
        "mean": 75.81000129381816,
        "std": 2.405547903439174
    },
    "1.8014": {
        "mean": 59.669999281565346,
        "std": 10.22986193379172
    },
    "1.1529": {
        "mean": 62.11333473523458,
        "std": 2.1404268247527667
    },
    "0.7379": {
        "mean": 23.29333374897639,
        "std": 18.79961266622015
    },
    "0.4722": {
        "mean": 27.873333543539047,
        "std": 13.35605072522572
    },
    "0.3022": {
        "mean": 10.000000149011612,
        "std": 0.0
    },
    "0.1934": {
        "mean": 10.000000149011612,
        "std": 0.0
    },
    "0.1238": {
        "mean": 10.000000149011612,
        "std": 0.0
    },
    "0.0792": {
        "mean": 10.000000149011612,
        "std": 0.0
    }
}