{
    "64.0000": {
        "mean": 78.98000081380208,
        "std": 0.650590671072205
    },
    "40.9600": {
        "mean": 78.48000129063924,
        "std": 0.473779541478901
    },
    "26.2144": {
        "mean": 77.64333287874858,
        "std": 0.5071692343179958
    },
    "16.7772": {
        "mean": 75.29666423797607,
        "std": 0.8049981911233028
    },
    "10.7374": {
        "mean": 9.890000025431315,
        "std": 1.1342840299499373
    },
    "6.8719": {
        "mean": 10.92999999721845,
        "std": 0.5033884941384701
    },
    "4.3980": {
        "mean": 9.263333429892858,
        "std": 1.129611330856824
    },
    "2.8147": {
        "mean": 9.48666681845983,
        "std": 1.0188336214371236
    },
    "1.8014": {
        "mean": 10.853333274523417,
        "std": 1.3288169841354793
    },
    "1.1529": {
        "mean": 10.749999930461248,
        "std": 0.9161875594618317
    },
    "0.7379": {
        "mean": 10.489999999602636,
        "std": 0.692964434266616
    },
    "0.4722": {
        "mean": 9.91000011563301,
        "std": 0.13441246994788592
    },
    "0.3022": {
        "mean": 10.000000149011612,
        "std": 0.0
    },
    "0.1934": {
        "mean": 10.000000149011612,
        "std": 0.0
    },
    "0.1238": {
        "mean": 10.000000149011612,
        "std": 0.0
    },
    "0.0792": {
        "mean": 10.000000149011612,
        "std": 0.0
    }
}