{
    "64.0000": {
        "mean": 91.44999782244365,
        "std": 0.1023066152515711
    },
    "40.9600": {
        "mean": 90.94666639963786,
        "std": 0.057348651087635434
    },
    "26.2144": {
        "mean": 90.23000001907349,
        "std": 0.07483282151145294
    },
    "16.7772": {
        "mean": 89.20666575431824,
        "std": 0.15173096715673384
    },
    "10.7374": {
        "mean": 88.29333384831746,
        "std": 0.11440621631947656
    },
    "6.8719": {
        "mean": 86.62666479746501,
        "std": 0.057348651087635434
    },
    "4.3980": {
        "mean": 85.09666721026103,
        "std": 0.3204516077531526
    },
    "2.8147": {
        "mean": 82.94999996821086,
        "std": 0.37585362286020624
    },
    "1.8014": {
        "mean": 80.05333344141643,
        "std": 0.5765618230454754
    },
    "1.1529": {
        "mean": 76.2166678905487,
        "std": 0.1271059546131383
    },
    "0.7379": {
        "mean": 70.60666680335999,
        "std": 0.47932894871725235
    },
    "0.4722": {
        "mean": 63.23333382606506,
        "std": 0.6216831136245551
    },
    "0.3022": {
        "mean": 55.59999942779541,
        "std": 1.4829704179035463
    },
    "0.1934": {
        "mean": 46.2799996137619,
        "std": 2.0859523264156743
    },
    "0.1238": {
        "mean": 38.51666748523712,
        "std": 2.1760107143764222
    },
    "0.0792": {
        "mean": 28.53666643301646,
        "std": 1.5917351676321412
    }
}