{
    "64.0000": {
        "mean": 85.97666621208191,
        "std": 0.160069222118368
    },
    "40.9600": {
        "mean": 85.65666675567627,
        "std": 0.26562315298346345
    },
    "26.2144": {
        "mean": 85.2566659450531,
        "std": 0.23837286486061335
    },
    "16.7772": {
        "mean": 84.89999969800313,
        "std": 0.008163887469690151
    },
    "10.7374": {
        "mean": 83.98333191871643,
        "std": 0.20038759069931966
    },
    "6.8719": {
        "mean": 82.5766662756602,
        "std": 0.04921455511290525
    },
    "4.3980": {
        "mean": 80.36999901135762,
        "std": 0.4613768183944928
    },
    "2.8147": {
        "mean": 77.67333388328552,
        "std": 0.3878420473732726
    },
    "1.8014": {
        "mean": 73.04333448410034,
        "std": 0.24087661596838136
    },
    "1.1529": {
        "mean": 66.34333531061809,
        "std": 0.9278055541158711
    },
    "0.7379": {
        "mean": 56.186666091283165,
        "std": 3.3741405123677883
    },
    "0.4722": {
        "mean": 46.00333273410797,
        "std": 1.9639131005465353
    },
    "0.3022": {
        "mean": 29.709999759991963,
        "std": 2.850507857643907
    },
    "0.1934": {
        "mean": 25.786666572093964,
        "std": 1.7948882180251025
    },
    "0.1238": {
        "mean": 17.11999972661336,
        "std": 1.881541804721657
    },
    "0.0792": {
        "mean": 11.99333369731903,
        "std": 0.9087110682973276
    }
}