{
    "64.0000": {
        "mean": 93.29333305358887,
        "std": 0.11897721559151872
    },
    "40.9600": {
        "mean": 93.46666733423869,
        "std": 0.11813204611775092
    },
    "26.2144": {
        "mean": 93.31666628519694,
        "std": 0.30706440881572233
    },
    "16.7772": {
        "mean": 91.58000151316325,
        "std": 0.4060388888649402
    },
    "10.7374": {
        "mean": 92.8499976793925,
        "std": 0.2808319338151954
    },
    "6.8719": {
        "mean": 92.91999936103821,
        "std": 0.04242501771106593
    },
    "4.3980": {
        "mean": 92.38666693369548,
        "std": 0.13021389856406423
    },
    "2.8147": {
        "mean": 91.78666671117146,
        "std": 0.10780728359471005
    },
    "1.8014": {
        "mean": 91.20999972025554,
        "std": 0.2204541586155035
    },
    "1.1529": {
        "mean": 36.82000090678533,
        "std": 37.92920881450028
    },
    "0.7379": {
        "mean": 62.4233345190684,
        "std": 4.440490459067501
    },
    "0.4722": {
        "mean": 49.70000113050143,
        "std": 31.79718751356334
    },
    "0.3022": {
        "mean": 60.69999858736992,
        "std": 35.85333346050877
    },
    "0.1934": {
        "mean": 53.453333427508674,
        "std": 31.676163246825006
    },
    "0.1238": {
        "mean": 20.210000375906628,
        "std": 14.439120792707305
    },
    "0.0792": {
        "mean": 22.39666630824407,
        "std": 17.53153341059813
    },
    "0.0507": {
        "mean": 19.696666300296783,
        "std": 13.713156780951612
    },
    "0.0325": {
        "mean": 15.816667179266611,
        "std": 8.226009401995055
    },
    "0.0208": {
        "mean": 10.000000149011612,
        "std": 0.0
    },
    "0.0133": {
        "mean": 10.000000149011612,
        "std": 0.0
    },
    "0.0085": {
        "mean": 10.000000149011612,
        "std": 0.0
    }
}