{
    "64.0000": {
        "mean": 82.77666767438252,
        "std": 2.8275576806926104
    },
    "40.9600": {
        "mean": 84.43666696548462,
        "std": 1.3053303291402194
    },
    "26.2144": {
        "mean": 85.25333404541016,
        "std": 0.6617806988989129
    },
    "16.7772": {
        "mean": 58.34000209967295,
        "std": 15.753833839409133
    },
    "10.7374": {
        "mean": 81.95000092188518,
        "std": 0.3082202772863031
    },
    "6.8719": {
        "mean": 72.93666799863179,
        "std": 1.3344735006271338
    },
    "4.3980": {
        "mean": 25.190000236034393,
        "std": 4.326022591696826
    },
    "2.8147": {
        "mean": 13.946666816870371,
        "std": 0.46621367645150186
    },
    "1.8014": {
        "mean": 10.943333307902018,
        "std": 2.4541707076820636
    },
    "1.1529": {
        "mean": 9.496666739384333,
        "std": 0.71182093429039
    },
    "0.7379": {
        "mean": 10.119999945163727,
        "std": 0.5471746185024148
    },
    "0.4722": {
        "mean": 9.3299999833107,
        "std": 1.4550829580423983
    },
    "0.3022": {
        "mean": 9.670000026623407,
        "std": 1.0350201832259258
    },
    "0.1934": {
        "mean": 9.46333333849907,
        "std": 0.8089636550002702
    },
    "0.1238": {
        "mean": 10.233333458503088,
        "std": 0.32998313083624337
    },
    "0.0792": {
        "mean": 10.000000149011612,
        "std": 0.0
    },
    "0.0507": {
        "mean": 9.943333516518274,
        "std": 0.0801387202060891
    },
    "0.0325": {
        "mean": 10.060000171264013,
        "std": 0.0848528452120326
    },
    "0.0208": {
        "mean": 10.000000149011612,
        "std": 0.0
    },
    "0.0133": {
        "mean": 10.000000149011612,
        "std": 0.0
    },
    "0.0085": {
        "mean": 10.000000149011612,
        "std": 0.0
    }
}