{
    "64.0000": {
        "mean": 93.50333213806152,
        "std": 0.023568517687291943
    },
    "40.9600": {
        "mean": 93.08999975522359,
        "std": 0.10677007778770886
    },
    "26.2144": {
        "mean": 92.30666756629944,
        "std": 0.05557960785843607
    },
    "16.7772": {
        "mean": 90.29666781425476,
        "std": 0.2720712431054676
    },
    "10.7374": {
        "mean": 90.46666820844014,
        "std": 0.4340774015809984
    },
    "6.8719": {
        "mean": 90.45999844868977,
        "std": 0.12027775858416062
    },
    "4.3980": {
        "mean": 87.83666690190633,
        "std": 0.354902213694721
    },
    "2.8147": {
        "mean": 86.71666582425435,
        "std": 0.7876260758663319
    },
    "1.8014": {
        "mean": 87.0466669400533,
        "std": 0.8568283919822189
    },
    "1.1529": {
        "mean": 80.42666713396709,
        "std": 2.9081065638980568
    },
    "0.7379": {
        "mean": 85.80333193143208,
        "std": 0.24087906294662087
    },
    "0.4722": {
        "mean": 81.26333157221477,
        "std": 3.634871790066744
    },
    "0.3022": {
        "mean": 73.00666570663452,
        "std": 1.5007626823121063
    },
    "0.1934": {
        "mean": 73.416668176651,
        "std": 1.2697082870027323
    },
    "0.1238": {
        "mean": 71.5666651725769,
        "std": 2.680761698029893
    },
    "0.0792": {
        "mean": 66.5666659673055,
        "std": 2.438120126557738
    },
    "0.0507": {
        "mean": 59.05999938646952,
        "std": 0.3589795547650633
    },
    "0.0325": {
        "mean": 49.60999886194865,
        "std": 5.490943362063405
    },
    "0.0208": {
        "mean": 16.340000182390213,
        "std": 5.452014707584084
    },
    "0.0133": {
        "mean": 13.840000331401825,
        "std": 5.4305803374513975
    },
    "0.0085": {
        "mean": 10.000000149011612,
        "std": 0.0
    }
}