{
    "64.0000": {
        "mean": 93.55000058809917,
        "std": 0.06376978748595918
    },
    "40.9600": {
        "mean": 92.65999794006348,
        "std": 0.6450322677860308
    },
    "26.2144": {
        "mean": 92.17999974886577,
        "std": 0.7672043941233421
    },
    "16.7772": {
        "mean": 91.78333481152852,
        "std": 0.46291303851284
    },
    "10.7374": {
        "mean": 92.74999896685283,
        "std": 0.1395242195101964
    },
    "6.8719": {
        "mean": 92.81333287556966,
        "std": 0.1887379250199354
    },
    "4.3980": {
        "mean": 92.53999988238017,
        "std": 0.12675579592982822
    },
    "2.8147": {
        "mean": 91.94666544596355,
        "std": 0.2519694054799342
    },
    "1.8014": {
        "mean": 91.44333203633626,
        "std": 0.12658045797476797
    },
    "1.1529": {
        "mean": 90.86333314577739,
        "std": 0.053126176461417325
    },
    "0.7379": {
        "mean": 90.34000039100647,
        "std": 0.29337295890050863
    },
    "0.4722": {
        "mean": 89.27999933560689,
        "std": 0.035590584183557664
    },
    "0.3022": {
        "mean": 88.06666731834412,
        "std": 0.10964566690494976
    },
    "0.1934": {
        "mean": 86.51333451271057,
        "std": 0.3470206604929208
    },
    "0.1238": {
        "mean": 83.77000093460083,
        "std": 0.10230913988785037
    },
    "0.0792": {
        "mean": 80.59999942779541,
        "std": 0.467332095835882
    },
    "0.0507": {
        "mean": 76.07000072797139,
        "std": 0.1451446951317344
    },
    "0.0325": {
        "mean": 70.88999946912129,
        "std": 0.8365401799572599
    },
    "0.0208": {
        "mean": 65.5733327070872,
        "std": 0.5797330301112916
    },
    "0.0133": {
        "mean": 59.69333449999491,
        "std": 0.4772377902658741
    },
    "0.0085": {
        "mean": 52.15000112851461,
        "std": 0.8099794596355757
    }
}