{
    "64.0000": {
        "mean": 86.82666818300883,
        "std": 0.9583433882812264
    },
    "40.9600": {
        "mean": 62.88000047206879,
        "std": 22.0789051596655
    },
    "26.2144": {
        "mean": 49.79333281517029,
        "std": 26.901799015357884
    },
    "16.7772": {
        "mean": 57.96333452065786,
        "std": 14.605570899164942
    },
    "10.7374": {
        "mean": 84.95333194732666,
        "std": 0.6988719546994574
    },
    "6.8719": {
        "mean": 84.59999958674113,
        "std": 0.3770939764298883
    },
    "4.3980": {
        "mean": 83.41000080108643,
        "std": 0.4850451222356249
    },
    "2.8147": {
        "mean": 82.13333487510681,
        "std": 0.9937255316611485
    },
    "1.8014": {
        "mean": 81.97333216667175,
        "std": 0.32417435049390964
    },
    "1.1529": {
        "mean": 80.98333279291789,
        "std": 0.420820945610995
    },
    "0.7379": {
        "mean": 79.79999979337056,
        "std": 0.2987751817989928
    },
    "0.4722": {
        "mean": 77.73666580518086,
        "std": 0.6031222922581111
    },
    "0.3022": {
        "mean": 75.45666694641113,
        "std": 1.4735958269740241
    },
    "0.1934": {
        "mean": 72.24333087603252,
        "std": 0.45382312490187277
    },
    "0.1238": {
        "mean": 66.89333319664001,
        "std": 1.2489000918130424
    },
    "0.0792": {
        "mean": 60.35333275794983,
        "std": 1.2897121732713304
    },
    "0.0507": {
        "mean": 54.96000051498413,
        "std": 1.3865285998559278
    },
    "0.0325": {
        "mean": 48.513333996136986,
        "std": 0.7237091789237312
    },
    "0.0208": {
        "mean": 43.76000066598257,
        "std": 1.4953927089501036
    },
    "0.0133": {
        "mean": 36.33333444595337,
        "std": 2.6551128937171
    },
    "0.0085": {
        "mean": 30.363333225250244,
        "std": 1.5105045804419124
    }
}