{
    "64.0000": {
        "mean": 93.01999807357788,
        "std": 0.07874027616164866
    },
    "40.9600": {
        "mean": 92.66666769981384,
        "std": 0.12498997093444056
    },
    "26.2144": {
        "mean": 92.49333341916402,
        "std": 0.17307836193685652
    },
    "16.7772": {
        "mean": 91.88333352406819,
        "std": 0.09463270471815155
    },
    "10.7374": {
        "mean": 91.28666520118713,
        "std": 0.3551847276088473
    },
    "6.8719": {
        "mean": 90.5733327070872,
        "std": 0.16048349028523395
    },
    "4.3980": {
        "mean": 89.74999984105428,
        "std": 0.12247291033678394
    },
    "2.8147": {
        "mean": 88.50000103314717,
        "std": 0.3490939421640389
    },
    "1.8014": {
        "mean": 86.95000012715657,
        "std": 0.11518046552133089
    },
    "1.1529": {
        "mean": 86.42000158627827,
        "std": 0.7280574597655833
    },
    "0.7379": {
        "mean": 83.67999792098999,
        "std": 0.07874027616164866
    },
    "0.4722": {
        "mean": 82.79666701952617,
        "std": 0.4458220544309239
    },
    "0.3022": {
        "mean": 79.54333424568176,
        "std": 0.45389596598139115
    },
    "0.1934": {
        "mean": 76.16999944051106,
        "std": 1.2590728680314847
    },
    "0.1238": {
        "mean": 70.62666614850362,
        "std": 0.9058459826114806
    },
    "0.0792": {
        "mean": 64.95999892552693,
        "std": 0.52731945618329
    },
    "0.0507": {
        "mean": 62.7833346525828,
        "std": 4.6549272858254565
    },
    "0.0325": {
        "mean": 63.87666662534078,
        "std": 2.2736355192350466
    },
    "0.0208": {
        "mean": 48.433332641919456,
        "std": 4.9594643733440655
    },
    "0.0133": {
        "mean": 38.593332966168724,
        "std": 8.111249561782435
    },
    "0.0085": {
        "mean": 20.630000283320744,
        "std": 7.620319409582978
    }
}