{
    "64.0000": {
        "mean": 7.783333212137222,
        "std": 6.182234288268763
    },
    "40.9600": {
        "mean": 1.4533333169917266,
        "std": 0.0694422189655298
    },
    "26.2144": {
        "mean": 1.9866666446129482,
        "std": 0.4845845520716846
    },
    "16.7772": {
        "mean": 2.483333336810271,
        "std": 0.8382655038874658
    },
    "10.7374": {
        "mean": 4.826666725178559,
        "std": 4.53468365953615
    },
    "6.8719": {
        "mean": 6.849999912083149,
        "std": 6.646146611173825
    },
    "4.3980": {
        "mean": 2.1733333046237626,
        "std": 0.8448405764615242
    },
    "2.8147": {
        "mean": 5.589999817311764,
        "std": 5.424063410708078
    },
    "1.8014": {
        "mean": 1.8499999927977722,
        "std": 0.8136747490454717
    },
    "1.1529": {
        "mean": 2.106666751205921,
        "std": 0.2840579034146398
    },
    "0.7379": {
        "mean": 2.006666734814644,
        "std": 0.27632508530959804
    },
    "0.4722": {
        "mean": 9.059999883174896,
        "std": 4.52236647970774
    },
    "0.3022": {
        "mean": 3.1933333103855452,
        "std": 1.5718425168647232
    },
    "0.1934": {
        "mean": 6.1533333112796145,
        "std": 3.19575074907366
    },
    "0.1238": {
        "mean": 6.750000019868215,
        "std": 1.9827421806618004
    },
    "0.0792": {
        "mean": 4.143333372970422,
        "std": 1.8807504832180324
    },
    "0.0507": {
        "mean": 8.916666607062021,
        "std": 1.657655524294458
    },
    "0.0325": {
        "mean": 8.71666669845581,
        "std": 2.6202459316898192
    },
    "0.0208": {
        "mean": 9.376666694879532,
        "std": 1.5829577344753567
    },
    "0.0133": {
        "mean": 8.303333322207132,
        "std": 2.385809893700041
    },
    "0.0085": {
        "mean": 9.793333460887274,
        "std": 0.2922708332361706
    }
}