{
    "64.0000": {
        "mean": 91.6700005531311,
        "std": 0.20049756814081485
    },
    "40.9600": {
        "mean": 91.13333423932393,
        "std": 0.028674325543817714
    },
    "26.2144": {
        "mean": 90.30666748682658,
        "std": 0.08178462327546823
    },
    "16.7772": {
        "mean": 89.18333450953166,
        "std": 0.08730495840365324
    },
    "10.7374": {
        "mean": 87.87333369255066,
        "std": 0.21561407571207566
    },
    "6.8719": {
        "mean": 86.17666562398274,
        "std": 0.19955578364017973
    },
    "4.3980": {
        "mean": 84.71999764442444,
        "std": 0.25455853563609776
    },
    "2.8147": {
        "mean": 82.79999891916911,
        "std": 0.17378058368313504
    },
    "1.8014": {
        "mean": 80.62000075976054,
        "std": 0.17049097892990517
    },
    "1.1529": {
        "mean": 77.16000080108643,
        "std": 0.12832259236455035
    },
    "0.7379": {
        "mean": 72.5433349609375,
        "std": 0.4076219784671926
    },
    "0.4722": {
        "mean": 63.46333225568136,
        "std": 0.5030810174061752
    },
    "0.3022": {
        "mean": 56.40000104904175,
        "std": 1.1237747572406867
    },
    "0.1934": {
        "mean": 48.303332924842834,
        "std": 0.6743060479453273
    },
    "0.1238": {
        "mean": 34.91333325703939,
        "std": 2.729313370886685
    },
    "0.0792": {
        "mean": 23.873333136240642,
        "std": 6.304079306697068
    }
}