{
    "64.0000": {
        "mean": 79.3500006198883,
        "std": 0.7354350092038773
    },
    "40.9600": {
        "mean": 79.01333371798198,
        "std": 0.6249440791244638
    },
    "26.2144": {
        "mean": 78.79333297411601,
        "std": 0.6038952121448243
    },
    "16.7772": {
        "mean": 78.56666644414265,
        "std": 0.3227302641052795
    },
    "10.7374": {
        "mean": 78.36999893188477,
        "std": 0.8302206329123332
    },
    "6.8719": {
        "mean": 77.51333514849345,
        "std": 0.6357320228183087
    },
    "4.3980": {
        "mean": 77.44666735331218,
        "std": 0.7700351031418626
    },
    "2.8147": {
        "mean": 76.4733334382375,
        "std": 0.6940364734813171
    },
    "1.8014": {
        "mean": 73.8099992275238,
        "std": 0.7605688999213844
    },
    "1.1529": {
        "mean": 68.22666724522908,
        "std": 0.6633405623069778
    },
    "0.7379": {
        "mean": 53.196666638056435,
        "std": 6.407611529824643
    },
    "0.4722": {
        "mean": 42.36666659514109,
        "std": 5.041959730729244
    },
    "0.3022": {
        "mean": 28.46666673819224,
        "std": 2.525302810380858
    },
    "0.1934": {
        "mean": 19.216666122277577,
        "std": 3.7274865777784427
    },
    "0.1238": {
        "mean": 16.093333065509796,
        "std": 2.5909628679290804
    },
    "0.0792": {
        "mean": 11.33000006278356,
        "std": 0.9865426888146849
    }
}