{
    "64.0000": {
        "mean": 93.45333377520244,
        "std": 0.1968653523432106
    },
    "40.9600": {
        "mean": 93.06333263715108,
        "std": 0.08576417266379076
    },
    "26.2144": {
        "mean": 92.93333292007446,
        "std": 0.10780464201880682
    },
    "16.7772": {
        "mean": 92.92333126068115,
        "std": 0.1697707432377226
    },
    "10.7374": {
        "mean": 92.50666697820027,
        "std": 0.204341509739709
    },
    "6.8719": {
        "mean": 91.68000022570293,
        "std": 0.27434703247938524
    },
    "4.3980": {
        "mean": 91.31666620572408,
        "std": 0.17442010020612372
    },
    "2.8147": {
        "mean": 90.37333329518636,
        "std": 0.12391581164930154
    },
    "1.8014": {
        "mean": 89.11999861399333,
        "std": 0.24385695864393653
    },
    "1.1529": {
        "mean": 87.58333325386047,
        "std": 0.11469961179717991
    },
    "0.7379": {
        "mean": 85.24666428565979,
        "std": 0.35159939681495966
    },
    "0.4722": {
        "mean": 82.02333450317383,
        "std": 0.6031763792231466
    },
    "0.3022": {
        "mean": 80.9000015258789,
        "std": 0.7100701414313639
    },
    "0.1934": {
        "mean": 79.21666502952576,
        "std": 0.16739808216348062
    },
    "0.1238": {
        "mean": 72.19333251317342,
        "std": 2.2451173086797414
    },
    "0.0792": {
        "mean": 65.7366673151652,
        "std": 0.2530257144280722
    },
    "0.0507": {
        "mean": 60.71333289146423,
        "std": 2.503229559670637
    },
    "0.0325": {
        "mean": 47.360000014305115,
        "std": 0.6444128264053385
    },
    "0.0208": {
        "mean": 25.73333332935969,
        "std": 5.606509736140332
    },
    "0.0133": {
        "mean": 13.516666988531748,
        "std": 4.973317938797106
    },
    "0.0085": {
        "mean": 10.000000149011612,
        "std": 0.0
    }
}