{
    "64.0000": {
        "mean": 9.776666760444641,
        "std": 0.24225774394165472
    },
    "40.9600": {
        "mean": 10.036666691303253,
        "std": 0.02624656947611852
    },
    "26.2144": {
        "mean": 8.956666539112726,
        "std": 1.2759398380179063
    },
    "16.7772": {
        "mean": 9.913333257039389,
        "std": 0.2072572701061964
    },
    "10.7374": {
        "mean": 9.626666704813639,
        "std": 0.527973220072232
    },
    "6.8719": {
        "mean": 8.970000098148981,
        "std": 1.4210089338597154
    },
    "4.3980": {
        "mean": 9.163333227237066,
        "std": 2.1096179876357564
    },
    "2.8147": {
        "mean": 9.98333344856898,
        "std": 0.062361082824322685
    },
    "1.8014": {
        "mean": 10.143333425124487,
        "std": 0.23893280679507284
    },
    "1.1529": {
        "mean": 12.766666462024054,
        "std": 1.6082357370935167
    },
    "0.7379": {
        "mean": 9.526666502157846,
        "std": 0.27047285501317514
    },
    "0.4722": {
        "mean": 10.72333330909411,
        "std": 0.8515217615865079
    },
    "0.3022": {
        "mean": 8.163333187500635,
        "std": 1.4350919775306656
    },
    "0.1934": {
        "mean": 9.14666677514712,
        "std": 0.7341812714283854
    },
    "0.1238": {
        "mean": 10.403333107630411,
        "std": 1.0265907973672108
    },
    "0.0792": {
        "mean": 9.80666677157084,
        "std": 0.3947434712284919
    },
    "0.0507": {
        "mean": 10.876666754484177,
        "std": 1.1027341415051481
    },
    "0.0325": {
        "mean": 10.090000182390213,
        "std": 1.6575283751137533
    },
    "0.0208": {
        "mean": 10.28000017007192,
        "std": 0.21416500627741988
    },
    "0.0133": {
        "mean": 10.000000149011612,
        "std": 0.0
    },
    "0.0085": {
        "mean": 10.000000149011612,
        "std": 0.0
    }
}