{
    "64.0000": {
        "mean": 93.27999949455261,
        "std": 0.14165806815822266
    },
    "40.9600": {
        "mean": 92.90999968846639,
        "std": 0.11343053540065248
    },
    "26.2144": {
        "mean": 92.93000102043152,
        "std": 0.15121662370781483
    },
    "16.7772": {
        "mean": 92.83666809399922,
        "std": 0.18856219044783917
    },
    "10.7374": {
        "mean": 92.31333335240681,
        "std": 0.08219132191452326
    },
    "6.8719": {
        "mean": 91.70666734377544,
        "std": 0.20368797253039872
    },
    "4.3980": {
        "mean": 90.89333415031433,
        "std": 0.03858703365552845
    },
    "2.8147": {
        "mean": 89.88999923070271,
        "std": 0.1710736891660854
    },
    "1.8014": {
        "mean": 88.32666675249736,
        "std": 0.08219132191452326
    },
    "1.1529": {
        "mean": 87.40000128746033,
        "std": 0.10984906418684873
    },
    "0.7379": {
        "mean": 85.96666852633159,
        "std": 0.3442218976360139
    },
    "0.4722": {
        "mean": 84.53999956448872,
        "std": 0.24535621814254344
    },
    "0.3022": {
        "mean": 82.78333346048991,
        "std": 0.4828638955863287
    },
    "0.1934": {
        "mean": 81.12666805585225,
        "std": 0.25315845686125543
    },
    "0.1238": {
        "mean": 78.39333415031433,
        "std": 0.3974357572814794
    },
    "0.0792": {
        "mean": 73.74999920527141,
        "std": 0.35138056798777184
    },
    "0.0507": {
        "mean": 67.68999894460042,
        "std": 0.2794063331592965
    },
    "0.0325": {
        "mean": 60.273333390553795,
        "std": 0.43606898390777127
    },
    "0.0208": {
        "mean": 47.19666739304861,
        "std": 1.8009321904208466
    },
    "0.0133": {
        "mean": 19.293333341677982,
        "std": 7.47369276240097
    },
    "0.0085": {
        "mean": 10.000000149011612,
        "std": 0.0
    }
}