{
    "64.0000": {
        "mean": 10.173333436250687,
        "std": 0.24513028562421077
    },
    "40.9600": {
        "mean": 10.003333538770676,
        "std": 0.004714125005943498
    },
    "26.2144": {
        "mean": 10.056666533152262,
        "std": 0.132748670571098
    },
    "16.7772": {
        "mean": 10.000000149011612,
        "std": 0.0
    },
    "10.7374": {
        "mean": 10.000000149011612,
        "std": 0.0
    },
    "6.8719": {
        "mean": 8.113333458701769,
        "std": 2.668149621113739
    },
    "4.3980": {
        "mean": 9.80666677157084,
        "std": 0.8681527911337449
    },
    "2.8147": {
        "mean": 10.000000149011612,
        "std": 0.0
    },
    "1.8014": {
        "mean": 10.953333228826523,
        "std": 1.2643133864028404
    },
    "1.1529": {
        "mean": 8.433333287636438,
        "std": 1.014341553633956
    },
    "0.7379": {
        "mean": 9.980000058809916,
        "std": 0.04320474963100818
    },
    "0.4722": {
        "mean": 7.806666940450668,
        "std": 1.0020756294313906
    },
    "0.3022": {
        "mean": 9.053333352009455,
        "std": 1.6961982185689315
    },
    "0.1934": {
        "mean": 9.686666478713354,
        "std": 1.8592532790127312
    },
    "0.1238": {
        "mean": 9.579999993244806,
        "std": 0.16872066216883563
    },
    "0.0792": {
        "mean": 9.563333044449488,
        "std": 1.3066071378772224
    },
    "0.0507": {
        "mean": 10.0833331545194,
        "std": 1.3957155653507762
    },
    "0.0325": {
        "mean": 10.290000090996424,
        "std": 1.2535019395587932
    },
    "0.0208": {
        "mean": 8.923333386580149,
        "std": 0.8997159387215524
    },
    "0.0133": {
        "mean": 9.860000014305115,
        "std": 0.19799008923598857
    },
    "0.0085": {
        "mean": 10.000000149011612,
        "std": 0.0
    }
}