{
    "64.0000": {
        "mean": 93.41333508491516,
        "std": 0.15923391735938983
    },
    "40.9600": {
        "mean": 93.07999809583028,
        "std": 0.12355859564395733
    },
    "26.2144": {
        "mean": 92.98666914304097,
        "std": 0.16110721150817325
    },
    "16.7772": {
        "mean": 92.739999294281,
        "std": 0.1485479045227954
    },
    "10.7374": {
        "mean": 92.34666625658672,
        "std": 0.06128303069977606
    },
    "6.8719": {
        "mean": 91.96333487828572,
        "std": 0.13199289107991563
    },
    "4.3980": {
        "mean": 91.50000015894572,
        "std": 0.17146422971445113
    },
    "2.8147": {
        "mean": 90.10666608810425,
        "std": 0.7661317664509526
    },
    "1.8014": {
        "mean": 88.25999895731609,
        "std": 1.3749428157594605
    },
    "1.1529": {
        "mean": 87.20333178838094,
        "std": 1.2900722117838483
    },
    "0.7379": {
        "mean": 83.43999981880188,
        "std": 1.1512028849722038
    },
    "0.4722": {
        "mean": 84.92000102996826,
        "std": 2.913839317611141
    },
    "0.3022": {
        "mean": 82.42000142733256,
        "std": 2.1729406919339374
    },
    "0.1934": {
        "mean": 83.30333431561787,
        "std": 0.3727683107039762
    },
    "0.1238": {
        "mean": 80.91333309809367,
        "std": 0.2345675015217507
    },
    "0.0792": {
        "mean": 76.67999863624573,
        "std": 0.7836245079103451
    },
    "0.0507": {
        "mean": 69.75333293279012,
        "std": 2.282168278864115
    },
    "0.0325": {
        "mean": 58.850000301996864,
        "std": 4.8682708288910606
    },
    "0.0208": {
        "mean": 53.346665700276695,
        "std": 1.345666937392755
    },
    "0.0133": {
        "mean": 39.71000015735626,
        "std": 1.8727690918873898
    },
    "0.0085": {
        "mean": 26.993333796660107,
        "std": 5.344663288021708
    }
}