{
    "64.0000": {
        "mean": 12.793333331743876,
        "std": 4.018974684092625
    },
    "40.9600": {
        "mean": 7.640000060200691,
        "std": 2.339786395564402
    },
    "26.2144": {
        "mean": 4.896666606267293,
        "std": 1.0040695004773719
    },
    "16.7772": {
        "mean": 6.359999875227611,
        "std": 4.177750445128156
    },
    "10.7374": {
        "mean": 4.7433332229654,
        "std": 1.6454448005524338
    },
    "6.8719": {
        "mean": 9.586666524410248,
        "std": 2.6439655829795745
    },
    "4.3980": {
        "mean": 8.413333197434744,
        "std": 3.9857771760856546
    },
    "2.8147": {
        "mean": 16.84666673342387,
        "std": 1.0879438265533785
    },
    "1.8014": {
        "mean": 5.233333383997281,
        "std": 0.9829322052977044
    },
    "1.1529": {
        "mean": 11.296666910250982,
        "std": 6.713828284663572
    },
    "0.7379": {
        "mean": 7.863333324591319,
        "std": 7.6535148735928
    },
    "0.4722": {
        "mean": 6.866666581481695,
        "std": 4.975113448766081
    },
    "0.3022": {
        "mean": 6.75999994079272,
        "std": 3.0905123602652305
    },
    "0.1934": {
        "mean": 7.643333325783412,
        "std": 3.1083150719041446
    },
    "0.1238": {
        "mean": 6.963333487510681,
        "std": 1.6405758715557106
    },
    "0.0792": {
        "mean": 6.173333401481311,
        "std": 1.939318193482092
    },
    "0.0507": {
        "mean": 8.380000044902166,
        "std": 2.156030338467213
    },
    "0.0325": {
        "mean": 8.950000007947287,
        "std": 1.4991552294828012
    },
    "0.0208": {
        "mean": 9.266666819651922,
        "std": 0.9452454295595699
    },
    "0.0133": {
        "mean": 9.170000006755194,
        "std": 0.35860836986032774
    },
    "0.0085": {
        "mean": 10.430000225702921,
        "std": 0.7403153676677687
    }
}