{
    "64.0000": {
        "mean": 93.63666574160258,
        "std": 0.036819122875453116
    },
    "40.9600": {
        "mean": 93.50666801134746,
        "std": 0.1751819130745915
    },
    "26.2144": {
        "mean": 93.38333408037822,
        "std": 0.07845812806706731
    },
    "16.7772": {
        "mean": 93.02999973297119,
        "std": 0.16309508419273416
    },
    "10.7374": {
        "mean": 92.75333285331726,
        "std": 0.17931858264857775
    },
    "6.8719": {
        "mean": 92.43666529655457,
        "std": 0.01885650002377399
    },
    "4.3980": {
        "mean": 91.84333284695943,
        "std": 0.05185467261790329
    },
    "2.8147": {
        "mean": 91.54666662216187,
        "std": 0.1296995649588265
    },
    "1.8014": {
        "mean": 90.68999886512756,
        "std": 0.14306119405051423
    },
    "1.1529": {
        "mean": 89.95666702588399,
        "std": 0.11323380551931826
    },
    "0.7379": {
        "mean": 88.78333369890849,
        "std": 0.3194079175765434
    },
    "0.4722": {
        "mean": 87.88333336512248,
        "std": 0.19189140126320547
    },
    "0.3022": {
        "mean": 86.46666606267293,
        "std": 0.30728233283680884
    },
    "0.1934": {
        "mean": 84.37666694323222,
        "std": 0.1102510688936038
    },
    "0.1238": {
        "mean": 82.3633333047231,
        "std": 0.319825243258486
    },
    "0.0792": {
        "mean": 79.94333306948344,
        "std": 0.12657805122020993
    },
    "0.0507": {
        "mean": 76.54333511988322,
        "std": 0.3382632647778974
    },
    "0.0325": {
        "mean": 72.3200003306071,
        "std": 0.21602466787431002
    },
    "0.0208": {
        "mean": 68.32666595776875,
        "std": 0.5411315803120476
    },
    "0.0133": {
        "mean": 63.51999839146932,
        "std": 1.202191018124331
    },
    "0.0085": {
        "mean": 57.89333383242289,
        "std": 0.30125667073964313
    }
}