{
    "64.0000": {
        "mean": 79.26666537920634,
        "std": 0.04713984516448461
    },
    "40.9600": {
        "mean": 81.97000026702881,
        "std": 0.04966538871466236
    },
    "26.2144": {
        "mean": 82.65666564305623,
        "std": 0.2776486810115486
    },
    "16.7772": {
        "mean": 82.18666513760884,
        "std": 0.4572628186748621
    },
    "10.7374": {
        "mean": 81.83333277702332,
        "std": 0.1517291339417887
    },
    "6.8719": {
        "mean": 82.0466677347819,
        "std": 0.3600316136542883
    },
    "4.3980": {
        "mean": 81.79666598637898,
        "std": 0.42624961606970974
    },
    "2.8147": {
        "mean": 81.37666583061218,
        "std": 0.3514105210487681
    },
    "1.8014": {
        "mean": 81.00000023841858,
        "std": 0.07874027616164866
    },
    "1.1529": {
        "mean": 80.4366668065389,
        "std": 0.2683715761939687
    },
    "0.7379": {
        "mean": 79.76333498954773,
        "std": 0.3521662625833004
    },
    "0.4722": {
        "mean": 78.69333426157634,
        "std": 0.27644741582671245
    },
    "0.3022": {
        "mean": 77.65666842460632,
        "std": 0.3380660959132962
    },
    "0.1934": {
        "mean": 76.0699987411499,
        "std": 0.2475199752383302
    },
    "0.1238": {
        "mean": 73.87333313624065,
        "std": 0.4631280820887606
    },
    "0.0792": {
        "mean": 69.60333387056987,
        "std": 0.8884569594050578
    },
    "0.0507": {
        "mean": 65.89333216349284,
        "std": 0.4410090810906756
    },
    "0.0325": {
        "mean": 59.87666646639506,
        "std": 1.8856880784415
    },
    "0.0208": {
        "mean": 51.88666681448618,
        "std": 2.625620713441093
    },
    "0.0133": {
        "mean": 45.15333374341329,
        "std": 1.7005158927718165
    },
    "0.0085": {
        "mean": 34.85666712125143,
        "std": 3.9710399949186046
    }
}