{
    "64.0000": {
        "mean": 93.21999947230022,
        "std": 0.07483335249487696
    },
    "40.9600": {
        "mean": 92.91999936103821,
        "std": 0.12754082120224353
    },
    "26.2144": {
        "mean": 92.40666627883911,
        "std": 0.09428250011886995
    },
    "16.7772": {
        "mean": 92.15666651725769,
        "std": 0.15106853891035468
    },
    "10.7374": {
        "mean": 91.65666699409485,
        "std": 0.08653787997010144
    },
    "6.8719": {
        "mean": 90.66333373387654,
        "std": 0.20757938710456153
    },
    "4.3980": {
        "mean": 89.8033340771993,
        "std": 0.28963445857412673
    },
    "2.8147": {
        "mean": 88.06666533152263,
        "std": 0.3026910531993878
    },
    "1.8014": {
        "mean": 87.64666716257732,
        "std": 0.36233921188991974
    },
    "1.1529": {
        "mean": 86.5499993165334,
        "std": 0.5062267160627707
    },
    "0.7379": {
        "mean": 84.47333375612895,
        "std": 0.7831684557791568
    },
    "0.4722": {
        "mean": 82.85666704177856,
        "std": 0.1586037062795343
    },
    "0.3022": {
        "mean": 80.2733341852824,
        "std": 0.1653949263329381
    },
    "0.1934": {
        "mean": 77.09333101908366,
        "std": 0.5308072212585134
    },
    "0.1238": {
        "mean": 73.95333250363667,
        "std": 1.8108075069761245
    },
    "0.0792": {
        "mean": 72.75000015894572,
        "std": 3.6169707142322265
    },
    "0.0507": {
        "mean": 65.34666816393535,
        "std": 0.1543443585747891
    },
    "0.0325": {
        "mean": 63.586666186650596,
        "std": 4.742582498334881
    },
    "0.0208": {
        "mean": 57.82333413759867,
        "std": 0.6159178535509516
    },
    "0.0133": {
        "mean": 49.99666611353556,
        "std": 3.214987955109182
    },
    "0.0085": {
        "mean": 42.97666748364767,
        "std": 0.8477554555005613
    }
}