{
    "64.0000": {
        "mean": 22.439999381701153,
        "std": 3.6417117748755006
    },
    "40.9600": {
        "mean": 19.32333360115687,
        "std": 0.40185690885090597
    },
    "26.2144": {
        "mean": 12.776666972786188,
        "std": 8.646927741503811
    },
    "16.7772": {
        "mean": 8.760000066831708,
        "std": 8.8179060061506
    },
    "10.7374": {
        "mean": 1.0966666353245575,
        "std": 0.29227081270091176
    },
    "6.8719": {
        "mean": 1.2033333691457908,
        "std": 0.23442600495495045
    },
    "4.3980": {
        "mean": 8.079999933640162,
        "std": 9.780214660592543
    },
    "2.8147": {
        "mean": 13.293333227435747,
        "std": 8.453560677648719
    },
    "1.8014": {
        "mean": 3.7466665419439473,
        "std": 2.921715470632416
    },
    "1.1529": {
        "mean": 6.903333310037851,
        "std": 7.876591144245499
    },
    "0.7379": {
        "mean": 4.983333311975002,
        "std": 4.6970936809926105
    },
    "0.4722": {
        "mean": 3.4933332353830338,
        "std": 2.4025863958234033
    },
    "0.3022": {
        "mean": 4.2733334004879,
        "std": 3.060984023563614
    },
    "0.1934": {
        "mean": 2.7366666744152703,
        "std": 1.2585264932405755
    },
    "0.1238": {
        "mean": 2.063333367307981,
        "std": 0.6342099387911272
    },
    "0.0792": {
        "mean": 3.876666600505511,
        "std": 1.1640828522907796
    },
    "0.0507": {
        "mean": 7.133333509167035,
        "std": 3.85916525236527
    },
    "0.0325": {
        "mean": 12.88666675488154,
        "std": 2.1361389900198833
    },
    "0.0208": {
        "mean": 3.116666649778684,
        "std": 0.7252279286548609
    },
    "0.0133": {
        "mean": 4.569999873638153,
        "std": 1.176463617505262
    },
    "0.0085": {
        "mean": 6.676666811108589,
        "std": 2.2691017803651983
    }
}