{
    "64.0000": {
        "mean": 91.4466659228007,
        "std": 0.10338675103758162
    },
    "40.9600": {
        "mean": 90.68666696548462,
        "std": 0.09533446469817741
    },
    "26.2144": {
        "mean": 89.70666527748108,
        "std": 0.2369713280147085
    },
    "16.7772": {
        "mean": 88.57333262761433,
        "std": 0.049887485692383014
    },
    "10.7374": {
        "mean": 87.11333274841309,
        "std": 0.35159939681495966
    },
    "6.8719": {
        "mean": 85.91000239054362,
        "std": 0.1349078183941309
    },
    "4.3980": {
        "mean": 83.99666746457417,
        "std": 0.11145384982736703
    },
    "2.8147": {
        "mean": 82.17333157857259,
        "std": 0.2708426497991373
    },
    "1.8014": {
        "mean": 79.4000009695689,
        "std": 0.2619158613548183
    },
    "1.1529": {
        "mean": 75.99666714668274,
        "std": 0.36298009923619906
    },
    "0.7379": {
        "mean": 70.75999975204468,
        "std": 1.0113678841252938
    },
    "0.4722": {
        "mean": 63.32666675249735,
        "std": 1.450456512528085
    },
    "0.3022": {
        "mean": 56.756665309270225,
        "std": 0.5370494259289146
    },
    "0.1934": {
        "mean": 44.29999987284342,
        "std": 0.12027643709027482
    },
    "0.1238": {
        "mean": 37.899998823801674,
        "std": 0.5834951842250256
    },
    "0.0792": {
        "mean": 33.1166664759318,
        "std": 1.861045064552633
    }
}