{
    "64.0000": {
        "mean": 93.48333477973938,
        "std": 0.03681660458887429
    },
    "40.9600": {
        "mean": 91.85666640599568,
        "std": 0.2922720341947677
    },
    "26.2144": {
        "mean": 92.89999802907307,
        "std": 0.10801187408223153
    },
    "16.7772": {
        "mean": 88.77333402633667,
        "std": 0.1685884099902983
    },
    "10.7374": {
        "mean": 85.56333382924397,
        "std": 2.4196733379098614
    },
    "6.8719": {
        "mean": 87.6033325990041,
        "std": 4.301979956527201
    },
    "4.3980": {
        "mean": 87.50000198682149,
        "std": 2.5138421528480777
    },
    "2.8147": {
        "mean": 89.74666794141133,
        "std": 0.2548635778595869
    },
    "1.8014": {
        "mean": 86.189999183019,
        "std": 2.5666066832126146
    },
    "1.1529": {
        "mean": 86.46666606267293,
        "std": 0.462267164308642
    },
    "0.7379": {
        "mean": 81.6100001335144,
        "std": 1.995209939056277
    },
    "0.4722": {
        "mean": 81.26999934514363,
        "std": 0.4315075594186738
    },
    "0.3022": {
        "mean": 77.07666556040446,
        "std": 1.5462930045853065
    },
    "0.1934": {
        "mean": 67.58666435877483,
        "std": 5.513512934881101
    },
    "0.1238": {
        "mean": 67.42999951044719,
        "std": 0.8962536670355642
    },
    "0.0792": {
        "mean": 44.163333624601364,
        "std": 24.199105106085536
    },
    "0.0507": {
        "mean": 57.62333273887634,
        "std": 1.7729519006362537
    },
    "0.0325": {
        "mean": 53.076666593551636,
        "std": 1.783524074824509
    },
    "0.0208": {
        "mean": 25.646667182445526,
        "std": 22.127728724618244
    },
    "0.0133": {
        "mean": 14.683333535989126,
        "std": 6.623233592978322
    },
    "0.0085": {
        "mean": 10.000000149011612,
        "std": 0.0
    }
}