{
    "64.0000": {
        "mean": 9.296666582425436,
        "std": 1.4813131774354227
    },
    "40.9600": {
        "mean": 9.46333333849907,
        "std": 0.3934747735263946
    },
    "26.2144": {
        "mean": 7.643333077430725,
        "std": 2.5233354749548704
    },
    "16.7772": {
        "mean": 7.876666635274887,
        "std": 1.527554282555646
    },
    "10.7374": {
        "mean": 9.853333234786987,
        "std": 1.2128297480634624
    },
    "6.8719": {
        "mean": 9.146666526794434,
        "std": 0.754644904432338
    },
    "4.3980": {
        "mean": 7.446666682759921,
        "std": 2.65337924154007
    },
    "2.8147": {
        "mean": 6.643333161870639,
        "std": 0.455363078448849
    },
    "1.8014": {
        "mean": 6.006666645407677,
        "std": 0.6549470105700326
    },
    "1.1529": {
        "mean": 6.069999933242798,
        "std": 1.6403860969890953
    },
    "0.7379": {
        "mean": 7.71666665871938,
        "std": 0.1438363039812263
    },
    "0.4722": {
        "mean": 5.703333392739296,
        "std": 0.5631064688281678
    },
    "0.3022": {
        "mean": 6.1899999777476,
        "std": 1.121784116441017
    },
    "0.1934": {
        "mean": 8.720000088214874,
        "std": 1.120208547127615
    },
    "0.1238": {
        "mean": 7.840000092983246,
        "std": 0.6597474933404188
    },
    "0.0792": {
        "mean": 9.763333449761072,
        "std": 0.40002784745318276
    },
    "0.0507": {
        "mean": 9.866666545470556,
        "std": 1.1617610001174308
    },
    "0.0325": {
        "mean": 9.453333417574564,
        "std": 1.816816625238001
    },
    "0.0208": {
        "mean": 10.12333333492279,
        "std": 0.17441946420627108
    },
    "0.0133": {
        "mean": 10.250000158945719,
        "std": 0.3535534046422233
    },
    "0.0085": {
        "mean": 10.000000149011612,
        "std": 0.0
    }
}