{
    "64.0000": {
        "mean": 91.69999957084656,
        "std": 0.024494095395858555
    },
    "40.9600": {
        "mean": 90.92000126838684,
        "std": 0.3278202143510067
    },
    "26.2144": {
        "mean": 89.24000064531963,
        "std": 0.22449952646729598
    },
    "16.7772": {
        "mean": 87.72666851679485,
        "std": 0.46197722610771097
    },
    "10.7374": {
        "mean": 85.92000007629395,
        "std": 0.31379344270086296
    },
    "6.8719": {
        "mean": 80.71000178654988,
        "std": 3.0986873608377286
    },
    "4.3980": {
        "mean": 79.56666747728984,
        "std": 1.454654925181953
    },
    "2.8147": {
        "mean": 54.04000009099642,
        "std": 31.145644908818525
    },
    "1.8014": {
        "mean": 63.853333393732704,
        "std": 4.3438857234767525
    },
    "1.1529": {
        "mean": 57.94333418210348,
        "std": 5.889293229020096
    },
    "0.7379": {
        "mean": 21.60666634639104,
        "std": 16.41430475027135
    },
    "0.4722": {
        "mean": 28.160000095764797,
        "std": 16.102778333258176
    },
    "0.3022": {
        "mean": 29.5333335796992,
        "std": 2.2790682719144946
    },
    "0.1934": {
        "mean": 20.78000009059906,
        "std": 2.8836553724207863
    },
    "0.1238": {
        "mean": 15.543333689371744,
        "std": 1.7516530287684018
    },
    "0.0792": {
        "mean": 15.890000015497208,
        "std": 5.950411796302275
    }
}