{
    "64.0000": {
        "mean": 9.399999926487604,
        "std": 0.9284754792531099
    },
    "40.9600": {
        "mean": 9.676666557788849,
        "std": 1.364901504270968
    },
    "26.2144": {
        "mean": 9.236666560173035,
        "std": 0.8513650233388217
    },
    "16.7772": {
        "mean": 9.053333352009455,
        "std": 0.08498383078418627
    },
    "10.7374": {
        "mean": 8.659999817609787,
        "std": 1.7494569763664543
    },
    "6.8719": {
        "mean": 9.309999893109003,
        "std": 2.1204874039159627
    },
    "4.3980": {
        "mean": 9.046666820844015,
        "std": 1.1269229611067366
    },
    "2.8147": {
        "mean": 9.620000173648199,
        "std": 1.1742514169784806
    },
    "1.8014": {
        "mean": 10.223333537578583,
        "std": 0.9048142956808364
    },
    "1.1529": {
        "mean": 9.750000139077505,
        "std": 0.2669582089222979
    },
    "0.7379": {
        "mean": 9.98333344856898,
        "std": 0.023570273805979897
    },
    "0.4722": {
        "mean": 10.350000113248825,
        "std": 0.4949746962543651
    },
    "0.3022": {
        "mean": 9.38333347439766,
        "std": 0.8720983747025682
    },
    "0.1934": {
        "mean": 9.136666854222616,
        "std": 1.2209376543388482
    },
    "0.1238": {
        "mean": 9.996666759252548,
        "std": 0.004714125005943498
    },
    "0.0792": {
        "mean": 10.000000149011612,
        "std": 0.0
    }
}