{
    "64.0000": {
        "mean": 55.89999953905741,
        "std": 3.129738565827085
    },
    "40.9600": {
        "mean": 68.12666654586792,
        "std": 11.188720110242786
    },
    "26.2144": {
        "mean": 54.83666658401489,
        "std": 13.732652362716168
    },
    "16.7772": {
        "mean": 64.99666770299275,
        "std": 0.9625434382170381
    },
    "10.7374": {
        "mean": 67.65999794006348,
        "std": 1.0585212273299482
    },
    "6.8719": {
        "mean": 74.00333086649577,
        "std": 1.8111014138776753
    },
    "4.3980": {
        "mean": 71.16333444913228,
        "std": 1.469179688264659
    },
    "2.8147": {
        "mean": 71.79333368937175,
        "std": 0.06235909157968175
    },
    "1.8014": {
        "mean": 69.20000116030376,
        "std": 0.660353080536944
    },
    "1.1529": {
        "mean": 63.43999902407328,
        "std": 0.6963242389555707
    },
    "0.7379": {
        "mean": 56.16333484649658,
        "std": 1.25244691460055
    },
    "0.4722": {
        "mean": 47.05000023047129,
        "std": 3.203717508046003
    },
    "0.3022": {
        "mean": 31.68333371480306,
        "std": 3.5073853239828217
    },
    "0.1934": {
        "mean": 13.14999982714653,
        "std": 2.049893960065258
    },
    "0.1238": {
        "mean": 14.056666692097982,
        "std": 2.5602646164180385
    },
    "0.0792": {
        "mean": 13.93333300948143,
        "std": 2.813506756063767
    }
}