{
    "64.0000": {
        "mean": 93.41999888420105,
        "std": 0.032660416094100295
    },
    "40.9600": {
        "mean": 92.9466684659322,
        "std": 0.046428247586913204
    },
    "26.2144": {
        "mean": 92.9799993832906,
        "std": 0.0816510402473371
    },
    "16.7772": {
        "mean": 92.7833338578542,
        "std": 0.22895898209741541
    },
    "10.7374": {
        "mean": 91.95666710535686,
        "std": 0.2309867207482984
    },
    "6.8719": {
        "mean": 92.14666485786438,
        "std": 0.23012113997836348
    },
    "4.3980": {
        "mean": 91.01333419481914,
        "std": 0.049216842706071164
    },
    "2.8147": {
        "mean": 90.47666788101196,
        "std": 0.2451296372112282
    },
    "1.8014": {
        "mean": 90.34000039100647,
        "std": 0.18018587971580555
    },
    "1.1529": {
        "mean": 89.54333464304607,
        "std": 0.1027401998646123
    },
    "0.7379": {
        "mean": 88.5699987411499,
        "std": 0.13490546203180095
    },
    "0.4722": {
        "mean": 87.20333178838094,
        "std": 0.2735373026746072
    },
    "0.3022": {
        "mean": 85.98999977111816,
        "std": 0.4062844931035731
    },
    "0.1934": {
        "mean": 84.08333261807759,
        "std": 0.2577246092329336
    },
    "0.1238": {
        "mean": 81.15999897321065,
        "std": 0.41816959692696126
    },
    "0.0792": {
        "mean": 77.99000144004822,
        "std": 0.19304589191540109
    },
    "0.0507": {
        "mean": 72.12000091870625,
        "std": 0.3212470687593249
    },
    "0.0325": {
        "mean": 65.13666709264119,
        "std": 0.3623381517784213
    },
    "0.0208": {
        "mean": 56.556665897369385,
        "std": 1.3752665979048422
    },
    "0.0133": {
        "mean": 31.606667240460713,
        "std": 9.63216968567527
    },
    "0.0085": {
        "mean": 10.000000149011612,
        "std": 0.0
    }
}