{
    "64.0000": {
        "mean": 79.63666717211406,
        "std": 0.17461006852486433
    },
    "40.9600": {
        "mean": 78.48999897638957,
        "std": 1.966027616473892
    },
    "26.2144": {
        "mean": 81.28333290417989,
        "std": 0.15282486366322964
    },
    "16.7772": {
        "mean": 78.65333358446757,
        "std": 1.2831549979492434
    },
    "10.7374": {
        "mean": 75.07999936739604,
        "std": 0.5184606744492833
    },
    "6.8719": {
        "mean": 75.34333268801372,
        "std": 0.0464282475869132
    },
    "4.3980": {
        "mean": 79.7266681989034,
        "std": 0.3125525080003154
    },
    "2.8147": {
        "mean": 79.48333223660786,
        "std": 0.239212741338259
    },
    "1.8014": {
        "mean": 78.44666639963786,
        "std": 0.0713354744103914
    },
    "1.1529": {
        "mean": 77.53333449363708,
        "std": 0.18979544062912745
    },
    "0.7379": {
        "mean": 75.58666467666626,
        "std": 0.649838206900035
    },
    "0.4722": {
        "mean": 73.82000088691711,
        "std": 0.24055502160930037
    },
    "0.3022": {
        "mean": 68.90999873479207,
        "std": 0.8673335107820033
    },
    "0.1934": {
        "mean": 65.91333349545796,
        "std": 0.830313719834823
    },
    "0.1238": {
        "mean": 60.113332668940224,
        "std": 0.5675867628868458
    },
    "0.0792": {
        "mean": 52.336668968200684,
        "std": 0.8008475167368653
    },
    "0.0507": {
        "mean": 43.90333294868469,
        "std": 0.8843211646595495
    },
    "0.0325": {
        "mean": 33.453333377838135,
        "std": 0.960913021519963
    },
    "0.0208": {
        "mean": 24.60666646560033,
        "std": 0.7198299316159221
    },
    "0.0133": {
        "mean": 14.650000135103861,
        "std": 2.8013329028405107
    },
    "0.0085": {
        "mean": 10.000000149011612,
        "std": 0.0
    }
}