{
    "64.0000": {
        "mean": 93.78333290417989,
        "std": 0.101434147204289
    },
    "40.9600": {
        "mean": 93.38333408037822,
        "std": 0.12762944327333373
    },
    "26.2144": {
        "mean": 93.40999921162923,
        "std": 0.20314117070124973
    },
    "16.7772": {
        "mean": 93.30000082651775,
        "std": 0.22015117364663359
    },
    "10.7374": {
        "mean": 92.90333191553752,
        "std": 0.243629581411286
    },
    "6.8719": {
        "mean": 92.95000036557515,
        "std": 0.1186030603888357
    },
    "4.3980": {
        "mean": 92.67999927202861,
        "std": 0.021603294541564223
    },
    "2.8147": {
        "mean": 92.17666586240132,
        "std": 0.09809212265958867
    },
    "1.8014": {
        "mean": 91.80333216985066,
        "std": 0.2619603422564249
    },
    "1.1529": {
        "mean": 91.34000142415364,
        "std": 0.07071117264167728
    },
    "0.7379": {
        "mean": 90.83000024159749,
        "std": 0.264954274033471
    },
    "0.4722": {
        "mean": 89.80000019073486,
        "std": 0.2201500004213636
    },
    "0.3022": {
        "mean": 88.85333339373271,
        "std": 0.17632033890198884
    },
    "0.1934": {
        "mean": 86.90666755040486,
        "std": 0.12256357581517792
    },
    "0.1238": {
        "mean": 84.76000030835469,
        "std": 0.2747115579546064
    },
    "0.0792": {
        "mean": 80.6933343410492,
        "std": 0.8165500407867883
    },
    "0.0507": {
        "mean": 74.23333128293355,
        "std": 1.3985076950179836
    },
    "0.0325": {
        "mean": 65.4366672039032,
        "std": 2.124231445075228
    },
    "0.0208": {
        "mean": 33.84000087777773,
        "std": 16.857623915234083
    },
    "0.0133": {
        "mean": 23.6566665271918,
        "std": 9.801408962429315
    },
    "0.0085": {
        "mean": 15.936667223771414,
        "std": 8.39571509241912
    }
}