{
    "64.0000": {
        "mean": 85.5733335018158,
        "std": 0.16438232149086346
    },
    "40.9600": {
        "mean": 85.4200005531311,
        "std": 0.20832718888826987
    },
    "26.2144": {
        "mean": 85.316667954127,
        "std": 0.17249701020051633
    },
    "16.7772": {
        "mean": 85.40333310763042,
        "std": 0.1815358749218264
    },
    "10.7374": {
        "mean": 85.5133314927419,
        "std": 0.14290572433365945
    },
    "6.8719": {
        "mean": 85.48333247502644,
        "std": 0.2117136590740886
    },
    "4.3980": {
        "mean": 85.38333574930827,
        "std": 0.18856219044783917
    },
    "2.8147": {
        "mean": 85.27666727701823,
        "std": 0.13695246843063089
    },
    "1.8014": {
        "mean": 84.906667470932,
        "std": 0.1307243341190969
    },
    "1.1529": {
        "mean": 84.15000041325887,
        "std": 0.19442321278079197
    },
    "0.7379": {
        "mean": 82.47333367665608,
        "std": 0.5336871529825586
    },
    "0.4722": {
        "mean": 79.67000007629395,
        "std": 1.1983600903869633
    },
    "0.3022": {
        "mean": 74.32000041007996,
        "std": 1.314254693852974
    },
    "0.1934": {
        "mean": 64.93666569391887,
        "std": 0.5900477793222655
    },
    "0.1238": {
        "mean": 48.51999978224436,
        "std": 2.080495406745066
    },
    "0.0792": {
        "mean": 31.18666708469391,
        "std": 4.979386651130482
    },
    "0.0507": {
        "mean": 18.39333325624466,
        "std": 4.461437748604064
    },
    "0.0325": {
        "mean": 14.893333613872528,
        "std": 1.1955844583709767
    },
    "0.0208": {
        "mean": 11.636666705211004,
        "std": 1.0429555621548665
    },
    "0.0133": {
        "mean": 10.086666544278463,
        "std": 0.244585821917907
    },
    "0.0085": {
        "mean": 10.486666858196259,
        "std": 0.6882506604844101
    }
}