{
    "64.0000": {
        "mean": 91.73666636149089,
        "std": 0.07845770604093241
    },
    "40.9600": {
        "mean": 90.5133346716563,
        "std": 0.24850652693537126
    },
    "26.2144": {
        "mean": 89.62000012397766,
        "std": 0.16872158951523786
    },
    "16.7772": {
        "mean": 88.03666631380717,
        "std": 0.13199289107991563
    },
    "10.7374": {
        "mean": 85.79333424568176,
        "std": 0.37366133963473697
    },
    "6.8719": {
        "mean": 81.73333406448364,
        "std": 0.8064045354581941
    },
    "4.3980": {
        "mean": 81.11000061035156,
        "std": 0.35693081180892783
    },
    "2.8147": {
        "mean": 47.65666648745537,
        "std": 26.6277601485173
    },
    "1.8014": {
        "mean": 44.36666692296664,
        "std": 24.357920628329783
    },
    "1.1529": {
        "mean": 60.98333199818929,
        "std": 1.2947153626329826
    },
    "0.7379": {
        "mean": 48.38666717211405,
        "std": 6.632849717244764
    },
    "0.4722": {
        "mean": 41.18333359559377,
        "std": 3.735436870339498
    },
    "0.3022": {
        "mean": 31.416666507720947,
        "std": 2.5784280496453307
    },
    "0.1934": {
        "mean": 26.853333910306294,
        "std": 2.958618434353048
    },
    "0.1238": {
        "mean": 11.733333269755045,
        "std": 2.451303207465845
    },
    "0.0792": {
        "mean": 16.366667052110035,
        "std": 9.003826681473702
    }
}