{
    "64.0000": {
        "mean": 11.12333337465922,
        "std": 1.4134905164099396
    },
    "40.9600": {
        "mean": 9.866666793823242,
        "std": 0.09463379818840452
    },
    "26.2144": {
        "mean": 11.483333259820938,
        "std": 1.5908972891467574
    },
    "16.7772": {
        "mean": 9.573333462079367,
        "std": 0.6033978152723776
    },
    "10.7374": {
        "mean": 8.853333195050558,
        "std": 0.9982095652728464
    },
    "6.8719": {
        "mean": 10.196666667858759,
        "std": 0.29238486432146316
    },
    "4.3980": {
        "mean": 7.966666668653488,
        "std": 2.3124636701382166
    },
    "2.8147": {
        "mean": 9.98999997973442,
        "std": 0.014142375017830493
    },
    "1.8014": {
        "mean": 9.166666865348816,
        "std": 1.1785112317328317
    },
    "1.1529": {
        "mean": 8.393333355585733,
        "std": 0.529548886942439
    },
    "0.7379": {
        "mean": 7.539999981721242,
        "std": 0.7161470350183915
    },
    "0.4722": {
        "mean": 7.52333328127861,
        "std": 2.2966689583317623
    },
    "0.3022": {
        "mean": 6.896666685740153,
        "std": 1.2806336066333197
    },
    "0.1934": {
        "mean": 10.36666656533877,
        "std": 0.5024165852085811
    },
    "0.1238": {
        "mean": 10.066666702429453,
        "std": 0.09428074400018199
    },
    "0.0792": {
        "mean": 10.520000010728836,
        "std": 0.7353908568726323
    }
}