{
    "64.0000": {
        "mean": 93.70333353678386,
        "std": 0.07318258339462339
    },
    "40.9600": {
        "mean": 93.63666574160258,
        "std": 0.17969172063741462
    },
    "26.2144": {
        "mean": 93.4600015481313,
        "std": 0.21275843759032123
    },
    "16.7772": {
        "mean": 93.40333342552185,
        "std": 0.23795409719362454
    },
    "10.7374": {
        "mean": 93.03999940554301,
        "std": 0.01414167257035531
    },
    "6.8719": {
        "mean": 92.77000029881795,
        "std": 0.05715312102712124
    },
    "4.3980": {
        "mean": 92.67333149909973,
        "std": 0.17556199482088627
    },
    "2.8147": {
        "mean": 92.3199991385142,
        "std": 0.15253497280656722
    },
    "1.8014": {
        "mean": 91.7466660340627,
        "std": 0.10338860870284422
    },
    "1.1529": {
        "mean": 91.25666817029317,
        "std": 0.20531912473352712
    },
    "0.7379": {
        "mean": 90.27666648228963,
        "std": 0.2288123168611168
    },
    "0.4722": {
        "mean": 89.49000040690105,
        "std": 0.08041682495135179
    },
    "0.3022": {
        "mean": 88.11999956766765,
        "std": 0.12027726304103914
    },
    "0.1934": {
        "mean": 86.37333313624065,
        "std": 0.28429240285538204
    },
    "0.1238": {
        "mean": 83.66333444913228,
        "std": 0.3878441306228072
    },
    "0.0792": {
        "mean": 79.86999948819478,
        "std": 0.20832709352112627
    },
    "0.0507": {
        "mean": 76.23666723569234,
        "std": 0.24143170092143026
    },
    "0.0325": {
        "mean": 71.3266670703888,
        "std": 0.19362021378378844
    },
    "0.0208": {
        "mean": 65.44333299001057,
        "std": 0.650658362897581
    },
    "0.0133": {
        "mean": 59.13666486740112,
        "std": 0.2206556773508955
    },
    "0.0085": {
        "mean": 54.323333501815796,
        "std": 0.7207557514923141
    }
}