{
    "64.0000": {
        "mean": 91.69333378473918,
        "std": 0.07318258339462339
    },
    "40.9600": {
        "mean": 91.12666646639506,
        "std": 0.18116872861328265
    },
    "26.2144": {
        "mean": 90.15666842460632,
        "std": 0.13274774761925787
    },
    "16.7772": {
        "mean": 89.21999931335449,
        "std": 0.2631868593288345
    },
    "10.7374": {
        "mean": 88.04333408673604,
        "std": 0.41250070624858554
    },
    "6.8719": {
        "mean": 86.34999990463257,
        "std": 0.20848613700107047
    },
    "4.3980": {
        "mean": 84.65999960899353,
        "std": 0.0883194411315387
    },
    "2.8147": {
        "mean": 82.48000144958496,
        "std": 0.2699384546190562
    },
    "1.8014": {
        "mean": 80.09666601816814,
        "std": 0.2701007517764272
    },
    "1.1529": {
        "mean": 76.54333313306172,
        "std": 0.1987191950712124
    },
    "0.7379": {
        "mean": 70.496666431427,
        "std": 0.4676430628288732
    },
    "0.4722": {
        "mean": 62.68333395322164,
        "std": 0.07717217928739455
    },
    "0.3022": {
        "mean": 55.41999936103821,
        "std": 0.7316207172558546
    },
    "0.1934": {
        "mean": 48.48000109195709,
        "std": 1.609057842007713
    },
    "0.1238": {
        "mean": 39.91000056266785,
        "std": 2.4652376840298786
    },
    "0.0792": {
        "mean": 31.400000055631,
        "std": 1.8363547729646437
    }
}