{
    "64.0000": {
        "mean": 79.35333251953125,
        "std": 0.48182607035031666
    },
    "40.9600": {
        "mean": 79.23333446184795,
        "std": 0.34720988332921804
    },
    "26.2144": {
        "mean": 79.06333406766255,
        "std": 0.7459384817255575
    },
    "16.7772": {
        "mean": 78.59000166257222,
        "std": 0.5559372648719463
    },
    "10.7374": {
        "mean": 78.33999991416931,
        "std": 0.4661188372395866
    },
    "6.8719": {
        "mean": 78.05333336194356,
        "std": 0.5416241428420009
    },
    "4.3980": {
        "mean": 76.60666704177856,
        "std": 0.24142961614586872
    },
    "2.8147": {
        "mean": 74.40666755040486,
        "std": 0.4239749992291039
    },
    "1.8014": {
        "mean": 70.44333418210347,
        "std": 1.3004175897152097
    },
    "1.1529": {
        "mean": 64.55666621526082,
        "std": 1.4751812783832143
    },
    "0.7379": {
        "mean": 52.38000154495239,
        "std": 1.4093261892320723
    },
    "0.4722": {
        "mean": 42.41000016530355,
        "std": 2.4294173122563794
    },
    "0.3022": {
        "mean": 31.606667240460713,
        "std": 6.531136391411293
    },
    "0.1934": {
        "mean": 25.76333334048589,
        "std": 2.3579978780079967
    },
    "0.1238": {
        "mean": 20.183333257834118,
        "std": 3.2388919995424756
    },
    "0.0792": {
        "mean": 15.51000028848648,
        "std": 1.790046732308489
    }
}