{
    "64.0000": {
        "mean": 91.61333243052165,
        "std": 0.08259641889565368
    },
    "40.9600": {
        "mean": 90.81999858220418,
        "std": 0.13441213736483934
    },
    "26.2144": {
        "mean": 89.98999993006389,
        "std": 0.16871935211296032
    },
    "16.7772": {
        "mean": 88.6133333047231,
        "std": 0.20885993839465788
    },
    "10.7374": {
        "mean": 86.52999997138977,
        "std": 0.21969812837369745
    },
    "6.8719": {
        "mean": 84.34999982515971,
        "std": 0.197988232768882
    },
    "4.3980": {
        "mean": 81.73999985059102,
        "std": 0.6762155168905298
    },
    "2.8147": {
        "mean": 77.66666611035664,
        "std": 1.006322542756436
    },
    "1.8014": {
        "mean": 71.49999936421712,
        "std": 0.9489309316500755
    },
    "1.1529": {
        "mean": 65.94333251317342,
        "std": 0.8315568264704976
    },
    "0.7379": {
        "mean": 61.9866669178009,
        "std": 0.947325154470108
    },
    "0.4722": {
        "mean": 56.536666552225746,
        "std": 1.3368952933780622
    },
    "0.3022": {
        "mean": 44.1400001446406,
        "std": 2.3232011548331295
    },
    "0.1934": {
        "mean": 37.12000052134196,
        "std": 2.5105510290908954
    },
    "0.1238": {
        "mean": 29.306666056315105,
        "std": 1.5017839022841903
    },
    "0.0792": {
        "mean": 24.55333322286606,
        "std": 3.6332198010965313
    }
}