{
    "64.0000": {
        "mean": 9.006666640440622,
        "std": 6.948363437069249
    },
    "40.9600": {
        "mean": 2.9699999218185744,
        "std": 0.8212591637780431
    },
    "26.2144": {
        "mean": 3.520000043014685,
        "std": 0.5213443913230958
    },
    "16.7772": {
        "mean": 3.2966666544477143,
        "std": 1.2957451285098174
    },
    "10.7374": {
        "mean": 3.506666670242945,
        "std": 0.17307674046717414
    },
    "6.8719": {
        "mean": 5.153333271543185,
        "std": 1.2228473128885868
    },
    "4.3980": {
        "mean": 4.773333358267943,
        "std": 2.2806481947333164
    },
    "2.8147": {
        "mean": 4.669999952117602,
        "std": 1.1727177025206192
    },
    "1.8014": {
        "mean": 4.063333322604497,
        "std": 1.0772907224358612
    },
    "1.1529": {
        "mean": 3.7666667252779007,
        "std": 0.7198302795065781
    },
    "0.7379": {
        "mean": 7.283333192269008,
        "std": 2.770623623128873
    },
    "0.4722": {
        "mean": 9.516666581233343,
        "std": 0.42710916914911046
    },
    "0.3022": {
        "mean": 8.293333525458971,
        "std": 3.520249417775021
    },
    "0.1934": {
        "mean": 7.713333268960317,
        "std": 1.2365901858015762
    },
    "0.1238": {
        "mean": 10.263333469629288,
        "std": 2.282343054510514
    },
    "0.0792": {
        "mean": 8.699999998013178,
        "std": 1.6917641959482939
    }
}