{
    "64.0000": {
        "mean": 93.66666674613953,
        "std": 0.06236121558119971
    },
    "40.9600": {
        "mean": 93.59333117802937,
        "std": 0.11841565130039
    },
    "26.2144": {
        "mean": 93.46666534741719,
        "std": 0.11264525834272836
    },
    "16.7772": {
        "mean": 93.35666696230571,
        "std": 0.18372695057533053
    },
    "10.7374": {
        "mean": 93.1599994500478,
        "std": 0.07788949040660656
    },
    "6.8719": {
        "mean": 92.739999294281,
        "std": 0.18184069333844832
    },
    "4.3980": {
        "mean": 92.53666599591573,
        "std": 0.130724232778518
    },
    "2.8147": {
        "mean": 92.1066661675771,
        "std": 0.1319932924857969
    },
    "1.8014": {
        "mean": 91.38000011444092,
        "std": 0.2808317923243819
    },
    "1.1529": {
        "mean": 90.5300001303355,
        "std": 0.5107507992281011
    },
    "0.7379": {
        "mean": 88.76666625340779,
        "std": 0.5694652946698877
    },
    "0.4722": {
        "mean": 87.08666761716206,
        "std": 0.09568490273539361
    },
    "0.3022": {
        "mean": 85.21999915440877,
        "std": 0.2513952993452836
    },
    "0.1934": {
        "mean": 82.89666771888733,
        "std": 0.5131831848957193
    },
    "0.1238": {
        "mean": 80.30333518981934,
        "std": 0.13097900817155445
    },
    "0.0792": {
        "mean": 77.14333335558574,
        "std": 0.31414641749954
    },
    "0.0507": {
        "mean": 73.99999896685283,
        "std": 0.04546071963799332
    },
    "0.0325": {
        "mean": 68.88999938964844,
        "std": 0.6530425062167248
    },
    "0.0208": {
        "mean": 63.95000020662943,
        "std": 0.3293436192579314
    },
    "0.0133": {
        "mean": 54.17333344618479,
        "std": 3.6228011148916197
    },
    "0.0085": {
        "mean": 32.31666708985964,
        "std": 15.957532115948014
    }
}