{
    "64.0000": {
        "mean": 86.16000016530354,
        "std": 0.28472411517329754
    },
    "40.9600": {
        "mean": 85.82333127657573,
        "std": 0.11953630796563304
    },
    "26.2144": {
        "mean": 85.86666584014893,
        "std": 0.1697707432377226
    },
    "16.7772": {
        "mean": 85.90666850407918,
        "std": 0.08730495840365324
    },
    "10.7374": {
        "mean": 85.80000003178914,
        "std": 0.06164212162681989
    },
    "6.8719": {
        "mean": 85.46999891599019,
        "std": 0.24385695864393653
    },
    "4.3980": {
        "mean": 85.27999917666118,
        "std": 0.3522307707453246
    },
    "2.8147": {
        "mean": 84.85000133514404,
        "std": 0.19304589191540109
    },
    "1.8014": {
        "mean": 76.69999996821086,
        "std": 10.557010490341936
    },
    "1.1529": {
        "mean": 58.94333223501841,
        "std": 31.442859886652368
    },
    "0.7379": {
        "mean": 27.48999943335851,
        "std": 29.893484594535398
    },
    "0.4722": {
        "mean": 6.150000045696895,
        "std": 2.061665912501858
    },
    "0.3022": {
        "mean": 7.316666468977928,
        "std": 1.7760692823677537
    },
    "0.1934": {
        "mean": 7.270000129938126,
        "std": 2.3647973889857
    },
    "0.1238": {
        "mean": 9.483333428700766,
        "std": 0.5705162912229428
    },
    "0.0792": {
        "mean": 9.726666659116745,
        "std": 0.5149324546682624
    },
    "0.0507": {
        "mean": 9.950000047683716,
        "std": 0.04320509452612669
    },
    "0.0325": {
        "mean": 9.94000012675921,
        "std": 0.07788872515309042
    },
    "0.0208": {
        "mean": 9.996666759252548,
        "std": 0.004714125005943498
    },
    "0.0133": {
        "mean": 9.993333369493484,
        "std": 0.009428250011886996
    },
    "0.0085": {
        "mean": 9.996666759252548,
        "std": 0.004714125005943498
    }
}