{
    "64.0000": {
        "mean": 93.54999860127766,
        "std": 0.09416299076217974
    },
    "40.9600": {
        "mean": 93.39666565259297,
        "std": 0.16418374640828112
    },
    "26.2144": {
        "mean": 92.91000167528789,
        "std": 0.25664564921950606
    },
    "16.7772": {
        "mean": 92.70999828974406,
        "std": 0.06976082814503942
    },
    "10.7374": {
        "mean": 92.75000095367432,
        "std": 0.1336661354565819
    },
    "6.8719": {
        "mean": 92.11999972661336,
        "std": 0.13441213736483934
    },
    "4.3980": {
        "mean": 91.96666677792867,
        "std": 0.11440858971402368
    },
    "2.8147": {
        "mean": 90.99666674931844,
        "std": 0.1906732363615323
    },
    "1.8014": {
        "mean": 90.48999945322673,
        "std": 0.18708417772363228
    },
    "1.1529": {
        "mean": 89.79666630427043,
        "std": 0.19258483674763266
    },
    "0.7379": {
        "mean": 88.97666732470195,
        "std": 0.22454726062834868
    },
    "0.4722": {
        "mean": 87.5600000222524,
        "std": 0.0294386889330196
    },
    "0.3022": {
        "mean": 86.35666767756145,
        "std": 0.10370934523580659
    },
    "0.1934": {
        "mean": 84.68000094095866,
        "std": 0.20928504765365327
    },
    "0.1238": {
        "mean": 82.55000114440918,
        "std": 0.29877405131327484
    },
    "0.0792": {
        "mean": 80.17333348592122,
        "std": 0.40941673453054117
    },
    "0.0507": {
        "mean": 76.84000134468079,
        "std": 0.22686229687811146
    },
    "0.0325": {
        "mean": 73.0733335018158,
        "std": 0.18409057777879725
    },
    "0.0208": {
        "mean": 67.94666647911072,
        "std": 0.33079181471985725
    },
    "0.0133": {
        "mean": 64.04999891916911,
        "std": 0.07348471955043853
    },
    "0.0085": {
        "mean": 58.20333162943522,
        "std": 0.3646311531900418
    }
}