{
    "64.0000": {
        "mean": 81.03333512941997,
        "std": 0.39852511578818217
    },
    "40.9600": {
        "mean": 77.47333447138469,
        "std": 2.8698479170610143
    },
    "26.2144": {
        "mean": 80.4799993832906,
        "std": 0.6159527938521847
    },
    "16.7772": {
        "mean": 81.79333408673604,
        "std": 0.14973962339116534
    },
    "10.7374": {
        "mean": 82.59000182151794,
        "std": 0.15297025249869906
    },
    "6.8719": {
        "mean": 82.41333365440369,
        "std": 0.03681660458887429
    },
    "4.3980": {
        "mean": 82.29666749636333,
        "std": 0.2451288807292604
    },
    "2.8147": {
        "mean": 81.6866676012675,
        "std": 0.08178462327546823
    },
    "1.8014": {
        "mean": 81.56666556994121,
        "std": 0.20531818931097828
    },
    "1.1529": {
        "mean": 80.9333324432373,
        "std": 0.45966223082545227
    },
    "0.7379": {
        "mean": 80.11333147684734,
        "std": 0.18785288414269405
    },
    "0.4722": {
        "mean": 78.82999976476033,
        "std": 0.13637997370331442
    },
    "0.3022": {
        "mean": 78.15000017484029,
        "std": 0.11518305295626942
    },
    "0.1934": {
        "mean": 76.60333315531413,
        "std": 0.19567703758191557
    },
    "0.1238": {
        "mean": 74.60000117619832,
        "std": 0.3302529656290231
    },
    "0.0792": {
        "mean": 71.60333395004272,
        "std": 0.27644480454077547
    },
    "0.0507": {
        "mean": 66.43666625022888,
        "std": 0.8037555929200132
    },
    "0.0325": {
        "mean": 59.846665461858116,
        "std": 1.7600425784791272
    },
    "0.0208": {
        "mean": 49.17666713396708,
        "std": 1.4136795315404616
    },
    "0.0133": {
        "mean": 39.539999763170876,
        "std": 1.8817719397085617
    },
    "0.0085": {
        "mean": 33.403333028157554,
        "std": 1.4413261032710836
    }
}