{
    "64.0000": {
        "mean": 93.4000015258789,
        "std": 0.04966538871466236
    },
    "40.9600": {
        "mean": 93.4766670068105,
        "std": 0.108728472474755
    },
    "26.2144": {
        "mean": 93.18666656812032,
        "std": 0.13021216931326537
    },
    "16.7772": {
        "mean": 93.24333270390828,
        "std": 0.06599795079713539
    },
    "10.7374": {
        "mean": 93.18000078201294,
        "std": 0.21969812837369745
    },
    "6.8719": {
        "mean": 92.87333289782207,
        "std": 0.012472137050451436
    },
    "4.3980": {
        "mean": 92.64000058174133,
        "std": 0.19026416033551677
    },
    "2.8147": {
        "mean": 92.21666852633159,
        "std": 0.04713984516448461
    },
    "1.8014": {
        "mean": 91.9100006421407,
        "std": 0.03741534874366372
    },
    "1.1529": {
        "mean": 91.20999972025554,
        "std": 0.29877611277780186
    },
    "0.7379": {
        "mean": 90.60666561126709,
        "std": 0.0967246284306472
    },
    "0.4722": {
        "mean": 89.68999981880188,
        "std": 0.15895554859843405
    },
    "0.3022": {
        "mean": 88.7933333714803,
        "std": 0.19482012275515484
    },
    "0.1934": {
        "mean": 86.77000204722087,
        "std": 0.15937341806516367
    },
    "0.1238": {
        "mean": 85.02999941507976,
        "std": 0.1995001113633907
    },
    "0.0792": {
        "mean": 81.8833331267039,
        "std": 0.3564955708897181
    },
    "0.0507": {
        "mean": 78.5700003306071,
        "std": 0.4414358106984953
    },
    "0.0325": {
        "mean": 74.93333419164021,
        "std": 0.6424085313152139
    },
    "0.0208": {
        "mean": 69.83666618665059,
        "std": 0.5063169137225109
    },
    "0.0133": {
        "mean": 65.18333355585735,
        "std": 0.057926708800988776
    },
    "0.0085": {
        "mean": 60.54333249727885,
        "std": 0.1596512241605577
    }
}