{
    "64.0000": {
        "mean": 86.10999981562297,
        "std": 0.3552468979751002
    },
    "40.9600": {
        "mean": 86.10333402951558,
        "std": 0.2653720935664887
    },
    "26.2144": {
        "mean": 86.01333300272624,
        "std": 0.358359479943798
    },
    "16.7772": {
        "mean": 85.98333398501079,
        "std": 0.22425323172794628
    },
    "10.7374": {
        "mean": 86.02666854858398,
        "std": 0.26712477748863683
    },
    "6.8719": {
        "mean": 85.88333328564961,
        "std": 0.2542096166133185
    },
    "4.3980": {
        "mean": 85.90666850407918,
        "std": 0.12256584525958057
    },
    "2.8147": {
        "mean": 85.889999071757,
        "std": 0.3785060739181621
    },
    "1.8014": {
        "mean": 85.68000197410583,
        "std": 0.21181759967520206
    },
    "1.1529": {
        "mean": 85.4366660118103,
        "std": 0.1697707432377226
    },
    "0.7379": {
        "mean": 84.84333356221516,
        "std": 0.11671610985065438
    },
    "0.4722": {
        "mean": 84.19000109036763,
        "std": 0.12027726304103914
    },
    "0.3022": {
        "mean": 83.10666680335999,
        "std": 0.2577264851089484
    },
    "0.1934": {
        "mean": 81.54000043869019,
        "std": 0.21463301751289238
    },
    "0.1238": {
        "mean": 78.62333456675212,
        "std": 0.5169338191953449
    },
    "0.0792": {
        "mean": 73.22333455085754,
        "std": 0.816182509733122
    },
    "0.0507": {
        "mean": 66.92000230153401,
        "std": 0.978570748743678
    },
    "0.0325": {
        "mean": 61.4466667175293,
        "std": 1.0715844779410137
    },
    "0.0208": {
        "mean": 55.62666654586792,
        "std": 3.0736124665398883
    },
    "0.0133": {
        "mean": 50.70999960104624,
        "std": 2.2953139436187984
    },
    "0.0085": {
        "mean": 39.860000212987266,
        "std": 1.3935803298770542
    }
}