{
    "64.0000": {
        "mean": 9.363333384195963,
        "std": 0.9600462198969255
    },
    "40.9600": {
        "mean": 8.953333149353663,
        "std": 0.2479696801562765
    },
    "26.2144": {
        "mean": 10.116666803757349,
        "std": 0.1508491904002912
    },
    "16.7772": {
        "mean": 9.679999947547913,
        "std": 0.41769228661685703
    },
    "10.7374": {
        "mean": 9.723333517710367,
        "std": 0.39126570224229607
    },
    "6.8719": {
        "mean": 10.000000149011612,
        "std": 0.0
    },
    "4.3980": {
        "mean": 9.696666647990545,
        "std": 0.2585000147430587
    },
    "2.8147": {
        "mean": 9.943333268165588,
        "std": 0.1641814673154064
    },
    "1.8014": {
        "mean": 10.01333345969518,
        "std": 0.24513054228771244
    },
    "1.1529": {
        "mean": 9.936666737000147,
        "std": 0.1419701354639126
    },
    "0.7379": {
        "mean": 8.600000043710073,
        "std": 1.9798991362411977
    },
    "0.4722": {
        "mean": 9.769999980926514,
        "std": 0.3252693570540375
    },
    "0.3022": {
        "mean": 7.509999970595042,
        "std": 2.147106576961305
    },
    "0.1934": {
        "mean": 11.06333335240682,
        "std": 1.3872117783080706
    },
    "0.1238": {
        "mean": 9.956666827201843,
        "std": 0.06128257140605269
    },
    "0.0792": {
        "mean": 8.240000158548355,
        "std": 1.3529473382492307
    }
}