{
    "64.0000": {
        "mean": 93.71666709582011,
        "std": 0.044966867341736994
    },
    "40.9600": {
        "mean": 93.60999862353007,
        "std": 0.2099223277918779
    },
    "26.2144": {
        "mean": 93.57666770617168,
        "std": 0.1869646809962488
    },
    "16.7772": {
        "mean": 93.16333333651225,
        "std": 0.19686535234321062
    },
    "10.7374": {
        "mean": 93.10999910036723,
        "std": 0.14719546912843226
    },
    "6.8719": {
        "mean": 92.97666549682617,
        "std": 0.18625071321852363
    },
    "4.3980": {
        "mean": 92.62666503588359,
        "std": 0.19362069264813647
    },
    "2.8147": {
        "mean": 92.3633337020874,
        "std": 0.01885650002377399
    },
    "1.8014": {
        "mean": 91.89333319664001,
        "std": 0.07845551129736635
    },
    "1.1529": {
        "mean": 91.566667954127,
        "std": 0.167396974406
    },
    "0.7379": {
        "mean": 90.52666823069255,
        "std": 0.16213831089548694
    },
    "0.4722": {
        "mean": 89.92666800816853,
        "std": 0.13523692028381631
    },
    "0.3022": {
        "mean": 88.47333391507466,
        "std": 0.14267429097142068
    },
    "0.1934": {
        "mean": 86.89666589101155,
        "std": 0.06944363611444983
    },
    "0.1238": {
        "mean": 84.58999991416931,
        "std": 0.2608959299200551
    },
    "0.0792": {
        "mean": 81.69666727383931,
        "std": 0.2777708249968093
    },
    "0.0507": {
        "mean": 76.08666618665059,
        "std": 0.3880135650322543
    },
    "0.0325": {
        "mean": 69.50999895731609,
        "std": 0.6591418094351764
    },
    "0.0208": {
        "mean": 59.68666672706604,
        "std": 3.12892182850735
    },
    "0.0133": {
        "mean": 33.91999999682108,
        "std": 8.517546840992823
    },
    "0.0085": {
        "mean": 15.630000332991282,
        "std": 7.9620226163470695
    }
}