{
    "64.0000": {
        "mean": 85.18333236376445,
        "std": 0.18116978872526238
    },
    "40.9600": {
        "mean": 84.86666480700175,
        "std": 0.10530372057310557
    },
    "26.2144": {
        "mean": 85.01333395640056,
        "std": 0.06944163335492497
    },
    "16.7772": {
        "mean": 85.19666790962219,
        "std": 0.19601599762783808
    },
    "10.7374": {
        "mean": 85.21666725476582,
        "std": 0.1653949263329381
    },
    "6.8719": {
        "mean": 85.05666653315227,
        "std": 0.20171642982679847
    },
    "4.3980": {
        "mean": 85.11666655540466,
        "std": 0.27353565629115506
    },
    "2.8147": {
        "mean": 85.01999974250793,
        "std": 0.2417973611822714
    },
    "1.8014": {
        "mean": 84.63333249092102,
        "std": 0.1806168664905516
    },
    "1.1529": {
        "mean": 83.53666663169861,
        "std": 0.47765527079435677
    },
    "0.7379": {
        "mean": 81.47333264350891,
        "std": 0.8911527009583036
    },
    "0.4722": {
        "mean": 78.00333301226298,
        "std": 1.1110445801201316
    },
    "0.3022": {
        "mean": 73.62666527430217,
        "std": 1.046909660451972
    },
    "0.1934": {
        "mean": 57.38333264986674,
        "std": 3.413349006584365
    },
    "0.1238": {
        "mean": 46.41999999682108,
        "std": 7.851131794956886
    },
    "0.0792": {
        "mean": 33.4199994802475,
        "std": 6.294966091029885
    },
    "0.0507": {
        "mean": 19.850000242392223,
        "std": 3.9313360691019033
    },
    "0.0325": {
        "mean": 16.589999695618946,
        "std": 2.3004489299916617
    },
    "0.0208": {
        "mean": 12.9933329919974,
        "std": 1.8335816756637773
    },
    "0.0133": {
        "mean": 12.596666564544043,
        "std": 2.4436632191582413
    },
    "0.0085": {
        "mean": 10.489999999602636,
        "std": 0.7720535991753544
    }
}