{
    "64.0000": {
        "mean": 91.53666694959004,
        "std": 0.05312617646141732
    },
    "40.9600": {
        "mean": 90.993332862854,
        "std": 0.11115564086783974
    },
    "26.2144": {
        "mean": 90.35000006357829,
        "std": 0.1104548503257191
    },
    "16.7772": {
        "mean": 89.19999996821086,
        "std": 0.01633020810748201
    },
    "10.7374": {
        "mean": 87.73666620254517,
        "std": 0.37561778223628994
    },
    "6.8719": {
        "mean": 86.02333267529805,
        "std": 0.12552075448679106
    },
    "4.3980": {
        "mean": 84.2033326625824,
        "std": 0.04784293588201096
    },
    "2.8147": {
        "mean": 81.5833330154419,
        "std": 0.3390487621942761
    },
    "1.8014": {
        "mean": 77.74333357810974,
        "std": 0.3320974984378403
    },
    "1.1529": {
        "mean": 71.3100016117096,
        "std": 0.968745488737132
    },
    "0.7379": {
        "mean": 63.32666675249735,
        "std": 0.5416241428420009
    },
    "0.4722": {
        "mean": 51.443334420522056,
        "std": 0.1102510688936038
    },
    "0.3022": {
        "mean": 33.97333323955536,
        "std": 2.6040008610161327
    },
    "0.1934": {
        "mean": 29.45999999841054,
        "std": 2.539777701167059
    },
    "0.1238": {
        "mean": 12.176666657129923,
        "std": 3.078271296544203
    },
    "0.0792": {
        "mean": 10.000000149011612,
        "std": 0.0
    }
}