{
    "64.0000": {
        "mean": 77.9366672039032,
        "std": 0.224846118540013
    },
    "40.9600": {
        "mean": 77.17999815940857,
        "std": 0.4597823677224481
    },
    "26.2144": {
        "mean": 77.72333423296611,
        "std": 0.16213863767050787
    },
    "16.7772": {
        "mean": 77.32333143552144,
        "std": 0.4026853472946088
    },
    "10.7374": {
        "mean": 76.01666847864787,
        "std": 0.08576417266379076
    },
    "6.8719": {
        "mean": 73.48999977111816,
        "std": 0.42481350962575753
    },
    "4.3980": {
        "mean": 69.57333286603291,
        "std": 0.7207548877622056
    },
    "2.8147": {
        "mean": 60.15999913215637,
        "std": 2.0732590740967627
    },
    "1.8014": {
        "mean": 43.13666721185049,
        "std": 5.482167317312858
    },
    "1.1529": {
        "mean": 28.300000230471294,
        "std": 10.032351565710641
    },
    "0.7379": {
        "mean": 23.4266663591067,
        "std": 5.207624998291547
    },
    "0.4722": {
        "mean": 12.800000111262003,
        "std": 1.1572672351945046
    },
    "0.3022": {
        "mean": 13.096666832764944,
        "std": 3.222114688257935
    },
    "0.1934": {
        "mean": 10.800000031789144,
        "std": 0.9933110245230752
    },
    "0.1238": {
        "mean": 10.036666691303253,
        "std": 0.0518543213941657
    },
    "0.0792": {
        "mean": 10.000000149011612,
        "std": 0.0
    }
}