{
    "64.0000": {
        "mean": 93.47666501998901,
        "std": 0.108729690668259
    },
    "40.9600": {
        "mean": 93.27333370844524,
        "std": 0.05249477908957347
    },
    "26.2144": {
        "mean": 92.91333357493083,
        "std": 0.16519283779130733
    },
    "16.7772": {
        "mean": 92.6200012365977,
        "std": 0.08041410717685098
    },
    "10.7374": {
        "mean": 92.21000075340271,
        "std": 0.2001657671658516
    },
    "6.8719": {
        "mean": 91.156667470932,
        "std": 0.1995536596386616
    },
    "4.3980": {
        "mean": 90.87999860445659,
        "std": 0.23338034356255674
    },
    "2.8147": {
        "mean": 90.19333521525066,
        "std": 0.1975400879177759
    },
    "1.8014": {
        "mean": 88.68666688601176,
        "std": 0.3732129539887431
    },
    "1.1529": {
        "mean": 88.15000057220459,
        "std": 0.16990054026868592
    },
    "0.7379": {
        "mean": 85.92666784922282,
        "std": 0.21060744114621116
    },
    "0.4722": {
        "mean": 83.91999999682109,
        "std": 0.45107126925319263
    },
    "0.3022": {
        "mean": 83.74333182970683,
        "std": 0.7625113778026467
    },
    "0.1934": {
        "mean": 81.49666786193848,
        "std": 0.33159688870852094
    },
    "0.1238": {
        "mean": 77.4833341439565,
        "std": 1.1611022043598156
    },
    "0.0792": {
        "mean": 71.01333141326904,
        "std": 1.0297347353941906
    },
    "0.0507": {
        "mean": 67.29999979337056,
        "std": 1.3550638108290918
    },
    "0.0325": {
        "mean": 60.430002212524414,
        "std": 2.107241329806937
    },
    "0.0208": {
        "mean": 44.09666657447815,
        "std": 3.257937500628472
    },
    "0.0133": {
        "mean": 25.749999781449635,
        "std": 5.652025595611841
    },
    "0.0085": {
        "mean": 10.000000149011612,
        "std": 0.0
    }
}