{
    "64.0000": {
        "mean": 8.933333307504654,
        "std": 0.22425193966905635
    },
    "40.9600": {
        "mean": 9.906666725873947,
        "std": 0.6649980017704761
    },
    "26.2144": {
        "mean": 8.683333297570547,
        "std": 2.0760592586960613
    },
    "16.7772": {
        "mean": 6.620000054438909,
        "std": 1.7479128938921544
    },
    "10.7374": {
        "mean": 8.540000021457672,
        "std": 2.9244259818907286
    },
    "6.8719": {
        "mean": 6.806666776537895,
        "std": 1.4262851449238072
    },
    "4.3980": {
        "mean": 6.0600001364946365,
        "std": 1.370863593656937
    },
    "2.8147": {
        "mean": 7.946666578451793,
        "std": 0.5165482533259687
    },
    "1.8014": {
        "mean": 9.593333303928375,
        "std": 1.129906735609577
    },
    "1.1529": {
        "mean": 8.426666632294655,
        "std": 2.200505003366216
    },
    "0.7379": {
        "mean": 6.41666663189729,
        "std": 2.4472615494726893
    },
    "0.4722": {
        "mean": 9.639999767144522,
        "std": 2.253397249040354
    },
    "0.3022": {
        "mean": 6.833333397905032,
        "std": 0.828988504418397
    },
    "0.1934": {
        "mean": 10.396666576464971,
        "std": 5.13616143902568
    },
    "0.1238": {
        "mean": 8.560000111659368,
        "std": 1.2728970827426864
    },
    "0.0792": {
        "mean": 9.410000095764795,
        "std": 1.0681134093027802
    },
    "0.0507": {
        "mean": 10.36000003417333,
        "std": 1.1430954006667362
    },
    "0.0325": {
        "mean": 8.400000135103861,
        "std": 0.1555633154062347
    },
    "0.0208": {
        "mean": 9.773333370685577,
        "std": 0.10964614256358898
    },
    "0.0133": {
        "mean": 11.549999813238779,
        "std": 2.6500185689380733
    },
    "0.0085": {
        "mean": 10.000000149011612,
        "std": 0.0
    }
}