{
    "64.0000": {
        "mean": 91.60666664441426,
        "std": 0.21296792261666636
    },
    "40.9600": {
        "mean": 90.71333408355713,
        "std": 0.10143264552308036
    },
    "26.2144": {
        "mean": 89.98999993006389,
        "std": 0.197988232768882
    },
    "16.7772": {
        "mean": 88.92333507537842,
        "std": 0.09741145512472413
    },
    "10.7374": {
        "mean": 87.80666589736938,
        "std": 0.07408708324478376
    },
    "6.8719": {
        "mean": 86.05666756629944,
        "std": 0.24957746602153552
    },
    "4.3980": {
        "mean": 84.06333327293396,
        "std": 0.31094842630013925
    },
    "2.8147": {
        "mean": 81.89000089963277,
        "std": 0.12027726304103914
    },
    "1.8014": {
        "mean": 76.99000040690105,
        "std": 0.48833063865084425
    },
    "1.1529": {
        "mean": 70.36666671435039,
        "std": 1.125293205267144
    },
    "0.7379": {
        "mean": 62.23666469256083,
        "std": 0.872633989254597
    },
    "0.4722": {
        "mean": 52.61666774749756,
        "std": 1.7922840479880868
    },
    "0.3022": {
        "mean": 33.463333547115326,
        "std": 12.059077747144057
    },
    "0.1934": {
        "mean": 22.46333360671997,
        "std": 5.078125535675298
    },
    "0.1238": {
        "mean": 10.000000149011612,
        "std": 0.0
    },
    "0.0792": {
        "mean": 10.000000149011612,
        "std": 0.0
    }
}