{
    "64.0000": {
        "mean": 78.61999869346619,
        "std": 0.31843297354389455
    },
    "40.9600": {
        "mean": 78.58333388964336,
        "std": 0.4817556789130228
    },
    "26.2144": {
        "mean": 78.31666866938274,
        "std": 0.6180794835909147
    },
    "16.7772": {
        "mean": 77.70666877428691,
        "std": 0.6046675164304697
    },
    "10.7374": {
        "mean": 76.52333378791809,
        "std": 0.7276588238909968
    },
    "6.8719": {
        "mean": 73.95999828974406,
        "std": 0.5921151292477375
    },
    "4.3980": {
        "mean": 69.81666684150696,
        "std": 0.33189495064853447
    },
    "2.8147": {
        "mean": 57.84999926884969,
        "std": 1.127860638163218
    },
    "1.8014": {
        "mean": 40.21333356698354,
        "std": 4.350496878431253
    },
    "1.1529": {
        "mean": 21.78000013033549,
        "std": 3.1995735395621594
    },
    "0.7379": {
        "mean": 15.633333226044973,
        "std": 1.1837889027897404
    },
    "0.4722": {
        "mean": 13.636666536331177,
        "std": 2.7854902598812337
    },
    "0.3022": {
        "mean": 14.50000007947286,
        "std": 2.8304533384603694
    },
    "0.1934": {
        "mean": 10.230000068744024,
        "std": 0.19646880299600206
    },
    "0.1238": {
        "mean": 9.860000014305115,
        "std": 0.19799008923598857
    },
    "0.0792": {
        "mean": 10.000000149011612,
        "std": 0.0
    }
}