{
    "64.0000": {
        "mean": 93.18999846776326,
        "std": 0.16753208935118713
    },
    "40.9600": {
        "mean": 93.23333501815796,
        "std": 0.08379774817703241
    },
    "26.2144": {
        "mean": 92.70333250363667,
        "std": 0.130978805944686
    },
    "16.7772": {
        "mean": 92.08666682243347,
        "std": 0.19601599762783808
    },
    "10.7374": {
        "mean": 91.5666659673055,
        "std": 0.2366916140585649
    },
    "6.8719": {
        "mean": 90.65999984741211,
        "std": 0.13589346407890632
    },
    "4.3980": {
        "mean": 89.93666569391887,
        "std": 0.3526432319408346
    },
    "2.8147": {
        "mean": 88.79666725794475,
        "std": 0.189269398433712
    },
    "1.8014": {
        "mean": 87.89333303769429,
        "std": 0.08178632378403221
    },
    "1.1529": {
        "mean": 86.77000006039937,
        "std": 0.675868845556407
    },
    "0.7379": {
        "mean": 84.85000133514404,
        "std": 0.14306119405051423
    },
    "0.4722": {
        "mean": 83.49000016848247,
        "std": 0.5662153189913817
    },
    "0.3022": {
        "mean": 80.4799993832906,
        "std": 0.5909884475815655
    },
    "0.1934": {
        "mean": 78.54333122571309,
        "std": 0.7722411929058356
    },
    "0.1238": {
        "mean": 74.46333368619283,
        "std": 0.6126637784199634
    },
    "0.0792": {
        "mean": 72.7400004863739,
        "std": 2.047503415246244
    },
    "0.0507": {
        "mean": 66.00000063578288,
        "std": 0.18384660651261944
    },
    "0.0325": {
        "mean": 62.696667512257896,
        "std": 2.4169465616623347
    },
    "0.0208": {
        "mean": 52.05333431561788,
        "std": 3.0820604460982945
    },
    "0.0133": {
        "mean": 39.16666706403097,
        "std": 9.903014305471201
    },
    "0.0085": {
        "mean": 44.23666695753733,
        "std": 3.026509369568059
    }
}