{
    "64.0000": {
        "mean": 8.66333336258928,
        "std": 9.477121003859235
    },
    "40.9600": {
        "mean": 8.646666631102562,
        "std": 7.314863168884702
    },
    "26.2144": {
        "mean": 16.803333659966786,
        "std": 4.502179868539603
    },
    "16.7772": {
        "mean": 15.10000005364418,
        "std": 6.1597456169002855
    },
    "10.7374": {
        "mean": 11.169999899963537,
        "std": 7.1289876690108755
    },
    "6.8719": {
        "mean": 7.0500000069538755,
        "std": 6.487695925518007
    },
    "4.3980": {
        "mean": 7.963333278894424,
        "std": 7.364375242304515
    },
    "2.8147": {
        "mean": 5.733333341777325,
        "std": 5.974503316475078
    },
    "1.8014": {
        "mean": 6.803333107382059,
        "std": 7.491996897373818
    },
    "1.1529": {
        "mean": 3.6866665817797184,
        "std": 2.4944514857162137
    },
    "0.7379": {
        "mean": 6.533333472907543,
        "std": 7.09878095283724
    },
    "0.4722": {
        "mean": 1.8933333146075408,
        "std": 0.47485667332244236
    },
    "0.3022": {
        "mean": 3.0066666503747306,
        "std": 0.3704350837991206
    },
    "0.1934": {
        "mean": 4.0833332886298495,
        "std": 1.1480514417097998
    },
    "0.1238": {
        "mean": 2.5966666638851166,
        "std": 0.5854533085787412
    },
    "0.0792": {
        "mean": 3.2833333437641463,
        "std": 0.5925276322344166
    },
    "0.0507": {
        "mean": 7.4433331688245135,
        "std": 2.446253264830076
    },
    "0.0325": {
        "mean": 6.223333502809207,
        "std": 2.8339058798262027
    },
    "0.0208": {
        "mean": 7.740000014503797,
        "std": 3.5083423929735558
    },
    "0.0133": {
        "mean": 8.900000154972076,
        "std": 1.845011320172022
    },
    "0.0085": {
        "mean": 5.636666839321454,
        "std": 1.7271429193967889
    }
}