{
    "64.0000": {
        "mean": 91.38000011444092,
        "std": 0.4320484160306154
    },
    "40.9600": {
        "mean": 91.04666709899902,
        "std": 0.1391253862098017
    },
    "26.2144": {
        "mean": 89.90666667620341,
        "std": 0.23012033415848582
    },
    "16.7772": {
        "mean": 88.8266662756602,
        "std": 0.2053181893109783
    },
    "10.7374": {
        "mean": 86.9433323542277,
        "std": 0.0817835705757619
    },
    "6.8719": {
        "mean": 84.55333312352498,
        "std": 0.4028491479465578
    },
    "4.3980": {
        "mean": 79.54000035921733,
        "std": 1.1572656514267416
    },
    "2.8147": {
        "mean": 70.57999968528748,
        "std": 0.3040822949079191
    },
    "1.8014": {
        "mean": 62.143333752950035,
        "std": 0.7812951000301652
    },
    "1.1529": {
        "mean": 61.196666955947876,
        "std": 3.2669504565185754
    },
    "0.7379": {
        "mean": 59.43999886512756,
        "std": 0.5933517402128996
    },
    "0.4722": {
        "mean": 53.503334522247314,
        "std": 0.5137006770104722
    },
    "0.3022": {
        "mean": 16.653333604335785,
        "std": 9.409234407510093
    },
    "0.1934": {
        "mean": 20.16666680574417,
        "std": 14.377837870077517
    },
    "0.1238": {
        "mean": 24.31666726867358,
        "std": 11.018730770929398
    },
    "0.0792": {
        "mean": 10.000000149011612,
        "std": 0.0
    }
}