{
    "64.0000": {
        "mean": 72.36666679382324,
        "std": 0.8118439500880845
    },
    "40.9600": {
        "mean": 63.06333541870117,
        "std": 4.233338595930253
    },
    "26.2144": {
        "mean": 63.4600023428599,
        "std": 8.062931599706593
    },
    "16.7772": {
        "mean": 35.92666586240133,
        "std": 4.152086153638457
    },
    "10.7374": {
        "mean": 37.84666657447815,
        "std": 2.034802934627139
    },
    "6.8719": {
        "mean": 45.70333262284597,
        "std": 6.519766687462667
    },
    "4.3980": {
        "mean": 29.75666622320811,
        "std": 13.227741723247298
    },
    "2.8147": {
        "mean": 15.223333736260733,
        "std": 2.459869190214756
    },
    "1.8014": {
        "mean": 15.893333405256271,
        "std": 3.654096868785424
    },
    "1.1529": {
        "mean": 24.703332781791687,
        "std": 1.22140120853598
    },
    "0.7379": {
        "mean": 22.53333330154419,
        "std": 0.819118923009959
    },
    "0.4722": {
        "mean": 19.19666628042857,
        "std": 0.6002405065317332
    },
    "0.3022": {
        "mean": 8.026666815082232,
        "std": 2.7907147639258443
    },
    "0.1934": {
        "mean": 13.010000189145407,
        "std": 4.256782879500772
    },
    "0.1238": {
        "mean": 14.166666815678278,
        "std": 2.2838026244955936
    },
    "0.0792": {
        "mean": 10.000000149011612,
        "std": 0.0
    }
}