{
    "64.0000": {
        "mean": 91.46666725476582,
        "std": 0.13888555555548068
    },
    "40.9600": {
        "mean": 90.89333415031433,
        "std": 0.06944153796774136
    },
    "26.2144": {
        "mean": 89.91000056266785,
        "std": 0.2864724157227604
    },
    "16.7772": {
        "mean": 88.71666590372722,
        "std": 0.04027511747324719
    },
    "10.7374": {
        "mean": 86.43999894460042,
        "std": 0.02828334514071062
    },
    "6.8719": {
        "mean": 84.49333508809407,
        "std": 0.1552073888641639
    },
    "4.3980": {
        "mean": 81.76999886830647,
        "std": 0.42197857781216397
    },
    "2.8147": {
        "mean": 78.77666751543681,
        "std": 0.22065555731110442
    },
    "1.8014": {
        "mean": 72.87999987602234,
        "std": 0.7568786291742355
    },
    "1.1529": {
        "mean": 66.97666645050049,
        "std": 0.837071816591102
    },
    "0.7379": {
        "mean": 60.63666542371114,
        "std": 0.6565736919108054
    },
    "0.4722": {
        "mean": 54.31666771570841,
        "std": 0.7331360419798557
    },
    "0.3022": {
        "mean": 49.0966667731603,
        "std": 2.2137203717668954
    },
    "0.1934": {
        "mean": 40.63999950885773,
        "std": 0.9926064470065474
    },
    "0.1238": {
        "mean": 34.86999968687693,
        "std": 1.8006656442736435
    },
    "0.0792": {
        "mean": 10.000000149011612,
        "std": 0.0
    }
}