{
    "64.0000": {
        "mean": 75.52000085512798,
        "std": 0.8611623250464734
    },
    "40.9600": {
        "mean": 74.90999897321065,
        "std": 1.1183036706946325
    },
    "26.2144": {
        "mean": 73.95000060399373,
        "std": 0.880037479397567
    },
    "16.7772": {
        "mean": 61.51666541894277,
        "std": 15.477450956861428
    },
    "10.7374": {
        "mean": 64.28666710853577,
        "std": 2.9354437774898297
    },
    "6.8719": {
        "mean": 58.72333347797394,
        "std": 8.927614282136982
    },
    "4.3980": {
        "mean": 62.38666772842407,
        "std": 0.7387079815689231
    },
    "2.8147": {
        "mean": 59.966665506362915,
        "std": 0.8134025940308645
    },
    "1.8014": {
        "mean": 56.07999960581461,
        "std": 0.681812495217483
    },
    "1.1529": {
        "mean": 52.66666611035665,
        "std": 1.7671298096303867
    },
    "0.7379": {
        "mean": 46.776666243871055,
        "std": 0.10530337467595573
    },
    "0.4722": {
        "mean": 41.98000033696493,
        "std": 0.6858577879040159
    },
    "0.3022": {
        "mean": 35.64333419005076,
        "std": 2.058500404584113
    },
    "0.1934": {
        "mean": 29.17666733264923,
        "std": 1.8248709917877814
    },
    "0.1238": {
        "mean": 21.350000301996868,
        "std": 2.196406146186978
    },
    "0.0792": {
        "mean": 10.000000149011612,
        "std": 0.0
    }
}