{
    "64.0000": {
        "mean": 91.72666867574056,
        "std": 0.11145509766330822
    },
    "40.9600": {
        "mean": 91.09333356221516,
        "std": 0.08993859469018459
    },
    "26.2144": {
        "mean": 89.80999986330669,
        "std": 0.06683410821463993
    },
    "16.7772": {
        "mean": 88.86333306630452,
        "std": 0.2898660581068599
    },
    "10.7374": {
        "mean": 87.17333475748698,
        "std": 0.21669174132535152
    },
    "6.8719": {
        "mean": 85.30333240826924,
        "std": 0.1461343629468725
    },
    "4.3980": {
        "mean": 82.80666867891948,
        "std": 0.13274844606943756
    },
    "2.8147": {
        "mean": 78.7333329518636,
        "std": 0.6308393192421264
    },
    "1.8014": {
        "mean": 68.91666650772095,
        "std": 2.874861662510743
    },
    "1.1529": {
        "mean": 66.38999978701274,
        "std": 1.0883304080577199
    },
    "0.7379": {
        "mean": 40.84999958674113,
        "std": 9.306452064460572
    },
    "0.4722": {
        "mean": 42.58000055948893,
        "std": 8.46949022055337
    },
    "0.3022": {
        "mean": 28.40333382288615,
        "std": 7.749521788207769
    },
    "0.1934": {
        "mean": 16.06000040968259,
        "std": 6.987622785300385
    },
    "0.1238": {
        "mean": 10.000000149011612,
        "std": 0.0
    },
    "0.0792": {
        "mean": 10.000000149011612,
        "std": 0.0
    }
}