{
    "64.0000": {
        "mean": 10.516666620969772,
        "std": 1.2429087677213542
    },
    "40.9600": {
        "mean": 9.950000047683716,
        "std": 0.13140272089650945
    },
    "26.2144": {
        "mean": 10.160000125567118,
        "std": 0.4609410241978462
    },
    "16.7772": {
        "mean": 9.889999777078629,
        "std": 1.2232197107634348
    },
    "10.7374": {
        "mean": 8.660000065962473,
        "std": 0.9534499654056507
    },
    "6.8719": {
        "mean": 11.516666660706202,
        "std": 1.3726456392520283
    },
    "4.3980": {
        "mean": 8.449999988079071,
        "std": 1.541579213967188
    },
    "2.8147": {
        "mean": 10.909999907016754,
        "std": 0.48914915349452776
    },
    "1.8014": {
        "mean": 10.000000149011612,
        "std": 0.0
    },
    "1.1529": {
        "mean": 9.816666692495346,
        "std": 0.08730522390414579
    },
    "0.7379": {
        "mean": 9.893333166837692,
        "std": 0.12283681515029106
    },
    "0.4722": {
        "mean": 9.106666594743729,
        "std": 1.100737319478846
    },
    "0.3022": {
        "mean": 9.730000048875809,
        "std": 0.38183780345414664
    },
    "0.1934": {
        "mean": 10.30666654308637,
        "std": 0.6113008576281201
    },
    "0.1238": {
        "mean": 10.000000149011612,
        "std": 0.0
    },
    "0.0792": {
        "mean": 10.000000149011612,
        "std": 0.0
    }
}