{
    "64.0000": {
        "mean": 91.49666825930278,
        "std": 0.036819122875453116
    },
    "40.9600": {
        "mean": 90.93000094095866,
        "std": 0.1589536737150412
    },
    "26.2144": {
        "mean": 89.76999918619792,
        "std": 0.1122487012366568
    },
    "16.7772": {
        "mean": 88.61999909083049,
        "std": 0.09899431708860235
    },
    "10.7374": {
        "mean": 86.7033342520396,
        "std": 0.06599754939857823
    },
    "6.8719": {
        "mean": 84.24999912579854,
        "std": 0.3053985828474535
    },
    "4.3980": {
        "mean": 81.74666563669841,
        "std": 0.21638526337193018
    },
    "2.8147": {
        "mean": 79.04666463534038,
        "std": 0.6405375258030803
    },
    "1.8014": {
        "mean": 71.35999997456868,
        "std": 0.5831539622529985
    },
    "1.1529": {
        "mean": 66.15000168482463,
        "std": 0.06976082814503942
    },
    "0.7379": {
        "mean": 60.043332974116005,
        "std": 1.495870738733381
    },
    "0.4722": {
        "mean": 50.036666790644325,
        "std": 0.3399349334916726
    },
    "0.3022": {
        "mean": 41.12999935944875,
        "std": 0.112249763233648
    },
    "0.1934": {
        "mean": 33.6899995803833,
        "std": 1.5931723491926608
    },
    "0.1238": {
        "mean": 27.833333611488342,
        "std": 0.5563161372145511
    },
    "0.0792": {
        "mean": 15.163332968950272,
        "std": 3.3245082154134167
    }
}