{
    "64.0000": {
        "mean": 9.223333497842154,
        "std": 0.7608913473362602
    },
    "40.9600": {
        "mean": 10.000000149011612,
        "std": 0.0
    },
    "26.2144": {
        "mean": 10.006666431824366,
        "std": 0.044969186888754176
    },
    "16.7772": {
        "mean": 10.100000103314718,
        "std": 0.1414212916121418
    },
    "10.7374": {
        "mean": 10.253333548704783,
        "std": 0.35826752964816677
    },
    "6.8719": {
        "mean": 10.080000013113022,
        "std": 0.4364248820788172
    },
    "4.3980": {
        "mean": 10.033333053191503,
        "std": 0.1481741217935865
    },
    "2.8147": {
        "mean": 9.953333189090094,
        "std": 1.182943315081562
    },
    "1.8014": {
        "mean": 9.536666671435038,
        "std": 0.6552524878902808
    },
    "1.1529": {
        "mean": 9.886666884024939,
        "std": 0.1602774404121782
    },
    "0.7379": {
        "mean": 9.996666759252548,
        "std": 0.004714125005943498
    },
    "0.4722": {
        "mean": 9.023333340883255,
        "std": 1.3812154459747639
    },
    "0.3022": {
        "mean": 9.823333223660788,
        "std": 0.14337206076141534
    },
    "0.1934": {
        "mean": 9.963333358367285,
        "std": 0.044969186888754176
    },
    "0.1238": {
        "mean": 9.679999947547913,
        "std": 0.31790981601987006
    },
    "0.0792": {
        "mean": 9.746666749318441,
        "std": 0.35826752964816677
    }
}