{
    "64.0000": {
        "mean": 91.71333312988281,
        "std": 0.21359455587294948
    },
    "40.9600": {
        "mean": 90.90999960899353,
        "std": 0.16309508419273416
    },
    "26.2144": {
        "mean": 90.33000071843465,
        "std": 0.12355586204032597
    },
    "16.7772": {
        "mean": 88.9899988969167,
        "std": 0.3335655307449826
    },
    "10.7374": {
        "mean": 87.61333227157593,
        "std": 0.3387552938662952
    },
    "6.8719": {
        "mean": 86.28666798273723,
        "std": 0.0758651344014486
    },
    "4.3980": {
        "mean": 84.52333211898804,
        "std": 0.030911620831137403
    },
    "2.8147": {
        "mean": 82.78666734695435,
        "std": 0.31689566166162625
    },
    "1.8014": {
        "mean": 80.05666732788086,
        "std": 0.19189136674452548
    },
    "1.1529": {
        "mean": 76.33666594823201,
        "std": 0.15455917533750618
    },
    "0.7379": {
        "mean": 70.16666531562805,
        "std": 0.3761508831101468
    },
    "0.4722": {
        "mean": 62.74333198865255,
        "std": 0.1312340459302191
    },
    "0.3022": {
        "mean": 54.85999981562296,
        "std": 1.2230286029929436
    },
    "0.1934": {
        "mean": 48.649999499320984,
        "std": 1.5617931814391404
    },
    "0.1238": {
        "mean": 37.12999920050303,
        "std": 1.087780572089869
    },
    "0.0792": {
        "mean": 26.16666654745738,
        "std": 3.901933891273854
    }
}