{
    "64.0000": {
        "mean": 78.17333340644836,
        "std": 3.9057611305070212
    },
    "40.9600": {
        "mean": 80.103333791097,
        "std": 0.8092094907831555
    },
    "26.2144": {
        "mean": 78.65666548411052,
        "std": 1.23656338540721
    },
    "16.7772": {
        "mean": 78.16666563351949,
        "std": 0.7197368111665756
    },
    "10.7374": {
        "mean": 78.57666611671448,
        "std": 0.09877098268964717
    },
    "6.8719": {
        "mean": 78.72666716575623,
        "std": 0.22291185911005718
    },
    "4.3980": {
        "mean": 77.97999978065491,
        "std": 0.2628057441970276
    },
    "2.8147": {
        "mean": 76.27000013987224,
        "std": 0.06683410821463993
    },
    "1.8014": {
        "mean": 72.22333351771037,
        "std": 0.8450784307125928
    },
    "1.1529": {
        "mean": 66.48999849955241,
        "std": 0.9265353613622734
    },
    "0.7379": {
        "mean": 54.32000160217285,
        "std": 0.823447630152302
    },
    "0.4722": {
        "mean": 42.22666621208191,
        "std": 3.602242583305858
    },
    "0.3022": {
        "mean": 31.766666968663532,
        "std": 2.989249950688575
    },
    "0.1934": {
        "mean": 22.35666662454605,
        "std": 2.8917856456380737
    },
    "0.1238": {
        "mean": 15.970000127951304,
        "std": 1.6983714892800121
    },
    "0.0792": {
        "mean": 15.190000335375467,
        "std": 3.35606931122589
    }
}