{
    "64.0000": {
        "mean": 91.91666642824809,
        "std": 0.053123683149730906
    },
    "40.9600": {
        "mean": 93.30333272616069,
        "std": 0.08956611989423865
    },
    "26.2144": {
        "mean": 92.95000036557515,
        "std": 0.1557789808132131
    },
    "16.7772": {
        "mean": 85.31333406766255,
        "std": 5.074659416342163
    },
    "10.7374": {
        "mean": 91.94333553314209,
        "std": 0.29634833297913504
    },
    "6.8719": {
        "mean": 92.42666761080424,
        "std": 0.31084147159066594
    },
    "4.3980": {
        "mean": 88.71333400408427,
        "std": 1.8791890814127896
    },
    "2.8147": {
        "mean": 90.25999903678894,
        "std": 0.7947731182571972
    },
    "1.8014": {
        "mean": 90.08333285649617,
        "std": 0.12283781258531638
    },
    "1.1529": {
        "mean": 88.59000007311504,
        "std": 0.5499688363940721
    },
    "0.7379": {
        "mean": 88.74333302179973,
        "std": 0.11953630796563304
    },
    "0.4722": {
        "mean": 88.21333448092143,
        "std": 0.12037139800255936
    },
    "0.3022": {
        "mean": 88.2099986076355,
        "std": 0.12832259236455035
    },
    "0.1934": {
        "mean": 86.46000027656555,
        "std": 0.26470042852450043
    },
    "0.1238": {
        "mean": 83.92666578292847,
        "std": 0.26562315298346345
    },
    "0.0792": {
        "mean": 81.30666414896648,
        "std": 0.21060744114621113
    },
    "0.0507": {
        "mean": 76.82666778564453,
        "std": 0.7511906745531809
    },
    "0.0325": {
        "mean": 71.90666596094768,
        "std": 0.2423958402406622
    },
    "0.0208": {
        "mean": 66.02333386739095,
        "std": 0.40144263624593873
    },
    "0.0133": {
        "mean": 55.390000343322754,
        "std": 2.2442080715067245
    },
    "0.0085": {
        "mean": 37.40666707356771,
        "std": 10.375064069876414
    }
}