{
    "64.0000": {
        "mean": 93.73333255449931,
        "std": 0.06182431287683589
    },
    "40.9600": {
        "mean": 90.81666668256123,
        "std": 0.07133816670449668
    },
    "26.2144": {
        "mean": 93.25666626294453,
        "std": 0.18263408212783974
    },
    "16.7772": {
        "mean": 92.58666634559631,
        "std": 0.02624827268327496
    },
    "10.7374": {
        "mean": 90.65999786059062,
        "std": 0.07071117264167728
    },
    "6.8719": {
        "mean": 92.06666549046834,
        "std": 0.08956767266545126
    },
    "4.3980": {
        "mean": 90.70000052452087,
        "std": 0.24055502160930037
    },
    "2.8147": {
        "mean": 90.83000024159749,
        "std": 0.34068344819357893
    },
    "1.8014": {
        "mean": 90.50333301226298,
        "std": 0.10143545303826479
    },
    "1.1529": {
        "mean": 90.68666696548462,
        "std": 0.08339816904709901
    },
    "0.7379": {
        "mean": 90.31999905904134,
        "std": 0.12027775858416062
    },
    "0.4722": {
        "mean": 89.4700010617574,
        "std": 0.2099195830487279
    },
    "0.3022": {
        "mean": 88.19666902224223,
        "std": 0.07717217928739455
    },
    "0.1934": {
        "mean": 86.42666538556416,
        "std": 0.19223851779293843
    },
    "0.1238": {
        "mean": 84.08000071843465,
        "std": 0.09899652477761545
    },
    "0.0792": {
        "mean": 80.2233338356018,
        "std": 0.5820258329312737
    },
    "0.0507": {
        "mean": 76.06666485468547,
        "std": 0.5539145523461084
    },
    "0.0325": {
        "mean": 72.1566657225291,
        "std": 0.33717850915333714
    },
    "0.0208": {
        "mean": 65.50666689872742,
        "std": 0.25315850919082544
    },
    "0.0133": {
        "mean": 54.93000149726868,
        "std": 2.25629413117122
    },
    "0.0085": {
        "mean": 40.84666669368744,
        "std": 0.37959041017983597
    }
}