{
    "64.0000": {
        "mean": 86.65666580200195,
        "std": 0.21853218987425713
    },
    "40.9600": {
        "mean": 9.959999968608221,
        "std": 0.7676369810982783
    },
    "26.2144": {
        "mean": 89.18333252271016,
        "std": 0.453455574723047
    },
    "16.7772": {
        "mean": 87.77333498001099,
        "std": 1.1192074743791098
    },
    "10.7374": {
        "mean": 22.08666702111562,
        "std": 2.4839398443593685
    },
    "6.8719": {
        "mean": 86.49666508038838,
        "std": 0.1271036620053705
    },
    "4.3980": {
        "mean": 69.56000129381816,
        "std": 8.63602233107755
    },
    "2.8147": {
        "mean": 81.97666605313619,
        "std": 1.6110528238226607
    },
    "1.8014": {
        "mean": 82.12666710217793,
        "std": 0.5432199054167371
    },
    "1.1529": {
        "mean": 83.59333276748657,
        "std": 0.24115562262376822
    },
    "0.7379": {
        "mean": 82.59666760762532,
        "std": 0.3635315327082644
    },
    "0.4722": {
        "mean": 78.94333402315776,
        "std": 0.6568798160610801
    },
    "0.3022": {
        "mean": 76.18666688601176,
        "std": 0.44123717157971876
    },
    "0.1934": {
        "mean": 71.72000010808308,
        "std": 1.6995475274046397
    },
    "0.1238": {
        "mean": 67.06999937693278,
        "std": 1.953665686034677
    },
    "0.0792": {
        "mean": 61.75000071525574,
        "std": 1.1546732267440498
    },
    "0.0507": {
        "mean": 55.65666755040487,
        "std": 0.6407456472041702
    },
    "0.0325": {
        "mean": 50.36333401997884,
        "std": 1.1409154580695675
    },
    "0.0208": {
        "mean": 42.83333420753479,
        "std": 3.281883210993476
    },
    "0.0133": {
        "mean": 33.913333217302956,
        "std": 1.4374127882002654
    },
    "0.0085": {
        "mean": 22.936666508515675,
        "std": 1.4213683546380669
    }
}