{
    "64.0000": {
        "mean": 91.61333441734314,
        "std": 0.08055303025973914
    },
    "40.9600": {
        "mean": 90.90666770935059,
        "std": 0.168193318215629
    },
    "26.2144": {
        "mean": 86.87333464622498,
        "std": 1.4994730166468853
    },
    "16.7772": {
        "mean": 59.353332966566086,
        "std": 34.901289304846806
    },
    "10.7374": {
        "mean": 83.27333529790242,
        "std": 4.6617771848673
    },
    "6.8719": {
        "mean": 60.06666744748751,
        "std": 35.40248843158977
    },
    "4.3980": {
        "mean": 80.20000060399373,
        "std": 2.602167907241271
    },
    "2.8147": {
        "mean": 43.046668420235314,
        "std": 23.601487443839304
    },
    "1.8014": {
        "mean": 15.553333858648935,
        "std": 7.853599848552794
    },
    "1.1529": {
        "mean": 31.313334157069523,
        "std": 17.334624144930675
    },
    "0.7379": {
        "mean": 17.499999701976776,
        "std": 10.606601085595486
    },
    "0.4722": {
        "mean": 15.883332987626394,
        "std": 8.320289092324025
    },
    "0.3022": {
        "mean": 11.593333383401236,
        "std": 2.253313469453594
    },
    "0.1934": {
        "mean": 10.816666732231775,
        "std": 1.1549409579268517
    },
    "0.1238": {
        "mean": 12.446666757265726,
        "std": 3.4601090999983493
    },
    "0.0792": {
        "mean": 9.930000205834707,
        "std": 0.09899486900612549
    }
}