{
    "64.0000": {
        "mean": 9.43333332737287,
        "std": 1.223582849275556
    },
    "40.9600": {
        "mean": 10.82666665315628,
        "std": 2.0459117747002633
    },
    "26.2144": {
        "mean": 9.963333358367285,
        "std": 0.004713773782205907
    },
    "16.7772": {
        "mean": 9.570000072320303,
        "std": 0.5593446617211333
    },
    "10.7374": {
        "mean": 7.663333415985107,
        "std": 0.5542761885660978
    },
    "6.8719": {
        "mean": 10.370000203450521,
        "std": 0.8535026607922658
    },
    "4.3980": {
        "mean": 10.22666667898496,
        "std": 1.8909670134770273
    },
    "2.8147": {
        "mean": 10.563333332538605,
        "std": 1.6689781347136892
    },
    "1.8014": {
        "mean": 10.000000149011612,
        "std": 0.0
    },
    "1.1529": {
        "mean": 9.996666759252548,
        "std": 1.4492835474033663
    },
    "0.7379": {
        "mean": 9.986666838328043,
        "std": 0.0188561488000364
    },
    "0.4722": {
        "mean": 9.976666669050852,
        "std": 0.03299852381786689
    },
    "0.3022": {
        "mean": 10.000000149011612,
        "std": 0.0
    },
    "0.1934": {
        "mean": 10.000000149011612,
        "std": 0.0
    },
    "0.1238": {
        "mean": 10.000000149011612,
        "std": 0.0
    },
    "0.0792": {
        "mean": 10.07333348194758,
        "std": 0.103708994012069
    }
}