{
    "64.0000": {
        "mean": 92.93333292007446,
        "std": 0.19482291024944826
    },
    "40.9600": {
        "mean": 92.96666781107585,
        "std": 0.26284667303366516
    },
    "26.2144": {
        "mean": 92.8000013033549,
        "std": 0.2943909382568646
    },
    "16.7772": {
        "mean": 92.54333178202312,
        "std": 0.3916052871403976
    },
    "10.7374": {
        "mean": 91.45999948183696,
        "std": 0.9994329646376373
    },
    "6.8719": {
        "mean": 91.91666642824809,
        "std": 0.3502680752237717
    },
    "4.3980": {
        "mean": 91.18000070254008,
        "std": 0.2619175302144722
    },
    "2.8147": {
        "mean": 90.59333205223083,
        "std": 0.8378678209563365
    },
    "1.8014": {
        "mean": 88.1166656812032,
        "std": 1.2402246243570418
    },
    "1.1529": {
        "mean": 85.6166660785675,
        "std": 0.21914022312798837
    },
    "0.7379": {
        "mean": 85.41333278020223,
        "std": 2.1498899684717863
    },
    "0.4722": {
        "mean": 84.31666692097981,
        "std": 1.906763590382233
    },
    "0.3022": {
        "mean": 83.80333383878072,
        "std": 1.6935636315910332
    },
    "0.1934": {
        "mean": 81.61333203315735,
        "std": 1.996403446796905
    },
    "0.1238": {
        "mean": 78.39999993642171,
        "std": 1.1760957154719907
    },
    "0.0792": {
        "mean": 73.00666570663452,
        "std": 3.499956865087594
    },
    "0.0507": {
        "mean": 29.006666441758473,
        "std": 26.879485246702167
    },
    "0.0325": {
        "mean": 54.36000029246012,
        "std": 4.992158872296713
    },
    "0.0208": {
        "mean": 36.16999909281731,
        "std": 18.896222808663193
    },
    "0.0133": {
        "mean": 30.693333347638447,
        "std": 3.816511945603697
    },
    "0.0085": {
        "mean": 14.720000326633453,
        "std": 6.6750882655962265
    }
}