{
    "64.0000": {
        "mean": 8.813333387176195,
        "std": 3.7375600267446596
    },
    "40.9600": {
        "mean": 9.906666725873947,
        "std": 2.2286367301900762
    },
    "26.2144": {
        "mean": 10.203333323200544,
        "std": 3.6709064789194885
    },
    "16.7772": {
        "mean": 7.409999892115593,
        "std": 1.7280623378188693
    },
    "10.7374": {
        "mean": 8.340000112851461,
        "std": 1.700725427531829
    },
    "6.8719": {
        "mean": 7.343333338697751,
        "std": 1.6379730314354375
    },
    "4.3980": {
        "mean": 11.689999947945276,
        "std": 3.742788663965911
    },
    "2.8147": {
        "mean": 6.353333468238513,
        "std": 2.772031026052901
    },
    "1.8014": {
        "mean": 6.566666687528293,
        "std": 1.6279298638005868
    },
    "1.1529": {
        "mean": 15.770000219345093,
        "std": 1.0566931724358593
    },
    "0.7379": {
        "mean": 10.806666749219099,
        "std": 6.727101012048977
    },
    "0.4722": {
        "mean": 8.816666776935259,
        "std": 4.244976219436836
    },
    "0.3022": {
        "mean": 8.639999851584435,
        "std": 2.2046766976403496
    },
    "0.1934": {
        "mean": 9.493333101272583,
        "std": 2.2888471112627142
    },
    "0.1238": {
        "mean": 8.299999808271727,
        "std": 4.021367644082837
    },
    "0.0792": {
        "mean": 10.166666905085245,
        "std": 0.5692293759927185
    },
    "0.0507": {
        "mean": 9.780000150203705,
        "std": 0.311126982036207
    },
    "0.0325": {
        "mean": 11.753333111604055,
        "std": 1.2893492810615472
    },
    "0.0208": {
        "mean": 9.640000263849894,
        "std": 0.8474667849403853
    },
    "0.0133": {
        "mean": 10.533333321412405,
        "std": 0.580191358403606
    },
    "0.0085": {
        "mean": 10.540000100930532,
        "std": 0.7636752556845557
    }
}