{
    "64.0000": {
        "mean": 93.4500018755595,
        "std": 0.14236066196530736
    },
    "40.9600": {
        "mean": 93.42333277066548,
        "std": 0.0590682094548095
    },
    "26.2144": {
        "mean": 93.16999912261963,
        "std": 0.08602297663145315
    },
    "16.7772": {
        "mean": 92.84333189328511,
        "std": 0.1102510688936038
    },
    "10.7374": {
        "mean": 92.40000049273173,
        "std": 0.1042436403033226
    },
    "6.8719": {
        "mean": 91.74999992052715,
        "std": 0.05354012674709741
    },
    "4.3980": {
        "mean": 91.25333428382874,
        "std": 0.12657972549045052
    },
    "2.8147": {
        "mean": 90.52000045776367,
        "std": 0.06377259151040629
    },
    "1.8014": {
        "mean": 89.78666663169861,
        "std": 0.08730579283529272
    },
    "1.1529": {
        "mean": 88.62333297729492,
        "std": 0.28193930555180247
    },
    "0.7379": {
        "mean": 87.07333207130432,
        "std": 0.13097900817155445
    },
    "0.4722": {
        "mean": 85.36666830380757,
        "std": 0.08178697160130831
    },
    "0.3022": {
        "mean": 83.43999981880188,
        "std": 0.3955574113728341
    },
    "0.1934": {
        "mean": 81.0533344745636,
        "std": 0.461975477156857
    },
    "0.1238": {
        "mean": 76.93666815757751,
        "std": 0.5201498572307899
    },
    "0.0792": {
        "mean": 72.40333557128906,
        "std": 0.3724095534422597
    },
    "0.0507": {
        "mean": 67.35999981562297,
        "std": 0.18456980252568964
    },
    "0.0325": {
        "mean": 61.896667877833046,
        "std": 0.6631909812894896
    },
    "0.0208": {
        "mean": 54.630001386006676,
        "std": 2.0110192680107115
    },
    "0.0133": {
        "mean": 46.15666667620341,
        "std": 2.0268584339098674
    },
    "0.0085": {
        "mean": 31.68666660785675,
        "std": 7.842556216477196
    }
}