{
    "64.0000": {
        "mean": 9.95333343744278,
        "std": 0.08178579743475028
    },
    "40.9600": {
        "mean": 9.640000015497208,
        "std": 0.7406751604598691
    },
    "26.2144": {
        "mean": 10.246666769186655,
        "std": 0.7792877062044963
    },
    "16.7772": {
        "mean": 9.636666625738144,
        "std": 0.3821286603450272
    },
    "10.7374": {
        "mean": 9.693333258231482,
        "std": 0.8311172187738077
    },
    "6.8719": {
        "mean": 10.616666575272879,
        "std": 0.6913916044476716
    },
    "4.3980": {
        "mean": 9.943333268165588,
        "std": 0.05792693744660152
    },
    "2.8147": {
        "mean": 9.839999924103418,
        "std": 0.24166096113860797
    },
    "1.8014": {
        "mean": 11.166666696468988,
        "std": 0.7331362757186595
    },
    "1.1529": {
        "mean": 9.146666526794434,
        "std": 1.1933798395872197
    },
    "0.7379": {
        "mean": 10.023333380619684,
        "std": 1.6137397207469135
    },
    "0.4722": {
        "mean": 11.606666694084803,
        "std": 0.36123244961966083
    },
    "0.3022": {
        "mean": 10.596666485071182,
        "std": 3.0028466994142646
    },
    "0.1934": {
        "mean": 8.38333343466123,
        "std": 1.413136887013667
    },
    "0.1238": {
        "mean": 8.219999819993973,
        "std": 0.47462250757457836
    },
    "0.0792": {
        "mean": 10.526666790246964,
        "std": 2.6743766216519846
    },
    "0.0507": {
        "mean": 9.843333313862482,
        "std": 1.9045442240784938
    },
    "0.0325": {
        "mean": 10.599999874830246,
        "std": 0.976831589598862
    },
    "0.0208": {
        "mean": 9.256666650374731,
        "std": 0.9151443855872174
    },
    "0.0133": {
        "mean": 10.339999943971634,
        "std": 0.5586292483345471
    },
    "0.0085": {
        "mean": 11.386666695276896,
        "std": 1.1188483920053998
    }
}