{
    "64.0000": {
        "mean": 91.73333247502644,
        "std": 0.202868294408578
    },
    "40.9600": {
        "mean": 90.77333211898804,
        "std": 0.2075785575786459
    },
    "26.2144": {
        "mean": 89.64666724205017,
        "std": 0.06650076745940413
    },
    "16.7772": {
        "mean": 87.98333406448364,
        "std": 0.31541734999205107
    },
    "10.7374": {
        "mean": 87.02000180880229,
        "std": 0.44113504859472513
    },
    "6.8719": {
        "mean": 83.91666809717815,
        "std": 0.40301514977472414
    },
    "4.3980": {
        "mean": 82.12999900182088,
        "std": 0.29743359110384654
    },
    "2.8147": {
        "mean": 77.21666693687439,
        "std": 2.461940678399707
    },
    "1.8014": {
        "mean": 69.90000009536743,
        "std": 2.0388240240853066
    },
    "1.1529": {
        "mean": 66.85999830563863,
        "std": 0.3137935693291329
    },
    "0.7379": {
        "mean": 62.3033344745636,
        "std": 0.8707987716368295
    },
    "0.4722": {
        "mean": 53.10666561126709,
        "std": 0.8428654541114804
    },
    "0.3022": {
        "mean": 41.93999965985616,
        "std": 2.433940761903128
    },
    "0.1934": {
        "mean": 32.79333412647247,
        "std": 3.0429845239420197
    },
    "0.1238": {
        "mean": 30.209999283154804,
        "std": 3.3966256221229405
    },
    "0.0792": {
        "mean": 17.533332854509354,
        "std": 6.961964476252299
    }
}