{
    "64.0000": {
        "mean": 9.389999757210413,
        "std": 2.7508906144157974
    },
    "40.9600": {
        "mean": 10.030000160137812,
        "std": 0.8409914184951801
    },
    "26.2144": {
        "mean": 6.486666699250539,
        "std": 2.462212273394454
    },
    "16.7772": {
        "mean": 8.093333120147387,
        "std": 3.299134475928233
    },
    "10.7374": {
        "mean": 5.443333461880684,
        "std": 1.3112929703721816
    },
    "6.8719": {
        "mean": 3.4500000377496085,
        "std": 0.4397726979931928
    },
    "4.3980": {
        "mean": 10.20666683713595,
        "std": 0.2072572701061964
    },
    "2.8147": {
        "mean": 9.3599999944369,
        "std": 0.4667619534634251
    },
    "1.8014": {
        "mean": 6.0099999730785685,
        "std": 4.398211706169741
    },
    "1.1529": {
        "mean": 7.436666637659073,
        "std": 0.8048324317130894
    },
    "0.7379": {
        "mean": 7.039999961853027,
        "std": 0.9621851714955783
    },
    "0.4722": {
        "mean": 8.039999877413115,
        "std": 2.5271458296030893
    },
    "0.3022": {
        "mean": 9.830000003178915,
        "std": 0.24041651184200488
    },
    "0.1934": {
        "mean": 6.3100000222524,
        "std": 2.72796638816628
    },
    "0.1238": {
        "mean": 10.07333348194758,
        "std": 0.277168267452685
    },
    "0.0792": {
        "mean": 10.523333152135214,
        "std": 2.901842048311524
    }
}