{
    "64.0000": {
        "mean": 86.28333409627278,
        "std": 0.2027024907960096
    },
    "40.9600": {
        "mean": 86.19666695594788,
        "std": 0.12391843043805008
    },
    "26.2144": {
        "mean": 86.27000053723653,
        "std": 0.15641739751516376
    },
    "16.7772": {
        "mean": 86.36333346366882,
        "std": 0.1347429905995386
    },
    "10.7374": {
        "mean": 86.09000047047932,
        "std": 0.34650768033660906
    },
    "6.8719": {
        "mean": 85.19000013669331,
        "std": 0.5233238312110733
    },
    "4.3980": {
        "mean": 85.1800004641215,
        "std": 0.18493377789644136
    },
    "2.8147": {
        "mean": 84.86666679382324,
        "std": 0.3073894486775928
    },
    "1.8014": {
        "mean": 84.04000202814738,
        "std": 0.490781070775525
    },
    "1.1529": {
        "mean": 83.2533319791158,
        "std": 0.2266185116133523
    },
    "0.7379": {
        "mean": 81.58666690190633,
        "std": 0.5037422281189302
    },
    "0.4722": {
        "mean": 79.78333433469136,
        "std": 0.3946566627844508
    },
    "0.3022": {
        "mean": 76.61333481470744,
        "std": 0.850503005361743
    },
    "0.1934": {
        "mean": 74.00333285331726,
        "std": 0.5262656499775157
    },
    "0.1238": {
        "mean": 69.3833331267039,
        "std": 0.8579573505452873
    },
    "0.0792": {
        "mean": 64.55333232879639,
        "std": 1.5721799424222462
    },
    "0.0507": {
        "mean": 56.35000069936117,
        "std": 1.672981526670749
    },
    "0.0325": {
        "mean": 51.85333490371704,
        "std": 0.6673493805054895
    },
    "0.0208": {
        "mean": 45.516666769981384,
        "std": 2.2098923914399218
    },
    "0.0133": {
        "mean": 36.266666650772095,
        "std": 2.570374467841291
    },
    "0.0085": {
        "mean": 33.97333323955536,
        "std": 2.1369962860743916
    }
}