{
    "64.0000": {
        "mean": 93.60666672388713,
        "std": 0.15107099388024864
    },
    "40.9600": {
        "mean": 93.62000028292339,
        "std": 0.01633020810748201
    },
    "26.2144": {
        "mean": 93.65333318710327,
        "std": 0.04496922371853636
    },
    "16.7772": {
        "mean": 91.64000153541565,
        "std": 0.29337295890050863
    },
    "10.7374": {
        "mean": 92.44999885559082,
        "std": 0.15121806898580986
    },
    "6.8719": {
        "mean": 92.4733320871989,
        "std": 0.13224507214477849
    },
    "4.3980": {
        "mean": 92.60999957720439,
        "std": 0.10677007778770886
    },
    "2.8147": {
        "mean": 92.28000044822693,
        "std": 0.13589346407890632
    },
    "1.8014": {
        "mean": 91.7799989382426,
        "std": 0.2222611603459923
    },
    "1.1529": {
        "mean": 91.46666725476582,
        "std": 0.18263408212783974
    },
    "0.7379": {
        "mean": 90.83333214124043,
        "std": 0.10077395212147833
    },
    "0.4722": {
        "mean": 89.73000049591064,
        "std": 0.024494095395858555
    },
    "0.3022": {
        "mean": 88.51666649182637,
        "std": 0.1569162561341346
    },
    "0.1934": {
        "mean": 86.91999912261963,
        "std": 0.19949841832238038
    },
    "0.1238": {
        "mean": 84.19666687647502,
        "std": 0.0659979507971354
    },
    "0.0792": {
        "mean": 80.12666702270508,
        "std": 0.6439635088607883
    },
    "0.0507": {
        "mean": 72.91333079338074,
        "std": 1.2624136588576023
    },
    "0.0325": {
        "mean": 66.29333297411601,
        "std": 0.38352372116647715
    },
    "0.0208": {
        "mean": 49.043333530426025,
        "std": 5.916171845310987
    },
    "0.0133": {
        "mean": 27.003333220879238,
        "std": 13.414077444893762
    },
    "0.0085": {
        "mean": 16.3033331433932,
        "std": 8.914259008808251
    }
}