{
    "64.0000": {
        "mean": 85.63666741053264,
        "std": 0.40102542961936793
    },
    "40.9600": {
        "mean": 85.1800004641215,
        "std": 0.4982642707476641
    },
    "26.2144": {
        "mean": 85.10333299636841,
        "std": 0.4179598687951218
    },
    "16.7772": {
        "mean": 56.37333393096924,
        "std": 15.851167148158016
    },
    "10.7374": {
        "mean": 83.71999859809875,
        "std": 0.4626736865708501
    },
    "6.8719": {
        "mean": 85.18333236376445,
        "std": 0.42757769244940014
    },
    "4.3980": {
        "mean": 85.41333476702373,
        "std": 0.5060530254699795
    },
    "2.8147": {
        "mean": 85.17666657765706,
        "std": 0.48582150745681674
    },
    "1.8014": {
        "mean": 84.7100019454956,
        "std": 0.16062334883804325
    },
    "1.1529": {
        "mean": 83.843332529068,
        "std": 0.7739216456127974
    },
    "0.7379": {
        "mean": 82.09666609764099,
        "std": 0.1798751275633305
    },
    "0.4722": {
        "mean": 78.82333199183147,
        "std": 0.5980144559358083
    },
    "0.3022": {
        "mean": 72.27666576703389,
        "std": 0.9629223611086247
    },
    "0.1934": {
        "mean": 53.98333470026652,
        "std": 3.4723885562025516
    },
    "0.1238": {
        "mean": 33.096666634082794,
        "std": 6.26979209201397
    },
    "0.0792": {
        "mean": 23.446667194366455,
        "std": 2.9428370030704696
    },
    "0.0507": {
        "mean": 16.903333365917206,
        "std": 4.032025005583218
    },
    "0.0325": {
        "mean": 12.809999783833822,
        "std": 1.5146176345995397
    },
    "0.0208": {
        "mean": 10.176666577657064,
        "std": 0.8400923956188359
    },
    "0.0133": {
        "mean": 10.090000182390213,
        "std": 0.22553641645291236
    },
    "0.0085": {
        "mean": 10.05666678150495,
        "std": 0.08013872020608909
    }
}