{
      "64.0000": {
            "mean": 91.37666821479797,
            "std": 0.18354605754498107
      },
      "40.9600": {
            "mean": 90.88333447774251,
            "std": 0.23626846501771256
      },
      "26.2144": {
            "mean": 90.03333449363708,
            "std": 0.15412898460853697
      },
      "20.9715": {
            "mean": 89.45666551589966,
            "std": 0.03681660458887429
      },
      "16.7772": {
            "mean": 88.89999985694885,
            "std": 0.12569662226554862
      },
      "13.4218": {
            "mean": 88.06333343187968,
            "std": 0.27206863850988755
      },
      "10.7374": {
            "mean": 87.37333416938782,
            "std": 0.20005709702884214
      },
      "8.5899": {
            "mean": 86.86333298683167,
            "std": 0.012471605948340458
      },
      "6.8719": {
            "mean": 85.61999996503194,
            "std": 0.2546880088810811
      },
      "5.4976": {
            "mean": 84.80999867121379,
            "std": 0.06377103374114605
      },
      "4.3980": {
            "mean": 83.09666713078816,
            "std": 0.34237648029308776
      },
      "3.5184": {
            "mean": 81.82333310445149,
            "std": 0.6075805890762254
      },
      "2.8147": {
            "mean": 79.78333234786987,
            "std": 0.27329203541916447
      },
      "2.2518": {
            "mean": 76.96333328882854,
            "std": 0.4974840567403922
      },
      "1.8014": {
            "mean": 72.96666701634724,
            "std": 2.3998105715729623
      },
      "1.4412": {
            "mean": 62.59333292643229,
            "std": 4.189800642334497
      },
      "1.1529": {
            "mean": 54.996667305628456,
            "std": 1.4370649124791723
      }
}