{
      "64.0000": {
            "mean": 0.2859316452026367,
            "std": 0.003967724934373334
      },
      "40.9600": {
            "mean": 0.28743414789835614,
            "std": 0.0006128279861480616
      },
      "26.2144": {
            "mean": 0.30178702621459963,
            "std": 0.0026532270570568182
      },
      "20.9715": {
            "mean": 0.31527742691040034,
            "std": 0.0007653006943566883
      },
      "16.7772": {
            "mean": 0.3301459810892741,
            "std": 0.0045198681765914305
      },
      "13.4218": {
            "mean": 0.3503683141072591,
            "std": 0.006677197724415369
      },
      "10.7374": {
            "mean": 0.36933121032714844,
            "std": 0.0042745948457843415
      },
      "8.5899": {
            "mean": 0.39151843490600585,
            "std": 0.0013798430945164825
      },
      "6.8719": {
            "mean": 0.42535754089355465,
            "std": 0.005029633753538507
      },
      "5.4976": {
            "mean": 0.45382440668741864,
            "std": 0.0038550174332644066
      },
      "4.3980": {
            "mean": 0.4977905057271322,
            "std": 0.010521607862083107
      },
      "3.5184": {
            "mean": 0.541261041768392,
            "std": 0.019667447993918796
      },
      "2.8147": {
            "mean": 0.5991321004231771,
            "std": 0.009833987108334422
      },
      "2.2518": {
            "mean": 0.6860205556233723,
            "std": 0.011164638785291474
      },
      "1.8014": {
            "mean": 0.7892494028727214,
            "std": 0.06134987129423902
      },
      "1.4412": {
            "mean": 1.064210703531901,
            "std": 0.08562864337450345
      },
      "1.1529": {
            "mean": 1.232154091389974,
            "std": 0.03309226544719262
      }
}