{
      "64.0000": {
            "mean": 91.83000127474467,
            "std": 0.05656669028142124
      },
      "40.9600": {
            "mean": 91.0699983437856,
            "std": 0.02828334514071062
      },
      "26.2144": {
            "mean": 90.33333261807759,
            "std": 0.15627496146001188
      },
      "20.9715": {
            "mean": 89.7599995136261,
            "std": 0.12247534367815943
      },
      "16.7772": {
            "mean": 89.3666644891103,
            "std": 0.1913698054707872
      },
      "13.4218": {
            "mean": 88.50333293279012,
            "std": 0.2329997974462675
      },
      "10.7374": {
            "mean": 87.5866671403249,
            "std": 0.05436661171968534
      },
      "8.5899": {
            "mean": 86.52666608492534,
            "std": 0.21076674349172736
      },
      "6.8719": {
            "mean": 85.23666858673096,
            "std": 0.28158279630049166
      },
      "5.4976": {
            "mean": 84.48999921480815,
            "std": 0.56961912647946
      },
      "4.3980": {
            "mean": 82.64333407084148,
            "std": 0.5510202859157713
      },
      "3.5184": {
            "mean": 81.43333395322163,
            "std": 0.46341767181600985
      },
      "2.8147": {
            "mean": 76.11666917800903,
            "std": 2.524444360093226
      },
      "2.2518": {
            "mean": 72.27333386739095,
            "std": 4.497112994273457
      },
      "1.8014": {
            "mean": 70.47666708628337,
            "std": 4.7703274627284475
      },
      "1.4412": {
            "mean": 58.360000451405845,
            "std": 13.002633080175872
      },
      "1.1529": {
            "mean": 45.183332761128746,
            "std": 9.181379701215818
      }
}