{
      "64.0000": {
            "mean": 0.2824361480712891,
            "std": 0.0058735038534405756
      },
      "40.9600": {
            "mean": 0.2839264662424723,
            "std": 0.003959903168363793
      },
      "26.2144": {
            "mean": 0.2982806688944499,
            "std": 0.0016053123209218078
      },
      "20.9715": {
            "mean": 0.30834059193929036,
            "std": 0.005961779998071241
      },
      "16.7772": {
            "mean": 0.3192739555358887,
            "std": 0.00806287804659582
      },
      "13.4218": {
            "mean": 0.3445682017008463,
            "std": 0.008389732626017287
      },
      "10.7374": {
            "mean": 0.36936336797078456,
            "std": 0.00033845608828966383
      },
      "8.5899": {
            "mean": 0.4004260520935059,
            "std": 0.009178391382767919
      },
      "6.8719": {
            "mean": 0.4333797528584798,
            "std": 0.0065993130022999665
      },
      "5.4976": {
            "mean": 0.459857019551595,
            "std": 0.018580182676644647
      },
      "4.3980": {
            "mean": 0.5182229715983072,
            "std": 0.02102774362899748
      },
      "3.5184": {
            "mean": 0.5458914581298827,
            "std": 0.010072405074910636
      },
      "2.8147": {
            "mean": 0.7285226313273112,
            "std": 0.08548317883504279
      },
      "2.2518": {
            "mean": 0.7815169576009113,
            "std": 0.08095894280950917
      },
      "1.8014": {
            "mean": 0.8406038340250651,
            "std": 0.08080271380474896
      },
      "1.4412": {
            "mean": 1.1608155451456705,
            "std": 0.2661027716768325
      },
      "1.1529": {
            "mean": 1.4754681223551434,
            "std": 0.17164056398576225
      }
}