{
      "100.0000": {
            "mean": 92.11666782697041,
            "std": 0.08178697160130831
      },
      "80.0000": {
            "mean": 92.06000169118245,
            "std": 0.13441213736483934
      },
      "64.0000": {
            "mean": 92.20666686693828,
            "std": 0.0590682094548095
      },
      "51.2000": {
            "mean": 92.17999974886577,
            "std": 0.28878855593064734
      },
      "40.9600": {
            "mean": 92.14333494504292,
            "std": 0.23299979744626748
      },
      "32.7680": {
            "mean": 91.839998960495,
            "std": 0.15513575977225974
      },
      "26.2144": {
            "mean": 91.8666660785675,
            "std": 0.2574651276882459
      },
      "20.9715": {
            "mean": 91.92000031471252,
            "std": 0.3550583957055154
      },
      "16.7772": {
            "mean": 91.82666540145874,
            "std": 0.1388845064810458
      },
      "13.4218": {
            "mean": 91.56333406766255,
            "std": 0.357802111555186
      },
      "10.7374": {
            "mean": 91.34000142415364,
            "std": 0.33256714097846335
      },
      "8.5899": {
            "mean": 90.89999993642171,
            "std": 0.296982549850974
      },
      "6.8719": {
            "mean": 90.57666460673015,
            "std": 0.3029126701474149
      },
      "5.4976": {
            "mean": 90.07999897003174,
            "std": 0.16512786651088174
      },
      "4.3980": {
            "mean": 88.9733334382375,
            "std": 0.250379205024385
      },
      "3.5184": {
            "mean": 86.34666601816814,
            "std": 1.3191011378116704
      },
      "2.8147": {
            "mean": 84.50666467348735,
            "std": 1.7656409447654609
      },
      "2.2518": {
            "mean": 82.21333225568135,
            "std": 0.8158980313331672
      },
      "1.8014": {
            "mean": 80.09333411852519,
            "std": 0.6468572190677156
      },
      "1.4412": {
            "mean": 78.28666766484578,
            "std": 0.44432272130130285
      },
      "1.1529": {
            "mean": 74.37000075976054,
            "std": 0.3513780800655954
      },
      "0.9223": {
            "mean": 71.39666477839152,
            "std": 0.33068911505486365
      },
      "0.7379": {
            "mean": 68.55333248774211,
            "std": 0.354902213694721
      },
      "0.5903": {
            "mean": 65.20333290100098,
            "std": 0.25249971228460555
      },
      "0.4722": {
            "mean": 61.67666713396708,
            "std": 0.792729950943536
      },
      "0.3778": {
            "mean": 58.69333346684774,
            "std": 1.2113456450103688
      }
}