{
      "100.0000": {
            "mean": 0.2991149424235026,
            "std": 0.0011750085358733513
      },
      "80.0000": {
            "mean": 0.2866514934539795,
            "std": 0.0065814519838248604
      },
      "64.0000": {
            "mean": 0.28426675364176435,
            "std": 0.005333936566797349
      },
      "51.2000": {
            "mean": 0.2804252047220866,
            "std": 0.006152515456011548
      },
      "40.9600": {
            "mean": 0.27619099502563477,
            "std": 0.0033487362062857187
      },
      "32.7680": {
            "mean": 0.2809826924641927,
            "std": 0.0038729104694356737
      },
      "26.2144": {
            "mean": 0.2779772300720215,
            "std": 0.004675805510308597
      },
      "20.9715": {
            "mean": 0.274861301167806,
            "std": 0.0062465331901215325
      },
      "16.7772": {
            "mean": 0.27330214233398437,
            "std": 0.00514672250612565
      },
      "13.4218": {
            "mean": 0.2711060297648112,
            "std": 0.006664827821783407
      },
      "10.7374": {
            "mean": 0.2752333737691243,
            "std": 0.003340453821041814
      },
      "8.5899": {
            "mean": 0.2839938601175944,
            "std": 0.004252161874852011
      },
      "6.8719": {
            "mean": 0.2885501337687174,
            "std": 0.00470959460170548
      },
      "5.4976": {
            "mean": 0.3015858830769857,
            "std": 0.004858559376890931
      },
      "4.3980": {
            "mean": 0.3288364306131999,
            "std": 0.008499101240082659
      },
      "3.5184": {
            "mean": 0.40660817998250326,
            "std": 0.034463756817489345
      },
      "2.8147": {
            "mean": 0.4578183303833008,
            "std": 0.04437280499207112
      },
      "2.2518": {
            "mean": 0.5331888020833334,
            "std": 0.023728230012935846
      },
      "1.8014": {
            "mean": 0.5938095703125,
            "std": 0.015182664490195197
      },
      "1.4412": {
            "mean": 0.6514062077840169,
            "std": 0.012494769362135748
      },
      "1.1529": {
            "mean": 0.7567695836385092,
            "std": 0.008760244694904955
      },
      "0.9223": {
            "mean": 0.8453824442545573,
            "std": 0.009157680417371037
      },
      "0.7379": {
            "mean": 0.9271578796386719,
            "std": 0.008865638192046828
      },
      "0.5903": {
            "mean": 1.030920245361328,
            "std": 0.009759771960388203
      },
      "0.4722": {
            "mean": 1.124926953125,
            "std": 0.026247026542611313
      },
      "0.3778": {
            "mean": 1.223445517985026,
            "std": 0.022611111890405225
      }
}