{
      "64.0000": {
            "mean": 91.80500209331512,
            "std": 0.26499927043914795
      },
      "40.9600": {
            "mean": 90.93500077724457,
            "std": 0.01499950885772705
      },
      "26.2144": {
            "mean": 90.52000045776367,
            "std": 0.010001659393310547
      },
      "20.9715": {
            "mean": 89.82000052928925,
            "std": 0.21000206470489502
      },
      "16.7772": {
            "mean": 89.07999992370605,
            "std": 0.050002336502075195
      },
      "13.4218": {
            "mean": 88.78999948501587,
            "std": 0.12999773025512695
      },
      "10.7374": {
            "mean": 88.10500204563141,
            "std": 0.01499950885772705
      },
      "8.5899": {
            "mean": 87.51000165939331,
            "std": 0.09999871253967285
      },
      "6.8719": {
            "mean": 86.71000003814697,
            "std": 0.0
      },
      "5.4976": {
            "mean": 86.37000024318695,
            "std": 0.14999806880950928
      },
      "4.3980": {
            "mean": 84.98499989509583,
            "std": 0.16499757766723633
      },
      "3.5184": {
            "mean": 84.32499766349792,
            "std": 0.21499991416931152
      },
      "2.8147": {
            "mean": 83.16999971866608,
            "std": 0.17000138759613037
      },
      "2.2518": {
            "mean": 82.44499862194061,
            "std": 0.15499889850616455
      },
      "1.8014": {
            "mean": 81.21666709582011,
            "std": 0.32097251033895713
      },
      "1.4412": {
            "mean": 79.2466660340627,
            "std": 0.12684277355701118
      },
      "1.1529": {
            "mean": 77.26999918619792,
            "std": 0.23338187594022716
      }
}