{
      "64.0000": {
            "mean": 0.27510168418884273,
            "std": 0.0010938907623291028
      },
      "40.9600": {
            "mean": 0.2896634752273559,
            "std": 0.0005854513168334907
      },
      "26.2144": {
            "mean": 0.29523294258117677,
            "std": 0.0029743068695068375
      },
      "20.9715": {
            "mean": 0.30495277366638185,
            "std": 0.007459363174438488
      },
      "16.7772": {
            "mean": 0.3219688919067383,
            "std": 0.0006752838134765626
      },
      "13.4218": {
            "mean": 0.3341197193145752,
            "std": 0.0007639408111572155
      },
      "10.7374": {
            "mean": 0.34934920387268065,
            "std": 0.0020397808074951174
      },
      "8.5899": {
            "mean": 0.3692191261291504,
            "std": 0.00860873260498049
      },
      "6.8719": {
            "mean": 0.3855873722076416,
            "std": 0.003684410476684552
      },
      "5.4976": {
            "mean": 0.4105344863891601,
            "std": 0.0032259765624999825
      },
      "4.3980": {
            "mean": 0.4350390365600586,
            "std": 0.0024190231323242273
      },
      "3.5184": {
            "mean": 0.46184551887512204,
            "std": 0.005436722946167011
      },
      "2.8147": {
            "mean": 0.4915834255218506,
            "std": 0.0033426464080810736
      },
      "2.2518": {
            "mean": 0.5256679313659668,
            "std": 0.00028110275268555807
      },
      "1.8014": {
            "mean": 0.558220378112793,
            "std": 0.008575796568878575
      },
      "1.4412": {
            "mean": 0.6131771092732747,
            "std": 0.008331720021255998
      },
      "1.1529": {
            "mean": 0.6743458694458008,
            "std": 0.00990725480491624
      }
}