{
      "0.9223": {
            "mean": 1.069849555460612,
            "std": 0.07767812967592985
      },
      "0.7379": {
            "mean": 1.2307674926757812,
            "std": 0.04136816515959844
      },
      "64.0000": {
            "mean": 0.4394786933898926,
            "std": 0.006522060394287099
      },
      "40.9600": {
            "mean": 0.45262851219177247,
            "std": 0.007084855270385743
      },
      "26.2144": {
            "mean": 0.4715220764160156,
            "std": 0.0055317413330078224
      },
      "20.9715": {
            "mean": 0.4670238185882568,
            "std": 0.010540143966674825
      },
      "16.7772": {
            "mean": 0.4839821277618408,
            "std": 0.002759260940551761
      },
      "13.4218": {
            "mean": 0.47312563476562497,
            "std": 0.004661121368408211
      },
      "10.7374": {
            "mean": 0.48024555130004887,
            "std": 0.0050799934387207035
      },
      "8.5899": {
            "mean": 0.48976794128417966,
            "std": 0.005869731903076186
      },
      "6.8719": {
            "mean": 0.4981980312347412,
            "std": 0.0046172359466552515
      },
      "5.4976": {
            "mean": 0.5101117523193359,
            "std": 0.006076203918457035
      },
      "4.3980": {
            "mean": 0.5337827159881592,
            "std": 0.006845530319213866
      },
      "3.5184": {
            "mean": 0.5533268440246581,
            "std": 0.00505166091918946
      },
      "2.8147": {
            "mean": 0.5946202377319336,
            "std": 0.0007151626586914261
      },
      "2.2518": {
            "mean": 0.6335430374145508,
            "std": 0.00032297058105468235
      },
      "1.8014": {
            "mean": 0.7019903040568035,
            "std": 0.01251755613739617
      },
      "1.4412": {
            "mean": 0.7983985168457032,
            "std": 0.00864684927562196
      },
      "1.1529": {
            "mean": 0.9272683497111003,
            "std": 0.03209911552126836
      }
}