{
      "64.0000": {
            "mean": 86.1849993467331,
            "std": 0.17500221729278564
      },
      "40.9600": {
            "mean": 85.43500006198883,
            "std": 0.1949995756149292
      },
      "26.2144": {
            "mean": 85.10000109672546,
            "std": 0.09999871253967285
      },
      "20.9715": {
            "mean": 85.13000011444092,
            "std": 0.0299990177154541
      },
      "16.7772": {
            "mean": 84.27499830722809,
            "std": 0.1949995756149292
      },
      "13.4218": {
            "mean": 84.60499942302704,
            "std": 0.1949995756149292
      },
      "10.7374": {
            "mean": 84.16000008583069,
            "std": 0.0599980354309082
      },
      "8.5899": {
            "mean": 83.78999829292297,
            "std": 0.0299990177154541
      },
      "6.8719": {
            "mean": 83.17500054836273,
            "std": 0.18499791622161865
      },
      "5.4976": {
            "mean": 82.87999927997589,
            "std": 0.03000199794769287
      },
      "4.3980": {
            "mean": 82.09500014781952,
            "std": 0.3049999475479126
      },
      "3.5184": {
            "mean": 81.11000061035156,
            "std": 0.4199981689453125
      },
      "2.8147": {
            "mean": 79.90500032901764,
            "std": 0.23500025272369385
      },
      "2.2518": {
            "mean": 79.03499901294708,
            "std": 0.0849992036819458
      },
      "1.8014": {
            "mean": 77.18000213305156,
            "std": 0.2515290075403707
      },
      "1.4412": {
            "mean": 74.64999953905742,
            "std": 0.24859535087399767
      },
      "1.1529": {
            "mean": 70.70999940236409,
            "std": 1.2490283819988952
      }
}