{
      "64.0000": {
            "mean": 0.2858212542942592,
            "std": 0.007512321023324754
      },
      "40.9600": {
            "mean": 0.2818784125736782,
            "std": 0.008971940695173876
      },
      "26.2144": {
            "mean": 0.2991063636779785,
            "std": 0.00508030758763624
      },
      "20.9715": {
            "mean": 0.31041051352364674,
            "std": 0.002685492467475881
      },
      "16.7772": {
            "mean": 0.32888247015816824,
            "std": 0.007429070015986732
      },
      "13.4218": {
            "mean": 0.34752568610055107,
            "std": 0.004014217732337192
      },
      "10.7374": {
            "mean": 0.3682795564923968,
            "std": 0.004514251047929114
      },
      "8.5899": {
            "mean": 0.3955958250863212,
            "std": 0.003956049991907242
      },
      "6.8719": {
            "mean": 0.4312399071829659,
            "std": 0.005678204314976868
      },
      "5.4976": {
            "mean": 0.4708808638436454,
            "std": 0.005874117890927981
      },
      "4.3980": {
            "mean": 0.5315800295148577,
            "std": 0.012453949178182842
      },
      "3.5184": {
            "mean": 0.6411600570678712,
            "std": 0.020077596326833685
      },
      "2.8147": {
            "mean": 0.7670140712193081,
            "std": 0.028382600299331626
      },
      "2.2518": {
            "mean": 0.8480104840959821,
            "std": 0.021072579999701798
      },
      "1.8014": {
            "mean": 0.913111311340332,
            "std": 0.01901504492865975
      },
      "1.4412": {
            "mean": 0.9516938744681221,
            "std": 0.01890751058225975
      },
      "1.1529": {
            "mean": 0.9832216781616212,
            "std": 0.026315428206286726
      },
      "100.0000": {
            "mean": 0.28555394287109376,
            "std": 0.0043194695482751495
      },
      "0.9223": {
            "mean": 1.0271839401245115,
            "std": 0.03796798681721219
      },
      "0.7379": {
            "mean": 1.1055417053222656,
            "std": 0.027017214473316654
      },
      "0.5903": {
            "mean": 1.1867148017883302,
            "std": 0.00894692720436849
      },
      "0.4722": {
            "mean": 1.3144139488220217,
            "std": 0.021846595290212704
      },
      "0.3778": {
            "mean": 1.4102197799682619,
            "std": 0.049869235611970764
      }
}