{
      "0.4722": {
            "mean": 2.2001745951334635,
            "std": 0.07276081009527957
      },
      "0.3022": {
            "mean": 2.284572188313802,
            "std": 0.025612426296132938
      },
      "0.1934": {
            "mean": 2.302682698567708,
            "std": 1.9551240442255715e-07
      },
      "0.1238": {
            "mean": 2.302682554626465,
            "std": 1.2590735658810653e-07
      },
      "0.0792": {
            "mean": 2.302682684834798,
            "std": 2.6187784825794905e-07
      },
      "64.0000": {
            "mean": 0.2851545046488444,
            "std": 0.006355182883940067
      },
      "40.9600": {
            "mean": 0.28590191904703777,
            "std": 0.003698166990541133
      },
      "26.2144": {
            "mean": 0.30793982721964513,
            "std": 0.0021857628545335866
      },
      "20.9715": {
            "mean": 0.3235628799438477,
            "std": 0.0046884483108796384
      },
      "16.7772": {
            "mean": 0.3442288762410482,
            "std": 0.0038004102953831387
      },
      "13.4218": {
            "mean": 0.3710198572794597,
            "std": 0.004813381753793954
      },
      "10.7374": {
            "mean": 0.4123933288574219,
            "std": 0.003033450515094654
      },
      "8.5899": {
            "mean": 0.44024325002034503,
            "std": 0.006794007613013763
      },
      "6.8719": {
            "mean": 0.4983751602172852,
            "std": 0.008394501006600441
      },
      "5.4976": {
            "mean": 0.5751236145019533,
            "std": 0.012150813689783664
      },
      "4.3980": {
            "mean": 0.6434190958658854,
            "std": 0.022727552533655788
      },
      "3.5184": {
            "mean": 0.7431867299397786,
            "std": 0.07280192457353392
      },
      "2.8147": {
            "mean": 1.0638288299560545,
            "std": 0.10480097541799502
      },
      "2.2518": {
            "mean": 1.1599885823567708,
            "std": 0.07591053133616202
      },
      "1.8014": {
            "mean": 1.3806235839843752,
            "std": 0.038324696226128094
      },
      "1.4412": {
            "mean": 1.5761946350097655,
            "std": 0.2040281490008407
      },
      "1.1529": {
            "mean": 1.8241741892496746,
            "std": 0.04639596753626158
      }
}