{
      "64.0000": {
            "mean": 91.81999961535136,
            "std": 0.16990334681300856
      },
      "40.9600": {
            "mean": 91.14333391189575,
            "std": 0.12657972549045052
      },
      "26.2144": {
            "mean": 90.23999969164531,
            "std": 0.06164437778461186
      },
      "20.9715": {
            "mean": 89.6999994913737,
            "std": 0.28855877686360215
      },
      "16.7772": {
            "mean": 89.10666704177856,
            "std": 0.08730579283529272
      },
      "13.4218": {
            "mean": 88.2533331712087,
            "std": 0.0329989753985677
      },
      "10.7374": {
            "mean": 87.52333323160808,
            "std": 0.23098875641261835
      },
      "8.5899": {
            "mean": 86.52666807174683,
            "std": 0.1806168664905516
      },
      "6.8719": {
            "mean": 85.62999963760376,
            "std": 0.2593566356197275
      },
      "5.4976": {
            "mean": 84.05999938646953,
            "std": 0.342927416562569
      },
      "4.3980": {
            "mean": 82.51000046730042,
            "std": 0.5696214285440514
      },
      "3.5184": {
            "mean": 80.25333285331726,
            "std": 0.6904275384490672
      },
      "2.8147": {
            "mean": 76.33333404858907,
            "std": 1.6616110029056799
      },
      "2.2518": {
            "mean": 72.68666625022888,
            "std": 0.963129854273339
      },
      "1.8014": {
            "mean": 70.52333354949951,
            "std": 0.38134431922766293
      },
      "1.4412": {
            "mean": 67.72666772206624,
            "std": 0.8386630777045014
      },
      "1.1529": {
            "mean": 66.11666480700175,
            "std": 0.36298270832532303
      }
}