{
      "0.4722": {
            "mean": 1.497039884440104,
            "std": 0.16384130817639722
      },
      "0.3022": {
            "mean": 2.155528607177734,
            "std": 0.2081070618435032
      },
      "0.1934": {
            "mean": 2.302682615661621,
            "std": 4.212089166452887e-08
      },
      "0.1238": {
            "mean": 2.3026828623453777,
            "std": 1.0978083409684888e-07
      },
      "0.0792": {
            "mean": 2.302682830810547,
            "std": 2.1519040563460979e-07
      },
      "64.0000": {
            "mean": 0.2754932095845541,
            "std": 0.0048904386395208985
      },
      "40.9600": {
            "mean": 0.28160739542643226,
            "std": 0.001830644618509204
      },
      "26.2144": {
            "mean": 0.29758255704243974,
            "std": 0.002440519420312186
      },
      "20.9715": {
            "mean": 0.30616552429199223,
            "std": 0.008409177074492147
      },
      "16.7772": {
            "mean": 0.3228425127665202,
            "std": 0.0029460366541244625
      },
      "13.4218": {
            "mean": 0.34901304550170903,
            "std": 0.0037507944275746736
      },
      "10.7374": {
            "mean": 0.37009831161499024,
            "std": 0.004753276373843901
      },
      "8.5899": {
            "mean": 0.4005267217000325,
            "std": 0.011113105598274501
      },
      "6.8719": {
            "mean": 0.43085755030314127,
            "std": 0.005208781744027211
      },
      "5.4976": {
            "mean": 0.47467336451212566,
            "std": 0.005835348065388905
      },
      "4.3980": {
            "mean": 0.5149711146036785,
            "std": 0.018082437091854326
      },
      "3.5184": {
            "mean": 0.5885008834838867,
            "std": 0.026301340270762363
      },
      "2.8147": {
            "mean": 0.6940043380737304,
            "std": 0.049393259737425685
      },
      "2.2518": {
            "mean": 0.7869323003133138,
            "std": 0.040767685834520125
      },
      "1.8014": {
            "mean": 0.8375770746866862,
            "std": 0.005436293748769408
      },
      "1.4412": {
            "mean": 0.9062447102864583,
            "std": 0.034184264141019945
      },
      "1.1529": {
            "mean": 0.9615136576334636,
            "std": 0.015452944630701959
      }
}