{
      "64.0000": {
            "mean": 0.2828837636311849,
            "std": 0.0036244711885557333
      },
      "40.9600": {
            "mean": 0.2795235735575358,
            "std": 0.005499449252775218
      },
      "26.2144": {
            "mean": 0.29325714543660486,
            "std": 0.0034528630318593854
      },
      "20.9715": {
            "mean": 0.3160928512573242,
            "std": 0.005295534959896611
      },
      "16.7772": {
            "mean": 0.327034716796875,
            "std": 0.005129146739350349
      },
      "13.4218": {
            "mean": 0.3502691792805989,
            "std": 0.004548659274124332
      },
      "10.7374": {
            "mean": 0.3749759379069011,
            "std": 0.0025182845529456003
      },
      "8.5899": {
            "mean": 0.4028175069173177,
            "std": 0.0030886871597065827
      },
      "6.8719": {
            "mean": 0.4497893577575684,
            "std": 0.0032105436921069405
      },
      "5.4976": {
            "mean": 0.505280367787679,
            "std": 0.04633461853277769
      },
      "4.3980": {
            "mean": 0.5447456446329753,
            "std": 0.0372806084215855
      },
      "3.5184": {
            "mean": 0.6421420491536458,
            "std": 0.03845529827929746
      },
      "2.8147": {
            "mean": 0.742546381632487,
            "std": 0.09027269294457309
      },
      "2.2518": {
            "mean": 0.824715761311849,
            "std": 0.025986457641999586
      },
      "1.8014": {
            "mean": 0.8066374516805013,
            "std": 0.013499311650474124
      },
      "1.4412": {
            "mean": 0.9628515752156576,
            "std": 0.03662362447542518
      },
      "1.1529": {
            "mean": 0.9733975036621093,
            "std": 0.03772207076229084
      }
}