{
      "64.0000": {
            "mean": 91.8233335018158,
            "std": 0.07317977798172014
      },
      "40.9600": {
            "mean": 91.29000107447307,
            "std": 0.27580267590999014
      },
      "26.2144": {
            "mean": 90.23333191871643,
            "std": 0.3412072228408036
      },
      "20.9715": {
            "mean": 89.43333228429158,
            "std": 0.33068911505486365
      },
      "16.7772": {
            "mean": 88.89333208401997,
            "std": 0.25901663482694537
      },
      "13.4218": {
            "mean": 88.12333345413208,
            "std": 0.07845551129736635
      },
      "10.7374": {
            "mean": 87.19000021616618,
            "std": 0.15253497280656722
      },
      "8.5899": {
            "mean": 86.41666769981384,
            "std": 0.19189136674452548
      },
      "6.8719": {
            "mean": 84.743332862854,
            "std": 0.1806168664905516
      },
      "5.4976": {
            "mean": 82.996666431427,
            "std": 1.1931017734482912
      },
      "4.3980": {
            "mean": 81.61000212033589,
            "std": 1.1388011916122922
      },
      "3.5184": {
            "mean": 78.20666631062825,
            "std": 1.3303223104185036
      },
      "2.8147": {
            "mean": 74.1866668065389,
            "std": 3.288458756383437
      },
      "2.2518": {
            "mean": 71.4466671148936,
            "std": 1.0894124535221843
      },
      "1.8014": {
            "mean": 71.11666599909465,
            "std": 0.3077153934826642
      },
      "1.4412": {
            "mean": 66.16333325703938,
            "std": 1.0524377401661467
      },
      "1.1529": {
            "mean": 65.40000041325887,
            "std": 0.8647530740586357
      }
}