{
    "64.0000": {
        "mean": 91.5666659673055,
        "std": 0.06649967196877227
    },
    "40.9600": {
        "mean": 90.9066657225291,
        "std": 0.06599915497815932
    },
    "26.2144": {
        "mean": 90.10999997456868,
        "std": 0.15641739751516376
    },
    "16.7772": {
        "mean": 89.04999891916911,
        "std": 0.24344852238338505
    },
    "10.7374": {
        "mean": 87.88333336512248,
        "std": 0.19482182245203652
    },
    "6.8719": {
        "mean": 86.36333346366882,
        "std": 0.19154289502045307
    },
    "4.3980": {
        "mean": 83.97000034650166,
        "std": 0.25469081722711323
    },
    "2.8147": {
        "mean": 81.60333236058553,
        "std": 0.1791330531342903
    },
    "1.8014": {
        "mean": 77.6966671148936,
        "std": 0.24444763188970497
    },
    "1.1529": {
        "mean": 70.75999975204468,
        "std": 1.4711217830537882
    },
    "0.7379": {
        "mean": 61.213332414627075,
        "std": 1.4769401135731133
    },
    "0.4722": {
        "mean": 54.323333501815796,
        "std": 2.8876346614393418
    },
    "0.3022": {
        "mean": 33.42000047365824,
        "std": 4.257166619717167
    },
    "0.1934": {
        "mean": 23.076666394869488,
        "std": 3.984313280276036
    },
    "0.1238": {
        "mean": 15.136666844288508,
        "std": 3.638610866982863
    },
    "0.0792": {
        "mean": 10.000000149011612,
        "std": 0.0
    }
}