{
    "64.0000": {
        "mean": 79.76666688919067,
        "std": 0.2715788144962584
    },
    "40.9600": {
        "mean": 79.57333326339722,
        "std": 0.24716074490018697
    },
    "26.2144": {
        "mean": 79.32666738828023,
        "std": 0.4467914682139883
    },
    "16.7772": {
        "mean": 78.48666707674663,
        "std": 0.3938153502637604
    },
    "10.7374": {
        "mean": 77.3799995581309,
        "std": 0.4450476288793802
    },
    "6.8719": {
        "mean": 74.81666604677837,
        "std": 0.698587351011225
    },
    "4.3980": {
        "mean": 67.68666704495747,
        "std": 1.8446730031373828
    },
    "2.8147": {
        "mean": 59.56666668256124,
        "std": 1.4906233984983073
    },
    "1.8014": {
        "mean": 43.286667267481484,
        "std": 1.1482552510141
    },
    "1.1529": {
        "mean": 30.176666378974915,
        "std": 2.7283481652766417
    },
    "0.7379": {
        "mean": 20.313332974910736,
        "std": 4.849950297834567
    },
    "0.4722": {
        "mean": 12.766666958729425,
        "std": 1.3049224245150501
    },
    "0.3022": {
        "mean": 11.413333316644033,
        "std": 1.643661195567298
    },
    "0.1934": {
        "mean": 12.243333458900452,
        "std": 2.799408499929465
    },
    "0.1238": {
        "mean": 10.000000149011612,
        "std": 0.0
    },
    "0.0792": {
        "mean": 10.000000149011612,
        "std": 0.0
    }
}