{
    "64.0000": {
        "mean": 91.46999915440877,
        "std": 0.17663685757892347
    },
    "40.9600": {
        "mean": 90.74000120162964,
        "std": 0.13490855475989122
    },
    "26.2144": {
        "mean": 89.71333305040996,
        "std": 0.16438489993849503
    },
    "16.7772": {
        "mean": 88.34000031153361,
        "std": 0.224499526467296
    },
    "10.7374": {
        "mean": 86.54333353042603,
        "std": 0.22982968904053627
    },
    "6.8719": {
        "mean": 84.34999783833821,
        "std": 0.25664564921950606
    },
    "4.3980": {
        "mean": 81.69000148773193,
        "std": 0.146969439074018
    },
    "2.8147": {
        "mean": 79.06333406766255,
        "std": 0.46835532472945324
    },
    "1.8014": {
        "mean": 73.70000084241231,
        "std": 0.8828752220365723
    },
    "1.1529": {
        "mean": 67.98333128293355,
        "std": 0.7519009462734899
    },
    "0.7379": {
        "mean": 60.876667499542236,
        "std": 1.3695846878251243
    },
    "0.4722": {
        "mean": 52.73333191871643,
        "std": 0.6326831096078731
    },
    "0.3022": {
        "mean": 39.90333378314972,
        "std": 1.5296259589523822
    },
    "0.1934": {
        "mean": 32.389999429384865,
        "std": 1.4500340838318402
    },
    "0.1238": {
        "mean": 28.543333212534588,
        "std": 1.5584240801736537
    },
    "0.0792": {
        "mean": 21.023333569367725,
        "std": 1.0991009841249544
    }
}