{
    "64.0000": {
        "mean": 9.729999800523123,
        "std": 0.14352712915649726
    },
    "40.9600": {
        "mean": 9.323333203792572,
        "std": 0.18372674330624006
    },
    "26.2144": {
        "mean": 10.116666803757349,
        "std": 0.22395424059303262
    },
    "16.7772": {
        "mean": 10.276666780312857,
        "std": 0.3702552817305461
    },
    "10.7374": {
        "mean": 10.316666712363562,
        "std": 1.1929049468500206
    },
    "6.8719": {
        "mean": 10.103333244721094,
        "std": 0.864497252245749
    },
    "4.3980": {
        "mean": 9.743333359559378,
        "std": 0.36298165465411025
    },
    "2.8147": {
        "mean": 9.840000172456106,
        "std": 0.33025249938347373
    },
    "1.8014": {
        "mean": 9.860000014305115,
        "std": 0.19799008923598857
    },
    "1.1529": {
        "mean": 8.903333296378454,
        "std": 1.0699637786717533
    },
    "0.7379": {
        "mean": 9.816666692495346,
        "std": 0.2592726606420413
    },
    "0.4722": {
        "mean": 9.7100002070268,
        "std": 0.41721301351534035
    },
    "0.3022": {
        "mean": 9.760000060002008,
        "std": 0.6590901346866049
    },
    "0.1934": {
        "mean": 8.89999990661939,
        "std": 1.1295133208579722
    },
    "0.1238": {
        "mean": 9.746666500965754,
        "std": 0.40144194335427336
    },
    "0.0792": {
        "mean": 9.95333343744278,
        "std": 0.0659966964119962
    }
}