{
    "64.0000": {
        "mean": 91.54666662216187,
        "std": 0.1276272119690545
    },
    "40.9600": {
        "mean": 90.84333380063374,
        "std": 0.15627496146001188
    },
    "26.2144": {
        "mean": 89.66000080108643,
        "std": 0.21648898009500828
    },
    "16.7772": {
        "mean": 88.3400022983551,
        "std": 0.146969439074018
    },
    "10.7374": {
        "mean": 86.77666584650676,
        "std": 0.1862485441566566
    },
    "6.8719": {
        "mean": 84.5033347606659,
        "std": 0.12391843043805008
    },
    "4.3980": {
        "mean": 81.76666696866353,
        "std": 0.2574676227932252
    },
    "2.8147": {
        "mean": 78.7333329518636,
        "std": 0.13912305367012973
    },
    "1.8014": {
        "mean": 71.56999905904134,
        "std": 0.0920157253225927
    },
    "1.1529": {
        "mean": 67.4833317597707,
        "std": 0.47005877758571973
    },
    "0.7379": {
        "mean": 61.63000067075094,
        "std": 1.1419581244694101
    },
    "0.4722": {
        "mean": 53.8700004418691,
        "std": 0.6393740201357934
    },
    "0.3022": {
        "mean": 44.94333267211914,
        "std": 0.9505904573987748
    },
    "0.1934": {
        "mean": 36.916667222976685,
        "std": 2.5854114295893225
    },
    "0.1238": {
        "mean": 30.843332409858704,
        "std": 1.8155870812010342
    },
    "0.0792": {
        "mean": 25.710000097751617,
        "std": 1.2055707265527178
    }
}