{
      "100.0000": {
            "mean": 92.16000040372212,
            "std": 0.14352783860528862
      },
      "80.0000": {
            "mean": 92.1233316262563,
            "std": 0.21060744114621113
      },
      "64.0000": {
            "mean": 92.29000012079875,
            "std": 0.02828615493061135
      },
      "51.2000": {
            "mean": 92.36999948819478,
            "std": 0.19252659832775848
      },
      "40.9600": {
            "mean": 92.3033316930135,
            "std": 0.12918461902832581
      },
      "32.7680": {
            "mean": 92.23999977111816,
            "std": 0.29933287895793415
      },
      "26.2144": {
            "mean": 92.12999939918518,
            "std": 0.21954340630855657
      },
      "20.9715": {
            "mean": 92.23333398501079,
            "std": 0.17133542402225077
      },
      "16.7772": {
            "mean": 91.95333321889241,
            "std": 0.12658045797476797
      },
      "13.4218": {
            "mean": 91.73666636149089,
            "std": 0.13597420719932227
      },
      "10.7374": {
            "mean": 91.20000004768372,
            "std": 0.31016332785245954
      },
      "8.5899": {
            "mean": 90.67999919255574,
            "std": 0.2593587039604426
      },
      "6.8719": {
            "mean": 89.75666761398315,
            "std": 0.542360658150036
      },
      "5.4976": {
            "mean": 89.09999926884969,
            "std": 0.6068502398183119
      },
      "4.3980": {
            "mean": 87.9200001557668,
            "std": 0.30342626580818205
      },
      "3.5184": {
            "mean": 86.60666743914287,
            "std": 0.6654473785325268
      },
      "2.8147": {
            "mean": 84.17666753133138,
            "std": 1.1936599021320584
      },
      "2.2518": {
            "mean": 82.860000928243,
            "std": 1.2355024528562628
      },
      "1.8014": {
            "mean": 79.91999785105388,
            "std": 1.2619826364295277
      },
      "1.4412": {
            "mean": 78.09999982515971,
            "std": 1.3841251584270613
      },
      "1.1529": {
            "mean": 74.85333482424419,
            "std": 1.4416741084020392
      },
      "0.9223": {
            "mean": 71.79333368937175,
            "std": 0.5112285807929603
      },
      "0.7379": {
            "mean": 68.69666775067647,
            "std": 1.3315735780287974
      },
      "0.5903": {
            "mean": 65.43333331743877,
            "std": 1.5071464442825069
      },
      "0.4722": {
            "mean": 63.2099986076355,
            "std": 0.8428903346762537
      },
      "0.3778": {
            "mean": 60.6499989827474,
            "std": 1.0203256349067855
      },
      "0.3022": {
            "mean": 56.50999943415324,
            "std": 1.9594042106865697
      },
      "0.2418": {
            "mean": 50.39333403110504,
            "std": 2.51298451091666
      },
      "0.1934": {
            "mean": 49.49333270390829,
            "std": 1.5921749183892016
      },
      "0.1547": {
            "mean": 43.296665946642555,
            "std": 3.529629977970354
      },
      "0.1238": {
            "mean": 40.786666671435036,
            "std": 4.178176214089027
      },
      "0.0990": {
            "mean": 34.536666671435036,
            "std": 1.102039568229107
      },
      "0.0792": {
            "mean": 32.416667540868126,
            "std": 2.0156936651634694
      }
}