{
      "100.0000": {
            "mean": 92.11999972661336,
            "std": 0.07257371643187027
      },
      "80.0000": {
            "mean": 92.003333568573,
            "std": 0.1312322796477847
      },
      "64.0000": {
            "mean": 92.34666625658672,
            "std": 0.05792716612538438
      },
      "51.2000": {
            "mean": 92.36666560173035,
            "std": 0.1925850774671922
      },
      "40.9600": {
            "mean": 92.44333306948344,
            "std": 0.13474303975857868
      },
      "32.7680": {
            "mean": 92.45000084241231,
            "std": 0.11313619035274321
      },
      "26.2144": {
            "mean": 92.46666630109151,
            "std": 0.20154994151906186
      },
      "20.9715": {
            "mean": 92.35666791598003,
            "std": 0.15584903943894365
      },
      "16.7772": {
            "mean": 92.15000073115031,
            "std": 0.05887805267451513
      },
      "13.4218": {
            "mean": 91.73666636149089,
            "std": 0.18116872861328265
      },
      "10.7374": {
            "mean": 91.36333266894023,
            "std": 0.130724232778518
      },
      "8.5899": {
            "mean": 90.94666639963786,
            "std": 0.09285378490496546
      },
      "6.8719": {
            "mean": 90.4366672039032,
            "std": 0.2321405246941995
      },
      "5.4976": {
            "mean": 89.81333374977112,
            "std": 0.20171419724502027
      },
      "4.3980": {
            "mean": 89.12333448727925,
            "std": 0.17461006852486433
      },
      "3.5184": {
            "mean": 88.44333489735921,
            "std": 0.07717217928739455
      },
      "2.8147": {
            "mean": 87.17000087102254,
            "std": 0.12027775858416062
      },
      "2.2518": {
            "mean": 85.55666605631511,
            "std": 0.15325919038991268
      },
      "1.8014": {
            "mean": 83.49999984105428,
            "std": 0.058878052674515124
      },
      "1.4412": {
            "mean": 80.89666763941447,
            "std": 0.6884447187771499
      },
      "1.1529": {
            "mean": 75.97000002861023,
            "std": 2.2426019586151735
      },
      "0.9223": {
            "mean": 73.17333221435547,
            "std": 2.0852057144733784
      },
      "0.7379": {
            "mean": 68.38000019391377,
            "std": 1.1482152336832885
      },
      "0.5903": {
            "mean": 65.50333499908447,
            "std": 0.32417435049390964
      },
      "0.4722": {
            "mean": 62.089999516805015,
            "std": 0.8275662823409301
      },
      "0.3778": {
            "mean": 58.083333571751915,
            "std": 0.6775611704061476
      },
      "0.3022": {
            "mean": 55.663333336512245,
            "std": 0.7237112287702038
      },
      "0.2418": {
            "mean": 52.46333281199137,
            "std": 0.9147807843631707
      },
      "0.1934": {
            "mean": 49.699999888738,
            "std": 1.2293366171858453
      },
      "0.1547": {
            "mean": 44.546666741371155,
            "std": 3.034055282115071
      },
      "0.1238": {
            "mean": 41.71999990940094,
            "std": 1.9657733675015407
      },
      "0.0990": {
            "mean": 34.17666653792063,
            "std": 4.998161482904833
      },
      "0.0792": {
            "mean": 32.799998919169106,
            "std": 3.836560777522587
      }
}