{
      "64.0000": {
            "mean": 91.58285685947963,
            "std": 0.23007448461593938
      },
      "40.9600": {
            "mean": 91.10571486609322,
            "std": 0.20520720282069416
      },
      "26.2144": {
            "mean": 90.28000065258571,
            "std": 0.19942749938412976
      },
      "20.9715": {
            "mean": 89.85999992915562,
            "std": 0.18958585591803784
      },
      "16.7772": {
            "mean": 89.01714341981071,
            "std": 0.2526269952646094
      },
      "13.4218": {
            "mean": 88.31857102257865,
            "std": 0.25306243861615835
      },
      "10.7374": {
            "mean": 87.58571403367179,
            "std": 0.17911369702260946
      },
      "8.5899": {
            "mean": 86.65428502219063,
            "std": 0.24429865623626437
      },
      "6.8719": {
            "mean": 85.38857102394104,
            "std": 0.3152522618180464
      },
      "5.4976": {
            "mean": 84.17285765920367,
            "std": 0.2925130113990265
      },
      "4.3980": {
            "mean": 82.45285664285932,
            "std": 0.36228322008324704
      },
      "3.5184": {
            "mean": 79.22857063157218,
            "std": 0.558785065811526
      },
      "2.8147": {
            "mean": 74.91142749786377,
            "std": 1.2538003680352765
      },
      "2.2518": {
            "mean": 71.54285737446376,
            "std": 0.9393276425995669
      },
      "1.8014": {
            "mean": 68.99999976158142,
            "std": 0.6026126628716938
      },
      "1.4412": {
            "mean": 67.21571428435189,
            "std": 0.665386764130234
      },
      "1.1529": {
            "mean": 65.9457130091531,
            "std": 0.8191440387195659
      },
      "100.0000": {
            "mean": 92.21500009298325,
            "std": 0.08902242769800127
      },
      "0.9223": {
            "mean": 64.47249948978424,
            "std": 0.8470345975979047
      },
      "0.7379": {
            "mean": 61.40250116586685,
            "std": 0.6647306968164207
      },
      "0.5903": {
            "mean": 58.56500118970871,
            "std": 0.5068788619335755
      },
      "0.4722": {
            "mean": 54.17249798774719,
            "std": 1.308766311008707
      },
      "0.3778": {
            "mean": 49.13500025868416,
            "std": 2.80410916347109
      }
}