{
      "0.4722": {
            "mean": 17.900000264247257,
            "std": 5.639739992626647
      },
      "0.3022": {
            "mean": 11.909999946753183,
            "std": 2.7011476180959995
      },
      "0.1934": {
            "mean": 10.000000149011612,
            "std": 0.0
      },
      "0.1238": {
            "mean": 10.000000149011612,
            "std": 0.0
      },
      "0.0792": {
            "mean": 10.000000149011612,
            "std": 0.0
      },
      "64.0000": {
            "mean": 91.42000079154968,
            "std": 0.04966538871466236
      },
      "40.9600": {
            "mean": 90.90333382288615,
            "std": 0.08498295408746279
      },
      "26.2144": {
            "mean": 89.86000021298726,
            "std": 0.14445247932957722
      },
      "20.9715": {
            "mean": 89.1533335049947,
            "std": 0.036819122875453116
      },
      "16.7772": {
            "mean": 88.32000096638997,
            "std": 0.09899431708860235
      },
      "13.4218": {
            "mean": 87.59999871253967,
            "std": 0.1104525119135513
      },
      "10.7374": {
            "mean": 86.23666763305664,
            "std": 0.1391233868924772
      },
      "8.5899": {
            "mean": 85.0600004196167,
            "std": 0.13140226730635046
      },
      "6.8719": {
            "mean": 83.44666560490926,
            "std": 0.20138512429270194
      },
      "5.4976": {
            "mean": 81.79999788602193,
            "std": 0.224499526467296
      },
      "4.3980": {
            "mean": 79.60333426793416,
            "std": 0.5285406746148748
      },
      "3.5184": {
            "mean": 74.57333405812581,
            "std": 4.339511793743997
      },
      "2.8147": {
            "mean": 64.1266663869222,
            "std": 4.353697749023448
      },
      "2.2518": {
            "mean": 59.20000076293945,
            "std": 2.965837381201029
      },
      "1.8014": {
            "mean": 50.726667046546936,
            "std": 1.8620849100262529
      },
      "1.4412": {
            "mean": 44.91000076135,
            "std": 8.91699949182127
      },
      "1.1529": {
            "mean": 34.400000174840294,
            "std": 1.3023307785063527
      }
}