{
      "64.0000": {
            "mean": 91.87666575113933,
            "std": 0.1887379250199354
      },
      "40.9600": {
            "mean": 91.22000137964885,
            "std": 0.04320474964385657
      },
      "26.2144": {
            "mean": 90.40000041325887,
            "std": 0.13589068617176697
      },
      "16.7772": {
            "mean": 89.45333361625671,
            "std": 0.1388845064810458
      },
      "10.7374": {
            "mean": 87.84666657447815,
            "std": 0.044970990985942955
      },
      "6.8719": {
            "mean": 85.86999972661336,
            "std": 0.1296133291738642
      },
      "4.3980": {
            "mean": 83.41333270072937,
            "std": 0.1296995649588265
      },
      "2.8147": {
            "mean": 79.24000024795532,
            "std": 0.6010532171877856
      },
      "1.8014": {
            "mean": 72.69999782244365,
            "std": 1.359705487834296
      },
      "1.1529": {
            "mean": 68.16999912261963,
            "std": 0.1823913942586549
      },
      "0.7379": {
            "mean": 62.590001026789345,
            "std": 0.6850313792044219
      },
      "0.4722": {
            "mean": 56.56000177065531,
            "std": 0.33075560943733795
      },
      "0.3022": {
            "mean": 40.9033328294754,
            "std": 7.3819167685643485
      },
      "0.1934": {
            "mean": 19.676667203505833,
            "std": 7.711223210320578
      },
      "0.1238": {
            "mean": 11.183333396911621,
            "std": 1.6734859279871968
      },
      "0.0792": {
            "mean": 10.000000149011612,
            "std": 0.0
      }
}