{
      "64.0000": {
            "mean": 90.68999886512756,
            "std": 0.10984906418684873
      },
      "40.9600": {
            "mean": 90.01333514849345,
            "std": 0.1114550976633082
      },
      "26.2144": {
            "mean": 88.75333269437154,
            "std": 0.5230906454112174
      },
      "16.7772": {
            "mean": 87.34000126520793,
            "std": 0.47392116008133633
      },
      "10.7374": {
            "mean": 86.20999852816264,
            "std": 0.22464862414798573
      },
      "6.8719": {
            "mean": 83.39333335558574,
            "std": 0.6269669588249739
      },
      "4.3980": {
            "mean": 80.4366668065389,
            "std": 1.4831144183289415
      },
      "2.8147": {
            "mean": 75.05000034968059,
            "std": 1.3209107420163055
      },
      "1.8014": {
            "mean": 68.01000038782756,
            "std": 0.9295517283742012
      },
      "1.1529": {
            "mean": 44.86333255966505,
            "std": 24.655684727661633
      },
      "0.7379": {
            "mean": 10.000000149011612,
            "std": 0.0
      },
      "0.4722": {
            "mean": 10.000000149011612,
            "std": 0.0
      },
      "0.3022": {
            "mean": 18.91999989748001,
            "std": 12.614784620648607
      },
      "0.1934": {
            "mean": 10.000000149011612,
            "std": 0.0
      },
      "0.1238": {
            "mean": 10.000000149011612,
            "std": 0.0
      },
      "0.0792": {
            "mean": 10.000000149011612,
            "std": 0.0
      }
}