{
      "64.0000": {
            "mean": 91.18666648864746,
            "std": 0.02624827268327496
      },
      "40.9600": {
            "mean": 90.60999949773152,
            "std": 0.1003337849460364
      },
      "26.2144": {
            "mean": 89.80999787648518,
            "std": 0.09273593368978342
      },
      "16.7772": {
            "mean": 88.89999787012736,
            "std": 0.05887805267451513
      },
      "10.7374": {
            "mean": 87.13333408037822,
            "std": 0.11145509766330822
      },
      "6.8719": {
            "mean": 84.96333161989848,
            "std": 0.15062833536982156
      },
      "4.3980": {
            "mean": 82.47666756312053,
            "std": 0.1987191950712124
      },
      "2.8147": {
            "mean": 78.73666683832805,
            "std": 0.3774763763767285
      },
      "1.8014": {
            "mean": 71.69666488965352,
            "std": 0.5446915032802718
      },
      "1.1529": {
            "mean": 63.2699986298879,
            "std": 4.29456225065479
      },
      "0.7379": {
            "mean": 53.47000062465668,
            "std": 5.826857120118646
      },
      "0.4722": {
            "mean": 41.21333360671997,
            "std": 6.088423304433913
      },
      "0.3022": {
            "mean": 32.18000034491221,
            "std": 1.7048755767129415
      },
      "0.1934": {
            "mean": 17.373333623011906,
            "std": 5.273546241674179
      },
      "0.1238": {
            "mean": 10.000000149011612,
            "std": 0.0
      },
      "0.0792": {
            "mean": 10.000000149011612,
            "std": 0.0
      }
}