{
      "64.0000": {
            "mean": 91.2233332792918,
            "std": 0.06342138677850559
      },
      "40.9600": {
            "mean": 90.1966671148936,
            "std": 0.05249376978324628
      },
      "26.2144": {
            "mean": 89.13333415985107,
            "std": 0.13816049795319632
      },
      "16.7772": {
            "mean": 87.87999947865804,
            "std": 0.049666588864746224
      },
      "10.7374": {
            "mean": 85.71000099182129,
            "std": 0.20832718888826987
      },
      "6.8719": {
            "mean": 83.90333255132039,
            "std": 0.12391581164930154
      },
      "4.3980": {
            "mean": 81.39000137646993,
            "std": 0.6263127243908687
      },
      "2.8147": {
            "mean": 78.02666823069255,
            "std": 0.1793198752864704
      },
      "1.8014": {
            "mean": 73.21333487828572,
            "std": 0.6262246206262493
      },
      "1.1529": {
            "mean": 68.4600015481313,
            "std": 0.04546071963799332
      },
      "0.7379": {
            "mean": 64.5633339881897,
            "std": 0.5001564701470981
      },
      "0.4722": {
            "mean": 59.08666650454203,
            "std": 1.437042607842662
      },
      "0.3022": {
            "mean": 53.649999698003136,
            "std": 2.2629791733637687
      },
      "0.1934": {
            "mean": 49.293333292007446,
            "std": 0.10143480011364919
      },
      "0.1238": {
            "mean": 36.43333315849304,
            "std": 1.204611894284119
      },
      "0.0792": {
            "mean": 30.5433322985967,
            "std": 2.7331831106215514
      }
}