{
    "64.0000": {
        "mean": 91.63333376248677,
        "std": 0.1721100830388727
    },
    "40.9600": {
        "mean": 90.29000004132588,
        "std": 0.17907288082836767
    },
    "26.2144": {
        "mean": 88.65666588147481,
        "std": 0.43484278837978235
    },
    "16.7772": {
        "mean": 86.1900011698405,
        "std": 0.7014742050287776
    },
    "10.7374": {
        "mean": 84.08666451772054,
        "std": 0.2957852996372164
    },
    "6.8719": {
        "mean": 80.98000089327495,
        "std": 0.5435675694586274
    },
    "4.3980": {
        "mean": 77.89666652679443,
        "std": 0.4327697615789072
    },
    "2.8147": {
        "mean": 74.10666743914287,
        "std": 0.664647225780847
    },
    "1.8014": {
        "mean": 69.15999849637349,
        "std": 1.0690506527336243
    },
    "1.1529": {
        "mean": 63.803333044052124,
        "std": 0.5344346065312733
    },
    "0.7379": {
        "mean": 51.50999923547109,
        "std": 4.698963657023037
    },
    "0.4722": {
        "mean": 47.98333446184794,
        "std": 3.6903606672384432
    },
    "0.3022": {
        "mean": 45.43333351612091,
        "std": 1.7577317557440666
    },
    "0.1934": {
        "mean": 43.91666650772095,
        "std": 2.750349092678925
    },
    "0.1238": {
        "mean": 34.71999963124593,
        "std": 6.457651833467192
    },
    "0.0792": {
        "mean": 22.30999991297722,
        "std": 8.829733717467173
    }
}