{
    "64.0000": {
        "mean": 10.353333503007889,
        "std": 0.21234138944686934
    },
    "40.9600": {
        "mean": 9.946666409571966,
        "std": 0.6623359064536349
    },
    "26.2144": {
        "mean": 9.676666806141535,
        "std": 0.954509639572038
    },
    "16.7772": {
        "mean": 10.763333241144815,
        "std": 1.3856729536830978
    },
    "10.7374": {
        "mean": 9.866666545470556,
        "std": 0.9930537101801171
    },
    "6.8719": {
        "mean": 10.050000001986822,
        "std": 0.6011653458222701
    },
    "4.3980": {
        "mean": 10.69333329796791,
        "std": 1.2213198870134119
    },
    "2.8147": {
        "mean": 11.11999973654747,
        "std": 1.3081539325852927
    },
    "1.8014": {
        "mean": 11.446666469176611,
        "std": 1.3088499186161702
    },
    "1.1529": {
        "mean": 10.233333458503088,
        "std": 0.7760298396496144
    },
    "0.7379": {
        "mean": 10.816666732231775,
        "std": 0.36554347755486327
    },
    "0.4722": {
        "mean": 9.010000030199686,
        "std": 1.4000715947748001
    },
    "0.3022": {
        "mean": 10.000000149011612,
        "std": 0.0
    },
    "0.1934": {
        "mean": 9.49999988079071,
        "std": 0.41214904416821224
    },
    "0.1238": {
        "mean": 10.193333526452383,
        "std": 0.27341468443613415
    },
    "0.0792": {
        "mean": 10.000000149011612,
        "std": 0.0
    }
}