{
    "64.0000": {
        "mean": 91.61666631698608,
        "std": 0.08576656648984259
    },
    "40.9600": {
        "mean": 90.83333412806194,
        "std": 0.5339374457887184
    },
    "26.2144": {
        "mean": 89.58333333333333,
        "std": 0.3231426228185056
    },
    "16.7772": {
        "mean": 88.810000816981,
        "std": 0.18832598152435948
    },
    "10.7374": {
        "mean": 86.5500013033549,
        "std": 0.07788770481921112
    },
    "6.8719": {
        "mean": 85.31999985376994,
        "std": 0.19252659832775848
    },
    "4.3980": {
        "mean": 82.93333252271016,
        "std": 0.18116872861328265
    },
    "2.8147": {
        "mean": 81.00666602452596,
        "std": 0.10338860870284422
    },
    "1.8014": {
        "mean": 78.86333465576172,
        "std": 0.2358434616128666
    },
    "1.1529": {
        "mean": 75.27999877929688,
        "std": 0.25807100854024906
    },
    "0.7379": {
        "mean": 66.96333289146423,
        "std": 0.6468549973435577
    },
    "0.4722": {
        "mean": 60.680001974105835,
        "std": 0.8793551769071678
    },
    "0.3022": {
        "mean": 48.47666621208191,
        "std": 2.720445064330934
    },
    "0.1934": {
        "mean": 31.83666666348775,
        "std": 1.4493292509524047
    },
    "0.1238": {
        "mean": 29.343333343664806,
        "std": 6.917466834552581
    },
    "0.0792": {
        "mean": 24.43000003695488,
        "std": 10.210311731494118
    }
}