{
    "64.0000": {
        "mean": 91.73666636149089,
        "std": 0.16357264756806442
    },
    "40.9600": {
        "mean": 90.96999963124593,
        "std": 0.06683202725527566
    },
    "26.2144": {
        "mean": 90.09000062942505,
        "std": 0.07788719465834565
    },
    "16.7772": {
        "mean": 89.10666505495708,
        "std": 0.1887379250199354
    },
    "10.7374": {
        "mean": 87.70666718482971,
        "std": 0.19754196537929433
    },
    "6.8719": {
        "mean": 84.87999836603801,
        "std": 0.6533507714411335
    },
    "4.3980": {
        "mean": 81.88999891281128,
        "std": 0.06164470007697917
    },
    "2.8147": {
        "mean": 78.38000059127808,
        "std": 0.4121470436022847
    },
    "1.8014": {
        "mean": 71.62999908129375,
        "std": 1.0142005014129016
    },
    "1.1529": {
        "mean": 65.58333237965901,
        "std": 1.4927009259913562
    },
    "0.7379": {
        "mean": 59.88666613896688,
        "std": 1.577217965787985
    },
    "0.4722": {
        "mean": 50.86333155632019,
        "std": 2.164043488364199
    },
    "0.3022": {
        "mean": 42.88000067075094,
        "std": 1.0417607406150848
    },
    "0.1934": {
        "mean": 35.32000084718069,
        "std": 3.918119978770439
    },
    "0.1238": {
        "mean": 21.863333384195965,
        "std": 1.7239938183531538
    },
    "0.0792": {
        "mean": 15.606666107972464,
        "std": 1.0867178817588363
    }
}