{
    "64.0000": {
        "mean": 78.95000179608662,
        "std": 0.5967134151935389
    },
    "40.9600": {
        "mean": 78.84333332379659,
        "std": 0.5470713367907204
    },
    "26.2144": {
        "mean": 78.56333255767822,
        "std": 0.4814790996316771
    },
    "16.7772": {
        "mean": 77.66333222389221,
        "std": 0.5920782005714372
    },
    "10.7374": {
        "mean": 76.08000040054321,
        "std": 0.6821033311124115
    },
    "6.8719": {
        "mean": 34.113332629203796,
        "std": 24.299615390862343
    },
    "4.3980": {
        "mean": 17.203332980473835,
        "std": 2.110676399098132
    },
    "2.8147": {
        "mean": 14.040000240008036,
        "std": 0.9104213486179857
    },
    "1.8014": {
        "mean": 11.879999935626984,
        "std": 0.7057381792814171
    },
    "1.1529": {
        "mean": 12.729999919732412,
        "std": 0.8939798470632244
    },
    "0.7379": {
        "mean": 11.240000029404959,
        "std": 1.2624576768265023
    },
    "0.4722": {
        "mean": 9.920000284910202,
        "std": 1.1829059933860249
    },
    "0.3022": {
        "mean": 10.86999997496605,
        "std": 0.3120897138034772
    },
    "0.1934": {
        "mean": 9.390000253915787,
        "std": 0.4825625432530023
    },
    "0.1238": {
        "mean": 9.593333303928375,
        "std": 0.795501365476733
    },
    "0.0792": {
        "mean": 10.330000023047129,
        "std": 0.29698463210581494
    }
}