{
    "64.0000": {
        "mean": 93.30000082651775,
        "std": 0.148997366250751
    },
    "40.9600": {
        "mean": 93.03666551907857,
        "std": 0.12762944327333373
    },
    "26.2144": {
        "mean": 92.94999837875366,
        "std": 0.20510192446363507
    },
    "16.7772": {
        "mean": 92.90000200271606,
        "std": 0.08981492758405914
    },
    "10.7374": {
        "mean": 92.60666569073994,
        "std": 0.09463389442089883
    },
    "6.8719": {
        "mean": 91.52999917666118,
        "std": 0.7617086273620128
    },
    "4.3980": {
        "mean": 90.829998254776,
        "std": 0.8839674768123014
    },
    "2.8147": {
        "mean": 90.22666414578755,
        "std": 0.8956682972848106
    },
    "1.8014": {
        "mean": 86.87666654586792,
        "std": 0.7014420140799925
    },
    "1.1529": {
        "mean": 87.49000032742818,
        "std": 0.8486449762548165
    },
    "0.7379": {
        "mean": 86.19666695594788,
        "std": 1.2223024630901613
    },
    "0.4722": {
        "mean": 84.45666631062825,
        "std": 1.8397532043080806
    },
    "0.3022": {
        "mean": 82.34333395957947,
        "std": 1.7940703123924644
    },
    "0.1934": {
        "mean": 83.56333374977112,
        "std": 0.08013801775861391
    },
    "0.1238": {
        "mean": 78.54333321253459,
        "std": 1.5631222115833048
    },
    "0.0792": {
        "mean": 75.58000087738037,
        "std": 0.9471374666323086
    },
    "0.0507": {
        "mean": 61.23666763305664,
        "std": 7.618544996502753
    },
    "0.0325": {
        "mean": 56.439998745918274,
        "std": 4.983057069878888
    },
    "0.0208": {
        "mean": 45.20333309968313,
        "std": 3.512266940523114
    },
    "0.0133": {
        "mean": 20.906666666269302,
        "std": 8.535687284706434
    },
    "0.0085": {
        "mean": 10.000000149011612,
        "std": 0.0
    }
}