{
    "64.0000": {
        "mean": 5.900000035762787,
        "std": 1.5375521856771364
    },
    "40.9600": {
        "mean": 10.293333604931831,
        "std": 3.7882658088468992
    },
    "26.2144": {
        "mean": 5.439999823768933,
        "std": 0.8452612444227414
    },
    "16.7772": {
        "mean": 12.046666691700617,
        "std": 4.78107612047743
    },
    "10.7374": {
        "mean": 8.616666744152704,
        "std": 4.245125482771672
    },
    "6.8719": {
        "mean": 13.036666313807169,
        "std": 2.316985474330823
    },
    "4.3980": {
        "mean": 8.68999995291233,
        "std": 3.5360145240651053
    },
    "2.8147": {
        "mean": 7.989999900261561,
        "std": 1.6052621319605516
    },
    "1.8014": {
        "mean": 6.32999986410141,
        "std": 4.085984072938775
    },
    "1.1529": {
        "mean": 12.15333342552185,
        "std": 2.2176917904723434
    },
    "0.7379": {
        "mean": 12.733333061138788,
        "std": 3.494703624850422
    },
    "0.4722": {
        "mean": 4.476666698853175,
        "std": 1.9762985748730417
    },
    "0.3022": {
        "mean": 9.456666807333628,
        "std": 5.705823695112125
    },
    "0.1934": {
        "mean": 10.076666623353958,
        "std": 3.0395647215501236
    },
    "0.1238": {
        "mean": 12.31666679183642,
        "std": 2.8314467610270353
    },
    "0.0792": {
        "mean": 9.630000094572702,
        "std": 0.8073413761823612
    },
    "0.0507": {
        "mean": 8.600000043710073,
        "std": 1.400285498578628
    },
    "0.0325": {
        "mean": 10.379999876022339,
        "std": 0.9009254565113874
    },
    "0.0208": {
        "mean": 9.959999968608221,
        "std": 0.8273251367288127
    },
    "0.0133": {
        "mean": 9.79000007112821,
        "std": 0.8659484750801872
    },
    "0.0085": {
        "mean": 9.993333369493484,
        "std": 0.009428250011886996
    }
}