{
    "64.0000": {
        "mean": 93.28666726748149,
        "std": 0.06944401759402641
    },
    "40.9600": {
        "mean": 92.85333355267842,
        "std": 0.16680189675263277
    },
    "26.2144": {
        "mean": 92.40333437919617,
        "std": 0.2451296372112282
    },
    "16.7772": {
        "mean": 91.6266659895579,
        "std": 0.108730543402852
    },
    "10.7374": {
        "mean": 91.86333417892456,
        "std": 0.17518308503741395
    },
    "6.8719": {
        "mean": 91.81000192960103,
        "std": 0.06683410821463993
    },
    "4.3980": {
        "mean": 91.4466659228007,
        "std": 0.10842417268922526
    },
    "2.8147": {
        "mean": 91.38000011444092,
        "std": 0.20116476288340931
    },
    "1.8014": {
        "mean": 91.0700003306071,
        "std": 0.10984635114561185
    },
    "1.1529": {
        "mean": 90.60999949773152,
        "std": 0.08640857954360381
    },
    "0.7379": {
        "mean": 90.16000032424927,
        "std": 0.10708285104571455
    },
    "0.4722": {
        "mean": 89.63666756947835,
        "std": 0.1993879229961118
    },
    "0.3022": {
        "mean": 88.60333561897278,
        "std": 0.39126605346603366
    },
    "0.1934": {
        "mean": 87.50666578610738,
        "std": 0.21013189820951875
    },
    "0.1238": {
        "mean": 85.32333374023438,
        "std": 0.06650076745940413
    },
    "0.0792": {
        "mean": 82.32666651407878,
        "std": 0.1144081266114656
    },
    "0.0507": {
        "mean": 79.05333439509074,
        "std": 0.13275049153077859
    },
    "0.0325": {
        "mean": 75.32666722933452,
        "std": 0.340229019406346
    },
    "0.0208": {
        "mean": 70.01666625340779,
        "std": 0.5161629223030467
    },
    "0.0133": {
        "mean": 62.93333371480306,
        "std": 0.3831738414712146
    },
    "0.0085": {
        "mean": 50.23333231608073,
        "std": 4.25947060937997
    }
}