{
    "64.0000": {
        "mean": 93.57666571935017,
        "std": 0.2715806678330889
    },
    "40.9600": {
        "mean": 93.47000122070312,
        "std": 0.06532083218820059
    },
    "26.2144": {
        "mean": 93.07666619618733,
        "std": 0.2408783755953251
    },
    "16.7772": {
        "mean": 93.20000012715657,
        "std": 0.09416383476520238
    },
    "10.7374": {
        "mean": 92.88333257039388,
        "std": 0.13816318228143104
    },
    "6.8719": {
        "mean": 92.83999999364217,
        "std": 0.1003337849460364
    },
    "4.3980": {
        "mean": 92.39666660626729,
        "std": 0.1405548343470852
    },
    "2.8147": {
        "mean": 92.11333394050598,
        "std": 0.10208780251469932
    },
    "1.8014": {
        "mean": 91.61000053087871,
        "std": 0.12027775858416062
    },
    "1.1529": {
        "mean": 91.0699983437856,
        "std": 0.14236066196530736
    },
    "0.7379": {
        "mean": 90.28000036875407,
        "std": 0.12193076061142823
    },
    "0.4722": {
        "mean": 89.46333328882854,
        "std": 0.13597342789041872
    },
    "0.3022": {
        "mean": 88.3733332157135,
        "std": 0.13960177156792558
    },
    "0.1934": {
        "mean": 86.94666822751363,
        "std": 0.3094437156945142
    },
    "0.1238": {
        "mean": 84.59999958674113,
        "std": 0.09626464072607424
    },
    "0.0792": {
        "mean": 81.44999941190083,
        "std": 0.05354272430397568
    },
    "0.0507": {
        "mean": 78.03333401679993,
        "std": 0.2574670568933502
    },
    "0.0325": {
        "mean": 74.84666705131531,
        "std": 0.3135106035104519
    },
    "0.0208": {
        "mean": 69.81333295504253,
        "std": 0.6034522067865129
    },
    "0.0133": {
        "mean": 64.77333307266235,
        "std": 0.2800381412768472
    },
    "0.0085": {
        "mean": 60.40666699409485,
        "std": 0.862913676795733
    }
}