{
    "64.0000": {
        "mean": 90.47000010808308,
        "std": 0.04320658908312844
    },
    "40.9600": {
        "mean": 90.33666650454204,
        "std": 0.13695246843063089
    },
    "26.2144": {
        "mean": 89.93000189463298,
        "std": 0.3295444795176879
    },
    "16.7772": {
        "mean": 89.5900011062622,
        "std": 0.18672684137903348
    },
    "10.7374": {
        "mean": 89.71333305040996,
        "std": 0.1732694955249839
    },
    "6.8719": {
        "mean": 89.19999996821086,
        "std": 0.21275974495535385
    },
    "4.3980": {
        "mean": 89.01000022888184,
        "std": 0.15121662370781483
    },
    "2.8147": {
        "mean": 88.51666847864787,
        "std": 0.057348651087635434
    },
    "1.8014": {
        "mean": 88.24000159899394,
        "std": 0.1104548503257191
    },
    "1.1529": {
        "mean": 87.54000067710876,
        "std": 0.18832682550831267
    },
    "0.7379": {
        "mean": 86.74999872843425,
        "std": 0.16990206048207648
    },
    "0.4722": {
        "mean": 85.343333085378,
        "std": 0.06128303069977606
    },
    "0.3022": {
        "mean": 83.3566665649414,
        "std": 0.09030601319364809
    },
    "0.1934": {
        "mean": 81.65666659673055,
        "std": 0.6006856627727445
    },
    "0.1238": {
        "mean": 77.96333432197571,
        "std": 0.09977921931997903
    },
    "0.0792": {
        "mean": 72.41333325703938,
        "std": 0.46161658453015536
    },
    "0.0507": {
        "mean": 65.61333338419597,
        "std": 0.9058459826114806
    },
    "0.0325": {
        "mean": 60.266665617624916,
        "std": 2.4107573451560556
    },
    "0.0208": {
        "mean": 55.06333311398824,
        "std": 2.363704263259218
    },
    "0.0133": {
        "mean": 47.85333275794983,
        "std": 0.7470087952386564
    },
    "0.0085": {
        "mean": 43.416666984558105,
        "std": 2.6586999702998257
    }
}