{
    "64.0000": {
        "mean": 75.02000133196513,
        "std": 0.6826919651340563
    },
    "40.9600": {
        "mean": 76.23666723569234,
        "std": 1.2712557896267542
    },
    "26.2144": {
        "mean": 71.75999879837036,
        "std": 0.9113724859357788
    },
    "16.7772": {
        "mean": 77.6633342107137,
        "std": 0.30400918223079326
    },
    "10.7374": {
        "mean": 77.70666480064392,
        "std": 0.041898874088516204
    },
    "6.8719": {
        "mean": 77.45333313941956,
        "std": 0.38317489578747477
    },
    "4.3980": {
        "mean": 76.65666739145915,
        "std": 0.08055418126882456
    },
    "2.8147": {
        "mean": 75.39666692415874,
        "std": 0.2613209986418723
    },
    "1.8014": {
        "mean": 72.90000120798747,
        "std": 0.1061438253801135
    },
    "1.1529": {
        "mean": 66.84000094731648,
        "std": 0.2362198191786185
    },
    "0.7379": {
        "mean": 58.84999831517538,
        "std": 1.8143316261154396
    },
    "0.4722": {
        "mean": 48.93333315849304,
        "std": 2.9465506763075813
    },
    "0.3022": {
        "mean": 39.12333349386851,
        "std": 2.4090436832936275
    },
    "0.1934": {
        "mean": 24.63333358367284,
        "std": 1.403907634127205
    },
    "0.1238": {
        "mean": 19.36333378156026,
        "std": 2.0783059723734922
    },
    "0.0792": {
        "mean": 19.009999930858612,
        "std": 3.547731418292994
    }
}