{
    "64.0000": {
        "mean": 9.616666783889135,
        "std": 0.7635151778896261
    },
    "40.9600": {
        "mean": 10.000000149011612,
        "std": 0.0
    },
    "26.2144": {
        "mean": 10.016666849454245,
        "std": 0.023570273805979897
    },
    "16.7772": {
        "mean": 10.06999984383583,
        "std": 0.15769156404217805
    },
    "10.7374": {
        "mean": 10.246666769186655,
        "std": 0.4067211420281753
    },
    "6.8719": {
        "mean": 9.996666759252548,
        "std": 0.12472183377346115
    },
    "4.3980": {
        "mean": 9.530000140269598,
        "std": 0.5818936099823452
    },
    "2.8147": {
        "mean": 9.883333494265875,
        "std": 0.30922835093275425
    },
    "1.8014": {
        "mean": 8.856666833162308,
        "std": 1.6169174815870875
    },
    "1.1529": {
        "mean": 9.213333328564962,
        "std": 1.112544849301366
    },
    "0.7379": {
        "mean": 10.853333274523417,
        "std": 1.2067952793210175
    },
    "0.4722": {
        "mean": 10.036666691303253,
        "std": 0.0518543213941657
    },
    "0.3022": {
        "mean": 9.98999997973442,
        "std": 0.014142375017830493
    },
    "0.1934": {
        "mean": 11.066666742165884,
        "std": 1.6519350830401625
    },
    "0.1238": {
        "mean": 11.323333283265432,
        "std": 2.941160019452781
    },
    "0.0792": {
        "mean": 10.139999787012735,
        "std": 0.9162241079706251
    }
}