{
    "64.0000": {
        "mean": 93.56666803359985,
        "std": 0.06599534169278101
    },
    "40.9600": {
        "mean": 93.38666598002116,
        "std": 0.12283781258531637
    },
    "26.2144": {
        "mean": 93.27333370844524,
        "std": 0.10338860870284422
    },
    "16.7772": {
        "mean": 93.17333300908406,
        "std": 0.08379980300582766
    },
    "10.7374": {
        "mean": 92.95000036557515,
        "std": 0.08831741645812893
    },
    "6.8719": {
        "mean": 92.81666874885559,
        "std": 0.07408708324478376
    },
    "4.3980": {
        "mean": 92.44333306948344,
        "std": 0.13424615831409312
    },
    "2.8147": {
        "mean": 92.25333134333293,
        "std": 0.13888555555548068
    },
    "1.8014": {
        "mean": 91.60000085830688,
        "std": 0.1451419574024824
    },
    "1.1529": {
        "mean": 90.84333380063374,
        "std": 0.2585012605097173
    },
    "0.7379": {
        "mean": 90.17333189646403,
        "std": 0.1759426105860633
    },
    "0.4722": {
        "mean": 89.44000005722046,
        "std": 0.21954340630855657
    },
    "0.3022": {
        "mean": 87.73666818936665,
        "std": 0.09030828658428029
    },
    "0.1934": {
        "mean": 86.10999981562297,
        "std": 0.20832709352112633
    },
    "0.1238": {
        "mean": 83.78999829292297,
        "std": 0.10424306850053523
    },
    "0.0792": {
        "mean": 79.54000035921733,
        "std": 0.25508320018776365
    },
    "0.0507": {
        "mean": 76.33000016212463,
        "std": 0.48332163452451976
    },
    "0.0325": {
        "mean": 70.92333436012268,
        "std": 0.7558367261776543
    },
    "0.0208": {
        "mean": 65.29333194096883,
        "std": 0.8375099217735467
    },
    "0.0133": {
        "mean": 60.149999459584556,
        "std": 1.1778226386100292
    },
    "0.0085": {
        "mean": 52.18666593233744,
        "std": 0.5367404625217724
    }
}