{
    "64.0000": {
        "mean": 85.59666673342387,
        "std": 0.14267429097142068
    },
    "40.9600": {
        "mean": 87.7899984518687,
        "std": 0.224499526467296
    },
    "26.2144": {
        "mean": 87.14666565259297,
        "std": 0.13474303975857865
    },
    "16.7772": {
        "mean": 85.63666939735413,
        "std": 0.8234209556646891
    },
    "10.7374": {
        "mean": 84.43000117937724,
        "std": 0.06376978748595918
    },
    "6.8719": {
        "mean": 83.74333182970683,
        "std": 0.7524336501537185
    },
    "4.3980": {
        "mean": 82.76999990145366,
        "std": 1.1022084875365827
    },
    "2.8147": {
        "mean": 82.51333435376485,
        "std": 0.9368142753243632
    },
    "1.8014": {
        "mean": 82.08666642506917,
        "std": 1.4072755711016758
    },
    "1.1529": {
        "mean": 81.34999871253967,
        "std": 0.958783490236272
    },
    "0.7379": {
        "mean": 79.79666789372762,
        "std": 0.39372787881836707
    },
    "0.4722": {
        "mean": 78.95333369572957,
        "std": 0.26386079596028267
    },
    "0.3022": {
        "mean": 76.33333404858907,
        "std": 0.4228752943620294
    },
    "0.1934": {
        "mean": 73.84000023206075,
        "std": 0.9335255457201015
    },
    "0.1238": {
        "mean": 68.3133323987325,
        "std": 0.332498857724486
    },
    "0.0792": {
        "mean": 60.03333330154419,
        "std": 2.189675886430616
    },
    "0.0507": {
        "mean": 57.07666873931885,
        "std": 1.6526610702270732
    },
    "0.0325": {
        "mean": 49.05999998251597,
        "std": 0.18184178594306624
    },
    "0.0208": {
        "mean": 45.046666264534,
        "std": 1.4845053237439652
    },
    "0.0133": {
        "mean": 34.37666594982147,
        "std": 1.2489013565426306
    },
    "0.0085": {
        "mean": 32.136666774749756,
        "std": 1.8503034333499155
    }
}