{
    "64.0000": {
        "mean": 93.15000176429749,
        "std": 0.11860322790180113
    },
    "40.9600": {
        "mean": 93.40999921162923,
        "std": 0.06683410821463993
    },
    "26.2144": {
        "mean": 92.73333350817363,
        "std": 0.4215311617287528
    },
    "16.7772": {
        "mean": 92.51000086466472,
        "std": 0.24385695864393653
    },
    "10.7374": {
        "mean": 92.2600011030833,
        "std": 0.18456980252568964
    },
    "6.8719": {
        "mean": 92.20999876658122,
        "std": 0.240969434207602
    },
    "4.3980": {
        "mean": 92.22333232561748,
        "std": 0.12256357581517792
    },
    "2.8147": {
        "mean": 91.82333151499431,
        "std": 0.130724232778518
    },
    "1.8014": {
        "mean": 91.37333234151204,
        "std": 0.14704369507212608
    },
    "1.1529": {
        "mean": 91.04000131289165,
        "std": 0.26869917302179896
    },
    "0.7379": {
        "mean": 90.39333264033,
        "std": 0.11440858971402368
    },
    "0.4722": {
        "mean": 89.53666687011719,
        "std": 0.049889609659989516
    },
    "0.3022": {
        "mean": 88.483331600825,
        "std": 0.009426845116936632
    },
    "0.1934": {
        "mean": 87.28666504224141,
        "std": 0.0329981725941293
    },
    "0.1238": {
        "mean": 85.08666555086772,
        "std": 0.25694839410945747
    },
    "0.0792": {
        "mean": 82.24666714668274,
        "std": 0.32714318973900114
    },
    "0.0507": {
        "mean": 79.00333404541016,
        "std": 0.39600786191049664
    },
    "0.0325": {
        "mean": 74.65999921162923,
        "std": 0.19866275495999827
    },
    "0.0208": {
        "mean": 69.57000096638997,
        "std": 0.6241786318354067
    },
    "0.0133": {
        "mean": 63.2699986298879,
        "std": 0.47265141249626985
    },
    "0.0085": {
        "mean": 51.62666539351145,
        "std": 1.7933443264293383
    }
}