{
    "64.0000": {
        "mean": 29.653332630793255,
        "std": 17.509463233120485
    },
    "40.9600": {
        "mean": 88.57666651407878,
        "std": 0.11613973587789875
    },
    "26.2144": {
        "mean": 82.35666751861572,
        "std": 9.029023812197323
    },
    "16.7772": {
        "mean": 86.81000073750813,
        "std": 2.4490966192615806
    },
    "10.7374": {
        "mean": 89.03333346048991,
        "std": 0.37007466585338394
    },
    "6.8719": {
        "mean": 89.24000064531963,
        "std": 0.2515290075403707
    },
    "4.3980": {
        "mean": 88.9633337656657,
        "std": 0.11953630796563304
    },
    "2.8147": {
        "mean": 88.87666662534077,
        "std": 0.11440737409168832
    },
    "1.8014": {
        "mean": 88.54999939600627,
        "std": 0.24262516527724765
    },
    "1.1529": {
        "mean": 87.8333330154419,
        "std": 0.15627436815890186
    },
    "0.7379": {
        "mean": 86.94666624069214,
        "std": 0.18660725778944268
    },
    "0.4722": {
        "mean": 85.59333284695943,
        "std": 0.23213852766393017
    },
    "0.3022": {
        "mean": 84.443332751592,
        "std": 0.30575763171584586
    },
    "0.1934": {
        "mean": 82.22000201543172,
        "std": 0.0848528452120326
    },
    "0.1238": {
        "mean": 79.46333289146423,
        "std": 0.17594178246899814
    },
    "0.0792": {
        "mean": 75.44999917348225,
        "std": 0.6696772981568526
    },
    "0.0507": {
        "mean": 69.5466657479604,
        "std": 1.0221650690392503
    },
    "0.0325": {
        "mean": 63.61666520436605,
        "std": 2.3360562933853046
    },
    "0.0208": {
        "mean": 55.80000082651774,
        "std": 2.1450880859537524
    },
    "0.0133": {
        "mean": 52.24999984105428,
        "std": 1.2319101357967763
    },
    "0.0085": {
        "mean": 39.8333340883255,
        "std": 2.012731856401625
    }
}