{
    "64.0000": {
        "mean": 93.66666674613953,
        "std": 0.05557960785843607
    },
    "40.9600": {
        "mean": 93.60333283742268,
        "std": 0.1407924800558351
    },
    "26.2144": {
        "mean": 93.29333106676738,
        "std": 0.08259641889565368
    },
    "16.7772": {
        "mean": 93.08999975522359,
        "std": 0.035590584183557664
    },
    "10.7374": {
        "mean": 92.54999955495198,
        "std": 0.07348471955043853
    },
    "6.8719": {
        "mean": 91.64999922116597,
        "std": 0.21648585972490045
    },
    "4.3980": {
        "mean": 90.81666668256123,
        "std": 0.2583719038579399
    },
    "2.8147": {
        "mean": 90.26333292325337,
        "std": 0.21483608154253364
    },
    "1.8014": {
        "mean": 89.87000187238057,
        "std": 0.11431006584413674
    },
    "1.1529": {
        "mean": 87.31666604677837,
        "std": 0.9505899801617318
    },
    "0.7379": {
        "mean": 85.79000035921733,
        "std": 0.5593427613738141
    },
    "0.4722": {
        "mean": 84.72999930381775,
        "std": 1.0755787709959306
    },
    "0.3022": {
        "mean": 34.480000038941704,
        "std": 34.619947851231004
    },
    "0.1934": {
        "mean": 10.000000149011612,
        "std": 0.0
    },
    "0.1238": {
        "mean": 10.000000149011612,
        "std": 0.0
    },
    "0.0792": {
        "mean": 10.000000149011612,
        "std": 0.0
    },
    "0.0507": {
        "mean": 10.000000149011612,
        "std": 0.0
    },
    "0.0325": {
        "mean": 10.000000149011612,
        "std": 0.0
    },
    "0.0208": {
        "mean": 10.000000149011612,
        "std": 0.0
    },
    "0.0133": {
        "mean": 10.000000149011612,
        "std": 0.0
    },
    "0.0085": {
        "mean": 10.000000149011612,
        "std": 0.0
    }
}