{
    "64.0000": {
        "mean": 84.306667248408,
        "std": 1.273978667526921
    },
    "40.9600": {
        "mean": 84.77999766667683,
        "std": 0.7780740435359642
    },
    "26.2144": {
        "mean": 84.95999972025554,
        "std": 0.814371338741802
    },
    "16.7772": {
        "mean": 84.73333517710368,
        "std": 0.8381456247894895
    },
    "10.7374": {
        "mean": 83.88333320617676,
        "std": 1.0502494759271745
    },
    "6.8719": {
        "mean": 75.99666714668274,
        "std": 2.3679138814195344
    },
    "4.3980": {
        "mean": 12.579999615748724,
        "std": 3.6826439559299526
    },
    "2.8147": {
        "mean": 12.00999990105629,
        "std": 3.6484516305327253
    },
    "1.8014": {
        "mean": 9.423333158095678,
        "std": 2.3445588337025205
    },
    "1.1529": {
        "mean": 10.156666984160742,
        "std": 2.988983502962145
    },
    "0.7379": {
        "mean": 9.196666876475016,
        "std": 2.4892078710733663
    },
    "0.4722": {
        "mean": 8.640000224113464,
        "std": 1.159769946489337
    },
    "0.3022": {
        "mean": 9.436666717131933,
        "std": 0.7966737795024226
    },
    "0.1934": {
        "mean": 10.000000149011612,
        "std": 0.0
    },
    "0.1238": {
        "mean": 10.000000149011612,
        "std": 0.0
    },
    "0.0792": {
        "mean": 10.000000149011612,
        "std": 0.0
    },
    "0.0507": {
        "mean": 10.000000149011612,
        "std": 0.0
    },
    "0.0325": {
        "mean": 10.000000149011612,
        "std": 0.0
    },
    "0.0208": {
        "mean": 10.000000149011612,
        "std": 0.0
    },
    "0.0133": {
        "mean": 10.000000149011612,
        "std": 0.0
    },
    "0.0085": {
        "mean": 10.000000149011612,
        "std": 0.0
    }
}