{
    "64.0000": {
        "mean": 93.74666611353557,
        "std": 0.05906820945480949
    },
    "40.9600": {
        "mean": 93.44000021616618,
        "std": 0.17281991824366894
    },
    "26.2144": {
        "mean": 93.30666661262512,
        "std": 0.30181022140639047
    },
    "16.7772": {
        "mean": 93.20000012715657,
        "std": 0.05715312102712124
    },
    "10.7374": {
        "mean": 93.02666584650676,
        "std": 0.18116872861328265
    },
    "6.8719": {
        "mean": 92.6199992497762,
        "std": 0.2592312569442779
    },
    "4.3980": {
        "mean": 92.16333230336507,
        "std": 0.08055418126882456
    },
    "2.8147": {
        "mean": 91.59333507219951,
        "std": 0.20531912473352712
    },
    "1.8014": {
        "mean": 90.97333351771037,
        "std": 0.10402877460773353
    },
    "1.1529": {
        "mean": 90.24666547775269,
        "std": 0.21312608208694903
    },
    "0.7379": {
        "mean": 89.39666549364726,
        "std": 0.09740955147103261
    },
    "0.4722": {
        "mean": 88.15333445866902,
        "std": 0.05249376978324629
    },
    "0.3022": {
        "mean": 86.58999999364217,
        "std": 0.24859535087399767
    },
    "0.1934": {
        "mean": 84.44666663805644,
        "std": 0.09427969032896921
    },
    "0.1238": {
        "mean": 81.12333416938782,
        "std": 0.22602702156298832
    },
    "0.0792": {
        "mean": 72.13000059127808,
        "std": 1.7686889714480667
    },
    "0.0507": {
        "mean": 46.71999936302503,
        "std": 25.965762798842764
    },
    "0.0325": {
        "mean": 10.000000149011612,
        "std": 0.0
    },
    "0.0208": {
        "mean": 10.000000149011612,
        "std": 0.0
    },
    "0.0133": {
        "mean": 10.000000149011612,
        "std": 0.0
    },
    "0.0085": {
        "mean": 10.000000149011612,
        "std": 0.0
    }
}