{
    "64.0000": {
        "mean": 10.023333380619684,
        "std": 0.3561209531143622
    },
    "40.9600": {
        "mean": 9.936666488647461,
        "std": 0.5105117861704992
    },
    "26.2144": {
        "mean": 9.470000118017197,
        "std": 0.3359562303038364
    },
    "16.7772": {
        "mean": 9.446666638056437,
        "std": 0.5893120080172259
    },
    "10.7374": {
        "mean": 9.503333270549774,
        "std": 1.15632545121686
    },
    "6.8719": {
        "mean": 10.209999978542328,
        "std": 0.30210387530158156
    },
    "4.3980": {
        "mean": 8.623333275318146,
        "std": 1.4171880944655202
    },
    "2.8147": {
        "mean": 9.993333369493484,
        "std": 0.30269134583661156
    },
    "1.8014": {
        "mean": 9.239999949932098,
        "std": 1.018266413695069
    },
    "1.1529": {
        "mean": 9.780000150203705,
        "std": 0.2628054417930189
    },
    "0.7379": {
        "mean": 9.973333279291788,
        "std": 1.5336736759832603
    },
    "0.4722": {
        "mean": 9.479999790589014,
        "std": 0.7734339989014674
    },
    "0.3022": {
        "mean": 9.813333302736282,
        "std": 0.40549011168647886
    },
    "0.1934": {
        "mean": 10.399999966224035,
        "std": 1.1049284332641176
    },
    "0.1238": {
        "mean": 8.71666669845581,
        "std": 0.9191422453238965
    },
    "0.0792": {
        "mean": 8.540000021457672,
        "std": 2.67605423622749
    },
    "0.0507": {
        "mean": 9.853333483139673,
        "std": 0.20038839214788665
    },
    "0.0325": {
        "mean": 10.000000149011612,
        "std": 0.0
    },
    "0.0208": {
        "mean": 10.000000149011612,
        "std": 0.0
    },
    "0.0133": {
        "mean": 10.000000149011612,
        "std": 0.0
    },
    "0.0085": {
        "mean": 10.000000149011612,
        "std": 0.0
    }
}