{
    "64.0000": {
        "mean": 9.429999937613806,
        "std": 1.5909954316658972
    },
    "40.9600": {
        "mean": 10.07333348194758,
        "std": 0.5169997796919753
    },
    "26.2144": {
        "mean": 9.079999973376593,
        "std": 0.7392338803326932
    },
    "16.7772": {
        "mean": 10.173333436250687,
        "std": 1.5866384372500797
    },
    "10.7374": {
        "mean": 11.033333341280619,
        "std": 0.6444292776618169
    },
    "6.8719": {
        "mean": 10.359999785820643,
        "std": 1.4766854120407358
    },
    "4.3980": {
        "mean": 8.650000020861626,
        "std": 1.8393658629154033
    },
    "2.8147": {
        "mean": 10.683333377043406,
        "std": 1.0656557198661727
    },
    "1.8014": {
        "mean": 10.526666541894278,
        "std": 0.603176727830632
    },
    "1.1529": {
        "mean": 10.173333436250687,
        "std": 0.34032682616170434
    },
    "0.7379": {
        "mean": 10.206666588783264,
        "std": 1.145202731713964
    },
    "0.4722": {
        "mean": 10.293333480755487,
        "std": 1.5973796039060046
    },
    "0.3022": {
        "mean": 11.216666797796885,
        "std": 0.9586565278532595
    },
    "0.1934": {
        "mean": 10.066666702429453,
        "std": 0.4289783780833273
    },
    "0.1238": {
        "mean": 9.113333374261856,
        "std": 1.466658887389186
    },
    "0.0792": {
        "mean": 9.606666614611944,
        "std": 0.7652594104389201
    },
    "0.0507": {
        "mean": 9.726666659116745,
        "std": 0.32601998447406055
    },
    "0.0325": {
        "mean": 9.690000116825104,
        "std": 0.43840624985425586
    },
    "0.0208": {
        "mean": 9.776666760444641,
        "std": 0.4339225466826871
    },
    "0.0133": {
        "mean": 11.17000033458074,
        "std": 1.654630130410898
    },
    "0.0085": {
        "mean": 10.000000149011612,
        "std": 0.0
    }
}