{
    "64.0000": {
        "mean": 93.51666569709778,
        "std": 0.041898874088516204
    },
    "40.9600": {
        "mean": 92.64000058174133,
        "std": 0.12832150855317384
    },
    "26.2144": {
        "mean": 92.70666639010112,
        "std": 0.09463270471815155
    },
    "16.7772": {
        "mean": 91.62000020345052,
        "std": 0.19442321278079197
    },
    "10.7374": {
        "mean": 90.86333314577739,
        "std": 0.6753435316591517
    },
    "6.8719": {
        "mean": 90.31333327293396,
        "std": 0.07930348163609739
    },
    "4.3980": {
        "mean": 89.67000047365825,
        "std": 0.37982592879244964
    },
    "2.8147": {
        "mean": 89.06333247820537,
        "std": 0.15062833536982156
    },
    "1.8014": {
        "mean": 88.11333378156026,
        "std": 0.15627496146001188
    },
    "1.1529": {
        "mean": 87.45999932289124,
        "std": 0.325370739683496
    },
    "0.7379": {
        "mean": 86.70666615168254,
        "std": 0.11085680893507542
    },
    "0.4722": {
        "mean": 85.01666784286499,
        "std": 0.24850737973752837
    },
    "0.3022": {
        "mean": 83.40333302815755,
        "std": 0.07318104495918357
    },
    "0.1934": {
        "mean": 80.88666598002116,
        "std": 0.22171057101416872
    },
    "0.1238": {
        "mean": 78.43333284060161,
        "std": 0.36608996899688057
    },
    "0.0792": {
        "mean": 74.70333377520244,
        "std": 0.12814748602037268
    },
    "0.0507": {
        "mean": 68.886665503184,
        "std": 0.523151917936135
    },
    "0.0325": {
        "mean": 62.436666091283165,
        "std": 0.36536150671195283
    },
    "0.0208": {
        "mean": 55.23666739463806,
        "std": 1.2074857902019123
    },
    "0.0133": {
        "mean": 46.110000212987266,
        "std": 0.4846303657652665
    },
    "0.0085": {
        "mean": 12.250000238418579,
        "std": 3.1819806417800094
    }
}