{
    "64.0000": {
        "mean": 8.673333128293356,
        "std": 1.0721111836394595
    },
    "40.9600": {
        "mean": 8.663333455721537,
        "std": 1.8903321660232217
    },
    "26.2144": {
        "mean": 10.84666649500529,
        "std": 0.8627216771504955
    },
    "16.7772": {
        "mean": 9.723333269357681,
        "std": 0.5418692814976228
    },
    "10.7374": {
        "mean": 9.526666750510534,
        "std": 0.29959250989636554
    },
    "6.8719": {
        "mean": 7.690000161528587,
        "std": 1.6715860817337522
    },
    "4.3980": {
        "mean": 8.643333365519842,
        "std": 0.7039569672286059
    },
    "2.8147": {
        "mean": 8.693333466847738,
        "std": 0.9695817626232414
    },
    "1.8014": {
        "mean": 9.7700002292792,
        "std": 0.3323652679503014
    },
    "1.1529": {
        "mean": 6.976666798194249,
        "std": 0.6718298944458597
    },
    "0.7379": {
        "mean": 9.189999848604202,
        "std": 0.7506442160771166
    },
    "0.4722": {
        "mean": 9.726666410764059,
        "std": 0.5540357654918466
    },
    "0.3022": {
        "mean": 9.503333270549774,
        "std": 0.7307684004899124
    },
    "0.1934": {
        "mean": 10.140000035365423,
        "std": 0.8567770607920231
    },
    "0.1238": {
        "mean": 9.556666513284048,
        "std": 0.4866439720908968
    },
    "0.0792": {
        "mean": 10.040000081062317,
        "std": 0.24344759404777572
    },
    "0.0507": {
        "mean": 10.20666683713595,
        "std": 0.389044438706791
    },
    "0.0325": {
        "mean": 10.629999885956446,
        "std": 0.8673330411832336
    },
    "0.0208": {
        "mean": 10.783333331346512,
        "std": 0.40713100330599106
    },
    "0.0133": {
        "mean": 9.119999905427298,
        "std": 0.6691787093608843
    },
    "0.0085": {
        "mean": 10.520000010728836,
        "std": 1.2787494075471777
    }
}