{
    "64.0000": {
        "mean": 93.38666598002116,
        "std": 0.2531574627688919
    },
    "40.9600": {
        "mean": 93.60000093777974,
        "std": 0.01414167257035531
    },
    "26.2144": {
        "mean": 93.38666796684265,
        "std": 0.10498854884007228
    },
    "16.7772": {
        "mean": 93.18999846776326,
        "std": 0.10801187408223153
    },
    "10.7374": {
        "mean": 93.09999942779541,
        "std": 0.10614532281381542
    },
    "6.8719": {
        "mean": 92.59333213170369,
        "std": 0.10370934523580659
    },
    "4.3980": {
        "mean": 92.51999855041504,
        "std": 0.04966538871466236
    },
    "2.8147": {
        "mean": 92.139999071757,
        "std": 0.18708417772363228
    },
    "1.8014": {
        "mean": 91.6433334350586,
        "std": 0.08339816904709901
    },
    "1.1529": {
        "mean": 91.14333192507426,
        "std": 0.15062833536982156
    },
    "0.7379": {
        "mean": 90.02999862035115,
        "std": 0.04546071963799332
    },
    "0.4722": {
        "mean": 89.21000162760417,
        "std": 0.08831741645812893
    },
    "0.3022": {
        "mean": 87.88000146547954,
        "std": 0.24262516527724765
    },
    "0.1934": {
        "mean": 85.96666653951009,
        "std": 0.21852958358241584
    },
    "0.1238": {
        "mean": 83.08666745821635,
        "std": 0.19258483674763266
    },
    "0.0792": {
        "mean": 79.84333237012227,
        "std": 0.18116872861328265
    },
    "0.0507": {
        "mean": 75.99666714668274,
        "std": 0.059066639758268376
    },
    "0.0325": {
        "mean": 70.60333093007405,
        "std": 0.387241385296273
    },
    "0.0208": {
        "mean": 64.89666700363159,
        "std": 0.7361752209982285
    },
    "0.0133": {
        "mean": 59.46666598320007,
        "std": 0.44017594589169434
    },
    "0.0085": {
        "mean": 53.17333539326986,
        "std": 0.889731894030572
    }
}