{
    "64.0000": {
        "mean": 90.20000100135803,
        "std": 0.10614532281381542
    },
    "40.9600": {
        "mean": 89.29666479428609,
        "std": 0.18785288414269405
    },
    "26.2144": {
        "mean": 89.92666602134705,
        "std": 0.09463466423040372
    },
    "16.7772": {
        "mean": 89.39666549364726,
        "std": 0.15107007327121358
    },
    "10.7374": {
        "mean": 88.09333244959514,
        "std": 1.0761153412402373
    },
    "6.8719": {
        "mean": 87.4399979909261,
        "std": 0.6745367356013792
    },
    "4.3980": {
        "mean": 86.75333261489868,
        "std": 0.7331356174077333
    },
    "2.8147": {
        "mean": 86.26333475112915,
        "std": 0.36169409453093876
    },
    "1.8014": {
        "mean": 85.48333446184795,
        "std": 0.16110721150817323
    },
    "1.1529": {
        "mean": 83.85999997456868,
        "std": 0.44921971050165277
    },
    "0.7379": {
        "mean": 81.8833311398824,
        "std": 0.48760146367073043
    },
    "0.4722": {
        "mean": 80.44333259264629,
        "std": 0.26042769540547395
    },
    "0.3022": {
        "mean": 77.54000027974446,
        "std": 0.32619065564845706
    },
    "0.1934": {
        "mean": 73.19999933242798,
        "std": 1.0330877191448333
    },
    "0.1238": {
        "mean": 67.8166667620341,
        "std": 0.7583472578447212
    },
    "0.0792": {
        "mean": 62.9966656366984,
        "std": 0.17782550057580077
    },
    "0.0507": {
        "mean": 57.68666863441467,
        "std": 1.4774381289336769
    },
    "0.0325": {
        "mean": 50.92666745185852,
        "std": 0.7661739657521536
    },
    "0.0208": {
        "mean": 42.49000052611033,
        "std": 1.3861454134519817
    },
    "0.0133": {
        "mean": 36.97666724522909,
        "std": 2.0576573268090756
    },
    "0.0085": {
        "mean": 31.799998879432678,
        "std": 0.6116098553817174
    }
}