{
    "64.0000": {
        "mean": 93.57333381970723,
        "std": 0.09392767599055181
    },
    "40.9600": {
        "mean": 93.59333316485088,
        "std": 0.16659789740609257
    },
    "26.2144": {
        "mean": 93.17666689554851,
        "std": 0.1819041005945495
    },
    "16.7772": {
        "mean": 93.30666661262512,
        "std": 0.03299857405860245
    },
    "10.7374": {
        "mean": 92.84666577974956,
        "std": 0.17152834532758152
    },
    "6.8719": {
        "mean": 92.65666802724202,
        "std": 0.04027791278699559
    },
    "4.3980": {
        "mean": 92.03333457310994,
        "std": 0.08178462327546823
    },
    "2.8147": {
        "mean": 91.28666520118713,
        "std": 0.32724443201397385
    },
    "1.8014": {
        "mean": 90.92333316802979,
        "std": 0.19601599762783808
    },
    "1.1529": {
        "mean": 90.0599996248881,
        "std": 0.27652676201437826
    },
    "0.7379": {
        "mean": 88.77333203951518,
        "std": 0.07363572745378122
    },
    "0.4722": {
        "mean": 87.28999892870586,
        "std": 0.22105789407850157
    },
    "0.3022": {
        "mean": 86.11999948819478,
        "std": 0.16391095567427766
    },
    "0.1934": {
        "mean": 84.04666582743327,
        "std": 0.15062626891119582
    },
    "0.1238": {
        "mean": 80.87666630744934,
        "std": 0.08379774817703241
    },
    "0.0792": {
        "mean": 77.50666737556458,
        "std": 0.3674538651087856
    },
    "0.0507": {
        "mean": 71.61999940872192,
        "std": 0.13589346407890632
    },
    "0.0325": {
        "mean": 65.72999954223633,
        "std": 0.34322090657511123
    },
    "0.0208": {
        "mean": 55.493332942326866,
        "std": 1.3773734654429064
    },
    "0.0133": {
        "mean": 29.839999973773956,
        "std": 4.785944471328668
    },
    "0.0085": {
        "mean": 10.000000149011612,
        "std": 0.0
    }
}