{
    "64.0000": {
        "mean": 80.64333200454712,
        "std": 0.06798807771150506
    },
    "40.9600": {
        "mean": 80.09333213170369,
        "std": 0.4074568620221018
    },
    "26.2144": {
        "mean": 81.23666644096375,
        "std": 0.3046673037547775
    },
    "16.7772": {
        "mean": 80.82333207130432,
        "std": 0.37676984178503337
    },
    "10.7374": {
        "mean": 80.81000049908955,
        "std": 0.184028643623075
    },
    "6.8719": {
        "mean": 80.1366666952769,
        "std": 0.527402857013908
    },
    "4.3980": {
        "mean": 79.18666799863179,
        "std": 0.1732694955249839
    },
    "2.8147": {
        "mean": 79.5466661453247,
        "std": 0.4484309008358418
    },
    "1.8014": {
        "mean": 78.64333192507426,
        "std": 0.009426845116936632
    },
    "1.1529": {
        "mean": 76.5500009059906,
        "std": 0.5225569241078714
    },
    "0.7379": {
        "mean": 75.71333249409993,
        "std": 0.342669997648906
    },
    "0.4722": {
        "mean": 72.22000161806743,
        "std": 0.23537176742705082
    },
    "0.3022": {
        "mean": 69.28666631380717,
        "std": 0.6068675401906017
    },
    "0.1934": {
        "mean": 65.0266667207082,
        "std": 0.30868682916098605
    },
    "0.1238": {
        "mean": 58.6733341217041,
        "std": 0.1806168664905516
    },
    "0.0792": {
        "mean": 51.07999940713247,
        "std": 1.1438822577189136
    },
    "0.0507": {
        "mean": 40.67666629950205,
        "std": 1.6700570162224013
    },
    "0.0325": {
        "mean": 31.68333371480306,
        "std": 2.054950052744009
    },
    "0.0208": {
        "mean": 22.95999974012375,
        "std": 3.1886466796158857
    },
    "0.0133": {
        "mean": 11.289999882380167,
        "std": 1.262563305822481
    },
    "0.0085": {
        "mean": 10.000000149011612,
        "std": 0.0
    }
}