{
      "64.0000": {
            "mean": 93.13499927520752,
            "std": 0.08500218391418457
      },
      "40.9600": {
            "mean": 92.97999739646912,
            "std": 0.06999969482421875
      },
      "26.2144": {
            "mean": 92.78500080108643,
            "std": 0.20499825477600098
      },
      "16.7772": {
            "mean": 92.47500002384186,
            "std": 0.07499754428863525
      },
      "10.7374": {
            "mean": 92.83500015735626,
            "std": 0.1949995756149292
      },
      "8.5899": {
            "mean": 92.45000183582306,
            "std": 0.15999972820281982
      },
      "6.8719": {
            "mean": 91.91499948501587,
            "std": 0.17499923706054688
      },
      "5.4976": {
            "mean": 91.87000095844269,
            "std": 0.03000199794769287
      },
      "4.3980": {
            "mean": 91.8500006198883,
            "std": 0.12000203132629395
      },
      "3.5184": {
            "mean": 91.53499901294708,
            "std": 0.29499828815460205
      },
      "2.8147": {
            "mean": 91.21999740600586,
            "std": 0.0
      },
      "2.2518": {
            "mean": 90.88499844074249,
            "std": 0.23500025272369385
      },
      "1.8014": {
            "mean": 90.57500064373016,
            "std": 0.20500123500823975
      },
      "1.4412": {
            "mean": 90.40499925613403,
            "std": 0.15500187873840332
      },
      "1.1529": {
            "mean": 89.89000022411346,
            "std": 0.020000338554382324
      },
      "0.9223": {
            "mean": 89.7299975156784,
            "std": 0.15999972820281982
      },
      "0.7379": {
            "mean": 89.06999826431274,
            "std": 0.2200007438659668
      },
      "0.5903": {
            "mean": 88.56500089168549,
            "std": 0.15499889850616455
      },
      "0.4722": {
            "mean": 87.99000084400177,
            "std": 0.11999905109405518
      },
      "0.3778": {
            "mean": 87.31000125408173,
            "std": 0.009998679161071777
      }
}