{
      "64.0000": {
            "mean": 0.3905372794151306,
            "std": 0.00029107904434205745
      },
      "40.9600": {
            "mean": 0.35611931257247925,
            "std": 0.005825871753692646
      },
      "26.2144": {
            "mean": 0.3421133729934692,
            "std": 0.003101341152191156
      },
      "16.7772": {
            "mean": 0.3274603433609009,
            "std": 0.009228578472137455
      },
      "10.7374": {
            "mean": 0.3052465748310089,
            "std": 0.002084298658370981
      },
      "8.5899": {
            "mean": 0.3008221258163452,
            "std": 0.00403808536529543
      },
      "6.8719": {
            "mean": 0.30154838848114013,
            "std": 0.0006049149513244756
      },
      "5.4976": {
            "mean": 0.2945112708091736,
            "std": 0.0008885626792907719
      },
      "4.3980": {
            "mean": 0.2866280665874481,
            "std": 0.006067587137222302
      },
      "3.5184": {
            "mean": 0.30157706513404847,
            "std": 0.0014858998775482135
      },
      "2.8147": {
            "mean": 0.30124148383140564,
            "std": 0.006695666360855113
      },
      "2.2518": {
            "mean": 0.29622438020706177,
            "std": 0.0005858149528503165
      },
      "1.8014": {
            "mean": 0.2942831045627594,
            "std": 0.00016007466316222962
      },
      "1.4412": {
            "mean": 0.3045173563957214,
            "std": 0.0024117586135864177
      },
      "1.1529": {
            "mean": 0.30602269616127015,
            "std": 0.0033728835582733097
      },
      "0.9223": {
            "mean": 0.32170988984107973,
            "std": 0.003219636201858528
      },
      "0.7379": {
            "mean": 0.3262125393390656,
            "std": 0.0016764649868011572
      },
      "0.5903": {
            "mean": 0.3363596287727356,
            "std": 0.0029922366142272894
      },
      "0.4722": {
            "mean": 0.3515026677131653,
            "std": 0.00162738370895385
      },
      "0.3778": {
            "mean": 0.3739801567077637,
            "std": 0.004479393005371091
      }
}