{
      "64.0000": {
            "mean": 0.3665811532974243,
            "std": 0.00703414287567139
      },
      "40.9600": {
            "mean": 0.3517012938499451,
            "std": 0.005487838554382313
      },
      "26.2144": {
            "mean": 0.3337387149333954,
            "std": 0.011864748048782348
      },
      "16.7772": {
            "mean": 0.3298856184959411,
            "std": 0.008536636257171631
      },
      "10.7374": {
            "mean": 0.3000822260379791,
            "std": 0.004697223806381212
      },
      "8.5899": {
            "mean": 0.30359028172492986,
            "std": 0.00543451790809632
      },
      "6.8719": {
            "mean": 0.3085517306804657,
            "std": 0.008719647455215446
      },
      "5.4976": {
            "mean": 0.3020269858837128,
            "std": 0.0030007560253143273
      },
      "4.3980": {
            "mean": 0.3027523437023163,
            "std": 0.002060789918899547
      },
      "3.5184": {
            "mean": 0.30451901197433473,
            "std": 0.005239816284179688
      },
      "2.8147": {
            "mean": 0.30298830599784854,
            "std": 0.0009348603725433391
      },
      "2.2518": {
            "mean": 0.3164895129680634,
            "std": 0.011236556959152239
      },
      "1.8014": {
            "mean": 0.3159009405612946,
            "std": 0.003826506185531625
      },
      "1.4412": {
            "mean": 0.3110537048339844,
            "std": 0.0016786157608032204
      },
      "1.1529": {
            "mean": 0.32121833419799806,
            "std": 0.0015974575042724537
      },
      "0.9223": {
            "mean": 0.33036935348510743,
            "std": 0.0033103538513183646
      },
      "0.7379": {
            "mean": 0.3451416235923767,
            "std": 0.0036622336387634458
      },
      "0.5903": {
            "mean": 0.35766471729278565,
            "std": 0.002791614913940421
      },
      "0.4722": {
            "mean": 0.3761540426254273,
            "std": 0.0018692853927612385
      },
      "0.3778": {
            "mean": 0.3942704775810242,
            "std": 0.001492833614349376
      }
}