{
      "100.0000": {
            "mean": 0.44567728271484375,
            "std": 0.01271504974365234
      },
      "80.0000": {
            "mean": 0.47384471015930174,
            "std": 0.003957502365112303
      },
      "64.0000": {
            "mean": 0.4728398452758789,
            "std": 0.005048603820800801
      },
      "51.2000": {
            "mean": 0.4546181846618652,
            "std": 0.008934864044189444
      },
      "40.9600": {
            "mean": 0.44153533401489253,
            "std": 0.012028849029541017
      },
      "32.7680": {
            "mean": 0.4560091449737549,
            "std": 0.00941226234436035
      },
      "26.2144": {
            "mean": 0.42632187271118166,
            "std": 0.005777798461914063
      },
      "20.9715": {
            "mean": 0.4212533935546875,
            "std": 0.0016175460815429643
      },
      "16.7772": {
            "mean": 0.42208148536682133,
            "std": 0.015566080856323244
      },
      "13.4218": {
            "mean": 0.41397441482543945,
            "std": 0.004374419403076146
      },
      "10.7374": {
            "mean": 0.4020485336303711,
            "std": 0.0020347961425781214
      },
      "8.5899": {
            "mean": 0.39532811660766604,
            "std": 0.003879175567626958
      },
      "6.8719": {
            "mean": 0.3804950332641601,
            "std": 0.005486606597900373
      },
      "5.4976": {
            "mean": 0.3755754234313965,
            "std": 0.009580252838134767
      },
      "4.3980": {
            "mean": 0.3562537422180176,
            "std": 0.0020183059692382987
      },
      "3.5184": {
            "mean": 0.3539204486846924,
            "std": 0.0003058963775634804
      },
      "2.8147": {
            "mean": 0.33314704666137696,
            "std": 0.006245236206054688
      },
      "2.2518": {
            "mean": 0.32501185874938965,
            "std": 0.0018915111541747964
      },
      "1.8014": {
            "mean": 0.32386629562377933,
            "std": 0.009151106262207026
      },
      "1.4412": {
            "mean": 0.3140244354248047,
            "std": 0.008199687957763657
      },
      "1.1529": {
            "mean": 0.30040810050964356,
            "std": 0.008725703048706068
      },
      "0.9223": {
            "mean": 0.29156232109069824,
            "std": 0.006191958236694328
      },
      "0.7379": {
            "mean": 0.28641187286376957,
            "std": 0.006202442169189443
      },
      "0.5903": {
            "mean": 0.2829895374298096,
            "std": 0.0019484477996826177
      },
      "0.4722": {
            "mean": 0.2766300899505615,
            "std": 0.0030717144012451236
      },
      "0.3778": {
            "mean": 0.2759046672821045,
            "std": 0.003921570968627941
      }
}