{
      "100.0000": {
            "mean": 0.4493345346450806,
            "std": 0.009324728105418576
      },
      "64.0000": {
            "mean": 0.42655207996368405,
            "std": 0.01151107892747001
      },
      "40.9600": {
            "mean": 0.37765623683929445,
            "std": 0.01024656161152963
      },
      "26.2144": {
            "mean": 0.3491514446258545,
            "std": 0.0050693859785219285
      },
      "16.7772": {
            "mean": 0.3158558599472046,
            "std": 0.00583267078969351
      },
      "10.7374": {
            "mean": 0.30171187477111816,
            "std": 0.0045210171479577585
      },
      "8.5899": {
            "mean": 0.2968847703933716,
            "std": 0.0072396898085791426
      },
      "6.8719": {
            "mean": 0.3015849184036255,
            "std": 0.0028338084811505284
      },
      "5.4976": {
            "mean": 0.2924883922576904,
            "std": 0.006294303550313925
      },
      "4.3980": {
            "mean": 0.28982675094604493,
            "std": 0.0035297876639366625
      },
      "3.5184": {
            "mean": 0.2894428258895874,
            "std": 0.0034756457935790227
      },
      "2.8147": {
            "mean": 0.28927649478912354,
            "std": 0.0028633926628508347
      },
      "2.2518": {
            "mean": 0.2925863483428955,
            "std": 0.0037310446672439677
      },
      "1.8014": {
            "mean": 0.2963225046157837,
            "std": 0.00827523179954034
      },
      "1.4412": {
            "mean": 0.29773106946945194,
            "std": 0.004866403758855237
      },
      "1.1529": {
            "mean": 0.30944183559417726,
            "std": 0.0034880720106457894
      },
      "0.9223": {
            "mean": 0.3205055486679077,
            "std": 0.0012020054422557083
      },
      "0.7379": {
            "mean": 0.34994748744964604,
            "std": 0.0018802369489277285
      },
      "0.5903": {
            "mean": 0.39653677825927736,
            "std": 0.010067839075014642
      },
      "0.4722": {
            "mean": 0.70992134475708,
            "std": 0.09535536358197982
      },
      "0.3778": {
            "mean": 1.9858698875427245,
            "std": 0.31997362712631683
      }
}