{
      "10.7374": {
            "mean": 0.31376517593860626,
            "std": 0.012567644047737137
      },
      "8.5899": {
            "mean": 0.30978058376312256,
            "std": 0.002618271732330313
      },
      "6.8719": {
            "mean": 0.30639663562774655,
            "std": 0.012580863952636717
      },
      "5.4976": {
            "mean": 0.3046957235336304,
            "std": 0.0045083159446716314
      },
      "4.3980": {
            "mean": 0.3002172137618065,
            "std": 6.649860143659314e-05
      },
      "3.5184": {
            "mean": 0.305504421043396,
            "std": 0.012248950767517086
      },
      "2.8147": {
            "mean": 0.3316388949394226,
            "std": 0.007966211223602304
      },
      "2.2518": {
            "mean": 1.6191628578186035,
            "std": 0.6835196434020996
      },
      "1.8014": {
            "mean": 2.3026827529907226,
            "std": 1.0375976566834311e-07
      },
      "1.4412": {
            "mean": 2.3026826652526857,
            "std": 1.144409167430638e-08
      },
      "1.1529": {
            "mean": 2.3026825607299806,
            "std": 4.882812509876544e-08
      },
      "0.9223": {
            "mean": 2.302682807922363,
            "std": 9.155273428262944e-09
      },
      "0.7379": {
            "mean": 2.3026828445434573,
            "std": 1.2664794923900047e-07
      },
      "0.5903": {
            "mean": 2.30268267288208,
            "std": 6.484985348720329e-08
      },
      "0.4722": {
            "mean": 2.3026827911376953,
            "std": 2.716064453345268e-07
      },
      "0.3778": {
            "mean": 2.302682950592041,
            "std": 1.472473143415698e-07
      }
}