{
      "64.0000": {
            "mean": 0.3730063150723775,
            "std": 0.0067287155940696656
      },
      "40.9600": {
            "mean": 0.3712991096019745,
            "std": 0.0037949623953786194
      },
      "26.2144": {
            "mean": 0.35947206662495934,
            "std": 0.002159306721374192
      },
      "16.7772": {
            "mean": 0.3342681117693583,
            "std": 0.004127193366773509
      },
      "10.7374": {
            "mean": 0.3100394339084625,
            "std": 0.005589657190825751
      },
      "8.5899": {
            "mean": 0.30818057999610904,
            "std": 0.003858511373349895
      },
      "6.8719": {
            "mean": 0.3144077860355377,
            "std": 0.003542331550430825
      },
      "5.4976": {
            "mean": 0.30161127316157027,
            "std": 0.00427648994113313
      },
      "4.3980": {
            "mean": 0.30720179637273154,
            "std": 0.005381811068633766
      },
      "3.5184": {
            "mean": 0.3224315864562988,
            "std": 0.014007837281741766
      },
      "2.8147": {
            "mean": 1.839627200571696,
            "std": 0.44428327192592576
      },
      "2.2518": {
            "mean": 2.3026829116821292,
            "std": 6.12382688438809e-08
      },
      "1.8014": {
            "mean": 2.302682951863607,
            "std": 2.1957580672040702e-07
      },
      "1.4412": {
            "mean": 2.3026827641805014,
            "std": 1.433207478357276e-07
      },
      "1.1529": {
            "mean": 2.3026827067057294,
            "std": 1.6286846387508304e-07
      },
      "0.9223": {
            "mean": 2.3026829915364586,
            "std": 1.2835736725346598e-07
      },
      "0.7379": {
            "mean": 2.3026829630533854,
            "std": 1.9980793707728977e-07
      },
      "0.5903": {
            "mean": 2.3026828516642253,
            "std": 2.2991146626351647e-07
      },
      "0.4722": {
            "mean": 2.3026827102661134,
            "std": 1.5579415421023916e-07
      },
      "0.3778": {
            "mean": 2.302682699076335,
            "std": 1.2651817282680404e-07
      }
}