{
      "0.3022": {
            "mean": 1.2170386192321778,
            "std": 0.09001918606848978
      },
      "0.1934": {
            "mean": 1.407784132639567,
            "std": 0.09321302044238865
      },
      "0.1238": {
            "mean": 1.9974616264343261,
            "std": 0.21770496322433328
      },
      "0.0507": {
            "mean": 2.3026827392578126,
            "std": 1.1764780351494096e-07
      },
      "0.0208": {
            "mean": 2.3026827824910483,
            "std": 3.489191263393106e-08
      },
      "0.0085": {
            "mean": 2.302682893371582,
            "std": 1.5139815303982668e-07
      },
      "64.0000": {
            "mean": 0.40476982612609863,
            "std": 0.010609700898795663
      },
      "40.9600": {
            "mean": 0.36983159523010256,
            "std": 0.007834997459715437
      },
      "26.2144": {
            "mean": 0.3271250940322876,
            "std": 0.004280052695177357
      },
      "16.7772": {
            "mean": 0.3234539098739624,
            "std": 0.0037964849114924507
      },
      "10.7374": {
            "mean": 0.32406985721588133,
            "std": 0.005974128771229464
      },
      "8.5899": {
            "mean": 0.3217823984146118,
            "std": 0.0061961559276612265
      },
      "6.8719": {
            "mean": 0.3273090751647949,
            "std": 0.002329136907797596
      },
      "5.4976": {
            "mean": 0.3392584808349609,
            "std": 0.0023773511969567684
      },
      "4.3980": {
            "mean": 0.3479265586853027,
            "std": 0.006425473646870752
      },
      "3.5184": {
            "mean": 0.37654676799774167,
            "std": 0.0031651050761378413
      },
      "2.8147": {
            "mean": 0.3943325349807739,
            "std": 0.005945790563510469
      },
      "2.2518": {
            "mean": 0.43678124313354494,
            "std": 0.007368149466588186
      },
      "1.8014": {
            "mean": 0.47775503463745117,
            "std": 0.002913833772161567
      },
      "1.4412": {
            "mean": 0.5307036838531495,
            "std": 0.00719657732496893
      },
      "1.1529": {
            "mean": 0.5982666015625,
            "std": 0.01101187821583105
      },
      "0.9223": {
            "mean": 0.6528434215545655,
            "std": 0.014376409707097037
      },
      "0.7379": {
            "mean": 0.7550120792388916,
            "std": 0.006662392693370186
      },
      "0.5903": {
            "mean": 0.8533425762176514,
            "std": 0.02435028891842149
      },
      "0.4722": {
            "mean": 0.9403413642883302,
            "std": 0.01618573659954497
      },
      "0.3778": {
            "mean": 1.0734832244873047,
            "std": 0.04263618141312133
      }
}