{
    "25": {
        "imp": {
            "mean": 2.999542554219564,
            "std": 0.018542096118943304
        },
        "concrete": {
            "mean": 0.6398840207192632,
            "std": 0.021753795884096507
        },
        "salient": {
            "mean": 2.309258301224973,
            "std": 0.0017706120368999854
        },
        "dense": {
            "mean": 0.5280613606381748,
            "std": 0.012015267814260785
        },
        "magnitude": {
            "mean": 2.311010749803649,
            "std": 0.007663424062410601
        },
        "random": {
            "mean": 2.3600687103139033,
            "std": 0.007151381201367257
        }
    },
    "24": {
        "imp": {
            "mean": 3.01494551781151,
            "std": 0.16483792545328962
        },
        "concrete": {
            "mean": 0.5672529476384321,
            "std": 0.016564856079581573
        },
        "salient": {
            "mean": 2.3135637417435646,
            "std": 0.0015977123958981188
        },
        "dense": {
            "mean": 0.5280613606381748,
            "std": 0.012015267814260785
        },
        "magnitude": {
            "mean": 2.3228137542804084,
            "std": 0.02022945292393916
        },
        "random": {
            "mean": 2.360097494390276,
            "std": 0.007941728567531434
        }
    },
    "23": {
        "imp": {
            "mean": 2.934006895456049,
            "std": 0.14824674779708716
        },
        "concrete": {
            "mean": 0.5182506799076995,
            "std": 0.017410627575766106
        },
        "salient": {
            "mean": 2.3305692217416234,
            "std": 0.014124284848885957
        },
        "dense": {
            "mean": 0.5280613606381748,
            "std": 0.012015267814260785
        },
        "magnitude": {
            "mean": 2.315451830625534,
            "std": 0.0141142920785537
        },
        "random": {
            "mean": 2.357649073832565,
            "std": 0.005736454547492783
        }
    },
    "22": {
        "imp": {
            "mean": 2.9209229929579634,
            "std": 0.07219319082538242
        },
        "concrete": {
            "mean": 0.4565541619021032,
            "std": 0.0021882569969316327
        },
        "salient": {
            "mean": 2.324248763422171,
            "std": 0.016463917632854763
        },
        "dense": {
            "mean": 0.5280613606381748,
            "std": 0.012015267814260785
        },
        "magnitude": {
            "mean": 2.292094419399897,
            "std": 0.0335692927842913
        },
        "random": {
            "mean": 2.372213953899012,
            "std": 0.017384247717679328
        }
    },
    "21": {
        "imp": {
            "mean": 2.796006808678309,
            "std": 0.05522244956856105
        },
        "concrete": {
            "mean": 0.40938933804217315,
            "std": 0.007596452426463187
        },
        "salient": {
            "mean": 2.370064456429746,
            "std": 0.08101355943270151
        },
        "dense": {
            "mean": 0.5280613606381748,
            "std": 0.012015267814260785
        },
        "magnitude": {
            "mean": 2.1702060252428055,
            "std": 0.01123831706684855
        },
        "random": {
            "mean": 2.3689394866426787,
            "std": 0.012948396855471755
        }
    },
    "20": {
        "imp": {
            "mean": 2.5863536612855063,
            "std": 0.061658225833388876
        },
        "concrete": {
            "mean": 0.35345040385921794,
            "std": 0.007656441920985151
        },
        "salient": {
            "mean": 2.3887298810813165,
            "std": 0.050418919510282406
        },
        "dense": {
            "mean": 0.5280613606381748,
            "std": 0.012015267814260785
        },
        "magnitude": {
            "mean": 1.938664499670267,
            "std": 0.053991435707907126
        },
        "random": {
            "mean": 2.369508253203498,
            "std": 0.017401148879581812
        }
    },
    "19": {
        "imp": {
            "mean": 2.424120663768715,
            "std": 0.07878000199369165
        },
        "concrete": {
            "mean": 0.31495152822592193,
            "std": 0.021230584115409352
        },
        "salient": {
            "mean": 2.3666950853334536,
            "std": 0.06062131412670919
        },
        "dense": {
            "mean": 0.5280613606381748,
            "std": 0.012015267814260785
        },
        "magnitude": {
            "mean": 1.6509351138439443,
            "std": 0.05112621936718701
        },
        "random": {
            "mean": 2.368339161078135,
            "std": 0.0016960403277048435
        }
    },
    "18": {
        "imp": {
            "mean": 2.141608073065678,
            "std": 0.05992542070642175
        },
        "concrete": {
            "mean": 0.2659192479526003,
            "std": 0.007045642562391527
        },
        "salient": {
            "mean": 2.296692663596736,
            "std": 0.030981801024867417
        },
        "dense": {
            "mean": 0.5280613606381748,
            "std": 0.012015267814260785
        },
        "magnitude": {
            "mean": 1.3865708174804847,
            "std": 0.04337707809285557
        },
        "random": {
            "mean": 2.3775181579920983,
            "std": 0.008935041786239767
        }
    },
    "17": {
        "imp": {
            "mean": 1.7983738680680592,
            "std": 0.06805214906348857
        },
        "concrete": {
            "mean": 0.23043304790432254,
            "std": 0.006249550283278129
        },
        "salient": {
            "mean": 2.1515216707355447,
            "std": 0.04449750063016014
        },
        "dense": {
            "mean": 0.5280613606381748,
            "std": 0.012015267814260785
        },
        "magnitude": {
            "mean": 1.1305047344002457,
            "std": 0.04841319700767525
        },
        "random": {
            "mean": 2.369600358936522,
            "std": 0.012563823071013915
        }
    },
    "16": {
        "imp": {
            "mean": 1.5322240442037582,
            "std": 0.03697831073090479
        },
        "concrete": {
            "mean": 0.19750890472076008,
            "std": 0.009062290295415621
        },
        "salient": {
            "mean": 1.7708789511687224,
            "std": 0.060683877512039394
        },
        "dense": {
            "mean": 0.5280613606381748,
            "std": 0.012015267814260785
        },
        "magnitude": {
            "mean": 0.949097675167852,
            "std": 0.03525103491475393
        },
        "random": {
            "mean": 2.370800454583433,
            "std": 0.01809418753914396
        }
    },
    "15": {
        "imp": {
            "mean": 1.2488312944769857,
            "std": 0.026736180279135963
        },
        "concrete": {
            "mean": 0.16979458405532774,
            "std": 0.00043046216649297967
        },
        "salient": {
            "mean": 1.4192808800273473,
            "std": 0.13183351227809048
        },
        "dense": {
            "mean": 0.5280613606381748,
            "std": 0.012015267814260785
        },
        "magnitude": {
            "mean": 0.8147016809218459,
            "std": 0.026775986388777966
        },
        "random": {
            "mean": 2.3713269904255867,
            "std": 0.01899436366058547
        }
    },
    "14": {
        "imp": {
            "mean": 1.0620155079911153,
            "std": 0.01645104920521151
        },
        "concrete": {
            "mean": 0.14631069161825708,
            "std": 0.013806764278712332
        },
        "salient": {
            "mean": 1.2518073802606926,
            "std": 0.12244571335037124
        },
        "dense": {
            "mean": 0.5280613606381748,
            "std": 0.012015267814260785
        },