{
      "64.0000": {
            "mean": 93.66000096003215,
            "std": 0.148997366250751
      },
      "40.9600": {
            "mean": 93.44000021616618,
            "std": 0.09201572532259268
      },
      "26.2144": {
            "mean": 93.61000061035156,
            "std": 0.12569662226554862
      },
      "16.7772": {
            "mean": 93.30333272616069,
            "std": 0.13224507214477849
      },
      "10.7374": {
            "mean": 93.1933323542277,
            "std": 0.09030828658428029
      },
      "8.5899": {
            "mean": 93.09999942779541,
            "std": 0.23762796240869574
      },
      "6.8719": {
            "mean": 92.92666713396709,
            "std": 0.1869646809962488
      },
      "5.4976": {
            "mean": 92.7299976348877,
            "std": 0.1143090229799177
      },
      "4.3980": {
            "mean": 92.64666636784871,
            "std": 0.04027791278699559
      },
      "3.5184": {
            "mean": 92.48999953269958,
            "std": 0.04966538871466236
      },
      "2.8147": {
            "mean": 92.20666686693828,
            "std": 0.19362069264813647
      },
      "2.2518": {
            "mean": 92.25666721661885,
            "std": 0.14383625219289106
      },
      "1.8014": {
            "mean": 91.77333315213521,
            "std": 0.22395355305495687
      },
      "1.4412": {
            "mean": 91.36333465576172,
            "std": 0.06798807771150506
      },
      "1.1529": {
            "mean": 91.27333164215088,
            "std": 0.01885650002377399
      },
      "0.9223": {
            "mean": 90.693332751592,
            "std": 0.0758651344014486
      },
      "0.7379": {
            "mean": 90.41999975840251,
            "std": 0.14719546912843226
      },
      "0.5903": {
            "mean": 89.70666527748108,
            "std": 0.17556199482088627
      },
      "0.4722": {
            "mean": 88.36999932924907,
            "std": 0.5111438365558084
      },
      "0.3778": {
            "mean": 86.56000196933746,
            "std": 0.15999972820281982
      }
}