{
      "64.0000": {
            "mean": 0.4419463979085287,
            "std": 0.0131173513288381
      },
      "40.9600": {
            "mean": 0.43378912658691404,
            "std": 0.009552026122140829
      },
      "26.2144": {
            "mean": 0.38252920125325524,
            "std": 0.009014568321227009
      },
      "16.7772": {
            "mean": 0.36423487396240234,
            "std": 0.007155128612401419
      },
      "10.7374": {
            "mean": 0.3420598149617513,
            "std": 0.002287498307918099
      },
      "8.5899": {
            "mean": 0.33122256113688153,
            "std": 0.01335615550188542
      },
      "6.8719": {
            "mean": 0.3295192947387695,
            "std": 0.0018878219872282905
      },
      "5.4976": {
            "mean": 0.31949339014689127,
            "std": 0.006123385808470819
      },
      "4.3980": {
            "mean": 0.31513820012410476,
            "std": 0.0034370382877302805
      },
      "3.5184": {
            "mean": 0.3139570620218913,
            "std": 0.0045542862255869634
      },
      "2.8147": {
            "mean": 0.3111252853393555,
            "std": 0.008855286752774558
      },
      "2.2518": {
            "mean": 0.3001579584757487,
            "std": 0.008403175494125493
      },
      "1.8014": {
            "mean": 0.3093917096455892,
            "std": 0.007539130996988731
      },
      "1.4412": {
            "mean": 0.30285678278605144,
            "std": 0.0034327306417524473
      },
      "1.1529": {
            "mean": 0.2986781188964844,
            "std": 0.004744399072561301
      },
      "0.9223": {
            "mean": 0.30994093958536784,
            "std": 0.0028570225797190435
      },
      "0.7379": {
            "mean": 0.31332617009480795,
            "std": 0.0034771728317563163
      },
      "0.5903": {
            "mean": 0.33047627309163413,
            "std": 0.0030438669007442297
      },
      "0.4722": {
            "mean": 0.37432087326049807,
            "std": 0.020335002802846325
      },
      "0.3778": {
            "mean": 0.45355114326477053,
            "std": 0.015706478500366217
      }
}