{
      "64.0000": {
            "mean": 93.77000133196513,
            "std": 0.14719546912843226
      },
      "40.9600": {
            "mean": 93.69666576385498,
            "std": 0.05734842015362884
      },
      "26.2144": {
            "mean": 65.14666602015495,
            "std": 39.00436703081169
      },
      "16.7772": {
            "mean": 10.000000149011612,
            "std": 0.0
      },
      "10.7374": {
            "mean": 10.000000149011612,
            "std": 0.0
      },
      "8.5899": {
            "mean": 10.000000149011612,
            "std": 0.0
      },
      "6.8719": {
            "mean": 10.000000149011612,
            "std": 0.0
      },
      "5.4976": {
            "mean": 10.000000149011612,
            "std": 0.0
      },
      "4.3980": {
            "mean": 10.000000149011612,
            "std": 0.0
      },
      "3.5184": {
            "mean": 10.000000149011612,
            "std": 0.0
      },
      "2.8147": {
            "mean": 10.000000149011612,
            "std": 0.0
      },
      "2.2518": {
            "mean": 10.000000149011612,
            "std": 0.0
      },
      "1.8014": {
            "mean": 10.000000149011612,
            "std": 0.0
      },
      "1.4412": {
            "mean": 10.000000149011612,
            "std": 0.0
      },
      "1.1529": {
            "mean": 10.000000149011612,
            "std": 0.0
      },
      "0.9223": {
            "mean": 10.000000149011612,
            "std": 0.0
      },
      "0.7379": {
            "mean": 10.000000149011612,
            "std": 0.0
      },
      "0.5903": {
            "mean": 10.000000149011612,
            "std": 0.0
      },
      "0.4722": {
            "mean": 10.000000149011612,
            "std": 0.0
      },
      "0.3778": {
            "mean": 10.000000149011612,
            "std": 0.0
      }
}