{
      "64.0000": {
            "mean": 0.4596549606323242,
            "std": 0.0034333969399059825
      },
      "40.9600": {
            "mean": 0.4117227991739909,
            "std": 0.00730543241472303
      },
      "26.2144": {
            "mean": 1.0168719011942546,
            "std": 0.9094661755669473
      },
      "16.7772": {
            "mean": 2.3026827982584632,
            "std": 2.0525324378033845e-07
      },
      "10.7374": {
            "mean": 2.302682755533854,
            "std": 8.491470037618826e-08
      },
      "8.5899": {
            "mean": 2.302682948811849,
            "std": 1.445501276661668e-07
      },
      "6.8719": {
            "mean": 2.302682763671875,
            "std": 2.6356070734967996e-07
      },
      "5.4976": {
            "mean": 2.3026828776041666,
            "std": 9.193622671690294e-08
      },
      "4.3980": {
            "mean": 2.3026827189127603,
            "std": 1.53142979031254e-07
      },
      "3.5184": {
            "mean": 2.3026829467773435,
            "std": 6.478549534977571e-08
      },
      "2.8147": {
            "mean": 2.3026828592936197,
            "std": 1.2462070982410783e-07
      },
      "2.2518": {
            "mean": 2.302682865397135,
            "std": 2.736088049911728e-07
      },
      "1.8014": {
            "mean": 2.302682574462891,
            "std": 2.3005207568922683e-07
      },
      "1.4412": {
            "mean": 2.3026828450520833,
            "std": 7.741820298983835e-08
      },
      "1.1529": {
            "mean": 2.302682588704427,
            "std": 1.441199604441192e-07
      },
      "0.9223": {
            "mean": 2.3026825236002604,
            "std": 1.3831643172615879e-07
      },
      "0.7379": {
            "mean": 2.3026828959147134,
            "std": 1.858206173788212e-07
      },
      "0.5903": {
            "mean": 2.302682936604818,
            "std": 1.9354550770411386e-07
      },
      "0.4722": {
            "mean": 2.302682934570312,
            "std": 2.435804935803313e-07
      },
      "0.3778": {
            "mean": 2.302682692464193,
            "std": 1.3568792318065437e-07
      }
}