{
    "64.0000": {
        "mean": 91.4199988047282,
        "std": 0.07788770481921112
    },
    "40.9600": {
        "mean": 90.76666831970215,
        "std": 0.3514105210487681
    },
    "26.2144": {
        "mean": 90.07000128428142,
        "std": 0.1023066152515711
    },
    "16.7772": {
        "mean": 88.82666826248169,
        "std": 0.16739808216348062
    },
    "10.7374": {
        "mean": 87.69999941190083,
        "std": 0.1275423789962386
    },
    "6.8719": {
        "mean": 86.61333322525024,
        "std": 0.11085400105182194
    },
    "4.3980": {
        "mean": 84.85666513442993,
        "std": 0.13670751782993587
    },
    "2.8147": {
        "mean": 83.00333221753438,
        "std": 0.24957728027165982
    },
    "1.8014": {
        "mean": 80.62000075976054,
        "std": 0.23252381575818004
    },
    "1.1529": {
        "mean": 77.5166670481364,
        "std": 0.22171057101416872
    },
    "0.7379": {
        "mean": 72.18666672706604,
        "std": 0.60917185254771
    },
    "0.4722": {
        "mean": 64.68666791915894,
        "std": 0.400777461811789
    },
    "0.3022": {
        "mean": 57.08333452542623,
        "std": 1.0689667867093087
    },
    "0.1934": {
        "mean": 47.31999933719635,
        "std": 1.392623500209937
    },
    "0.1238": {
        "mean": 35.32666663328806,
        "std": 3.1405975043650476
    },
    "0.0792": {
        "mean": 26.020000378290813,
        "std": 6.964155917411781
    }
}