{
    "64.0000": {
        "mean": 84.70333417256673,
        "std": 0.3021419877604973
    },
    "40.9600": {
        "mean": 84.07666683197021,
        "std": 0.4446214909714756
    },
    "26.2144": {
        "mean": 82.99000064531963,
        "std": 0.2006657876928385
    },
    "16.7772": {
        "mean": 83.03333322207133,
        "std": 0.12256357581517792
    },
    "10.7374": {
        "mean": 82.53333369890849,
        "std": 0.14079031625036154
    },
    "6.8719": {
        "mean": 82.11666742960612,
        "std": 0.3270406808443457
    },
    "4.3980": {
        "mean": 81.40999873479207,
        "std": 0.17146422971445113
    },
    "2.8147": {
        "mean": 79.53333258628845,
        "std": 0.05436393168644237
    },
    "1.8014": {
        "mean": 76.34999752044678,
        "std": 0.2699384546190562
    },
    "1.1529": {
        "mean": 69.37999924023946,
        "std": 0.9961245005871125
    },
    "0.7379": {
        "mean": 56.803331772486366,
        "std": 2.0606198839566643
    },
    "0.4722": {
        "mean": 45.2700008948644,
        "std": 2.829699828243413
    },
    "0.3022": {
        "mean": 24.343332648277283,
        "std": 3.3892997291298723
    },
    "0.1934": {
        "mean": 20.160000026226044,
        "std": 3.3406986787127377
    },
    "0.1238": {
        "mean": 14.590000112851461,
        "std": 2.39621930290598
    },
    "0.0792": {
        "mean": 11.763333280881247,
        "std": 1.2559810822998443
    }
}