{
    "64.0000": {
        "mean": 82.82333413759868,
        "std": 0.36754207570099406
    },
    "40.9600": {
        "mean": 80.87666630744934,
        "std": 0.28639399816431654
    },
    "26.2144": {
        "mean": 74.10333355267842,
        "std": 0.5744770708110897
    },
    "16.7772": {
        "mean": 71.64666652679443,
        "std": 1.2338101143946736
    },
    "10.7374": {
        "mean": 82.79666701952617,
        "std": 0.9422075251685219
    },
    "6.8719": {
        "mean": 85.14666557312012,
        "std": 0.17211196852390115
    },
    "4.3980": {
        "mean": 85.56333382924397,
        "std": 0.12552075448679106
    },
    "2.8147": {
        "mean": 85.50666769345601,
        "std": 0.14521929130639802
    },
    "1.8014": {
        "mean": 85.50666769345601,
        "std": 0.028674094678179364
    },
    "1.1529": {
        "mean": 85.20333568255107,
        "std": 0.08730495840365324
    },
    "0.7379": {
        "mean": 84.92666681607564,
        "std": 0.2288123168611168
    },
    "0.4722": {
        "mean": 84.64333415031433,
        "std": 0.37968038860568015
    },
    "0.3022": {
        "mean": 83.50666562716167,
        "std": 0.2562977110746944
    },
    "0.1934": {
        "mean": 82.21999804178874,
        "std": 0.16872100072311585
    },
    "0.1238": {
        "mean": 80.13666868209839,
        "std": 0.27644480454077547
    },
    "0.0792": {
        "mean": 75.26666720708211,
        "std": 0.4781452318625321
    },
    "0.0507": {
        "mean": 70.44999798138936,
        "std": 1.406152609746293
    },
    "0.0325": {
        "mean": 63.26333284378052,
        "std": 0.8251186906900377
    },
    "0.0208": {
        "mean": 56.74999952316284,
        "std": 2.3519479449642544
    },
    "0.0133": {
        "mean": 50.65666635831197,
        "std": 0.44289626731905113
    },
    "0.0085": {
        "mean": 38.666666547457375,
        "std": 3.901353383260227
    }
}