{
    "64.0000": {
        "mean": 91.39333367347717,
        "std": 0.09877098268964717
    },
    "40.9600": {
        "mean": 90.65000017484029,
        "std": 0.16673334212632882
    },
    "26.2144": {
        "mean": 89.88999923070271,
        "std": 0.16391095567427766
    },
    "16.7772": {
        "mean": 87.96333273251851,
        "std": 0.1782033630455274
    },
    "10.7374": {
        "mean": 86.13666494687398,
        "std": 0.09533661818076615
    },
    "6.8719": {
        "mean": 84.04333194096883,
        "std": 0.2876724583208198
    },
    "4.3980": {
        "mean": 80.53999940554301,
        "std": 0.8212604089310364
    },
    "2.8147": {
        "mean": 75.67333380381267,
        "std": 1.14590093458293
    },
    "1.8014": {
        "mean": 70.21666566530864,
        "std": 0.46089441167417555
    },
    "1.1529": {
        "mean": 65.27000069618225,
        "std": 0.7738655233349228
    },
    "0.7379": {
        "mean": 56.4300000667572,
        "std": 1.0255095254436855
    },
    "0.4722": {
        "mean": 44.66333289941152,
        "std": 0.5380415620019631
    },
    "0.3022": {
        "mean": 30.92000037431717,
        "std": 6.346163998645343
    },
    "0.1934": {
        "mean": 17.07666665315628,
        "std": 1.5970874864415454
    },
    "0.1238": {
        "mean": 9.696666647990545,
        "std": 0.42897835106610643
    },
    "0.0792": {
        "mean": 9.85000009338061,
        "std": 0.21213211303008148
    }
}