{
    "64.0000": {
        "mean": 9.503333394726118,
        "std": 5.339421523452867
    },
    "40.9600": {
        "mean": 3.5700001443425813,
        "std": 2.0792307582455094
    },
    "26.2144": {
        "mean": 5.269999926288922,
        "std": 2.7965810690689055
    },
    "16.7772": {
        "mean": 7.4933333943287534,
        "std": 2.94494292986302
    },
    "10.7374": {
        "mean": 8.389999841650328,
        "std": 2.124397868663426
    },
    "6.8719": {
        "mean": 9.693333506584167,
        "std": 4.338450942767846
    },
    "4.3980": {
        "mean": 6.47000012298425,
        "std": 2.834043044203905
    },
    "2.8147": {
        "mean": 6.0033335040013,
        "std": 2.8292794375021173
    },
    "1.8014": {
        "mean": 8.179999887943268,
        "std": 1.3365876645369774
    },
    "1.1529": {
        "mean": 10.879999895890554,
        "std": 0.6219859140997637
    },
    "0.7379": {
        "mean": 7.333333293596904,
        "std": 1.8991984753109212
    },
    "0.4722": {
        "mean": 7.619999969998996,
        "std": 1.6850123793404788
    },
    "0.3022": {
        "mean": 9.92999995748202,
        "std": 0.11343130170085763
    },
    "0.1934": {
        "mean": 10.443333288033804,
        "std": 0.455655589257931
    },
    "0.1238": {
        "mean": 10.17666682600975,
        "std": 0.24984441063015428
    },
    "0.0792": {
        "mean": 10.17666682600975,
        "std": 0.24984441063015428
    }
}