{
    "64.0000": {
        "mean": 91.72666668891907,
        "std": 0.1677946912071362
    },
    "40.9600": {
        "mean": 91.02333188056946,
        "std": 0.1515115723269391
    },
    "26.2144": {
        "mean": 90.23333191871643,
        "std": 0.23668889993909498
    },
    "16.7772": {
        "mean": 89.14999763170879,
        "std": 0.17682384510717766
    },
    "10.7374": {
        "mean": 87.51999934514363,
        "std": 0.08981249424561388
    },
    "6.8719": {
        "mean": 85.47333280245464,
        "std": 0.2894055342035527
    },
    "4.3980": {
        "mean": 46.203332394361496,
        "std": 28.299723736752757
    },
    "2.8147": {
        "mean": 35.86666708191236,
        "std": 18.368419399275606
    },
    "1.8014": {
        "mean": 13.923333585262299,
        "std": 5.548431355257559
    },
    "1.1529": {
        "mean": 34.636666625738144,
        "std": 22.30242197246383
    },
    "0.7379": {
        "mean": 22.546666860580444,
        "std": 4.380672313368583
    },
    "0.4722": {
        "mean": 12.82666673262914,
        "std": 3.997510218858731
    },
    "0.3022": {
        "mean": 11.966666579246521,
        "std": 2.7812863383020887
    },
    "0.1934": {
        "mean": 15.920000523328781,
        "std": 4.322592069970194
    },
    "0.1238": {
        "mean": 10.000000149011612,
        "std": 0.0
    },
    "0.0792": {
        "mean": 10.000000149011612,
        "std": 0.0
    }
}