{
    "64.0000": {
        "mean": 78.91666690508525,
        "std": 0.13424798362397167
    },
    "40.9600": {
        "mean": 78.3133327960968,
        "std": 0.4714748001334951
    },
    "26.2144": {
        "mean": 77.46333281199138,
        "std": 0.6701398636138284
    },
    "16.7772": {
        "mean": 68.55666637420654,
        "std": 2.279259122843887
    },
    "10.7374": {
        "mean": 12.270000328620275,
        "std": 3.1783751629985186
    },
    "6.8719": {
        "mean": 12.803333501021067,
        "std": 2.3314134010546654
    },
    "4.3980": {
        "mean": 10.006666680177053,
        "std": 0.009427898788149404
    },
    "2.8147": {
        "mean": 9.66333324710528,
        "std": 0.3504601981483152
    },
    "1.8014": {
        "mean": 10.000000149011612,
        "std": 0.0
    },
    "1.1529": {
        "mean": 10.560000191132227,
        "std": 0.7919596544964791
    },
    "0.7379": {
        "mean": 10.353333503007889,
        "std": 0.5865907827297282
    },
    "0.4722": {
        "mean": 10.16666665673256,
        "std": 0.23570203561232378
    },
    "0.3022": {
        "mean": 10.000000149011612,
        "std": 0.0
    },
    "0.1934": {
        "mean": 9.733333438634872,
        "std": 0.3492214645443517
    },
    "0.1238": {
        "mean": 10.000000149011612,
        "std": 0.0
    },
    "0.0792": {
        "mean": 10.000000149011612,
        "std": 0.0
    }
}