{
    "64.0000": {
        "mean": 91.19333426157634,
        "std": 0.22543750486540676
    },
    "40.9600": {
        "mean": 90.60999949773152,
        "std": 0.2833134714536551
    },
    "26.2144": {
        "mean": 89.76000150044759,
        "std": 0.42926325795738457
    },
    "16.7772": {
        "mean": 88.50666880607605,
        "std": 0.01885650002377399
    },
    "10.7374": {
        "mean": 86.9599997997284,
        "std": 0.2578116958213991
    },
    "6.8719": {
        "mean": 84.8033328851064,
        "std": 0.20138347999075737
    },
    "4.3980": {
        "mean": 81.19999965031941,
        "std": 0.3418563375573677
    },
    "2.8147": {
        "mean": 77.37666765848796,
        "std": 0.9522019104354467
    },
    "1.8014": {
        "mean": 69.38666701316833,
        "std": 1.6352838791186035
    },
    "1.1529": {
        "mean": 65.38333098093669,
        "std": 2.1323276805237463
    },
    "0.7379": {
        "mean": 58.410000801086426,
        "std": 3.1844736596156085
    },
    "0.4722": {
        "mean": 49.643333752950035,
        "std": 2.7005474224080257
    },
    "0.3022": {
        "mean": 39.766666293144226,
        "std": 1.825419140593283
    },
    "0.1934": {
        "mean": 26.729999979337055,
        "std": 2.7378453092130735
    },
    "0.1238": {
        "mean": 19.31333343187968,
        "std": 1.148690006680664
    },
    "0.0792": {
        "mean": 15.190000087022781,
        "std": 4.189486871765377
    }
}