{
    "64.0000": {
        "mean": 10.216666758060455,
        "std": 4.120916784325443
    },
    "40.9600": {
        "mean": 8.156666532158852,
        "std": 5.305998468626993
    },
    "26.2144": {
        "mean": 7.326666762431462,
        "std": 5.52833501315022
    },
    "16.7772": {
        "mean": 10.873332992196083,
        "std": 5.052004851825085
    },
    "10.7374": {
        "mean": 10.939999918142954,
        "std": 4.501829188451542
    },
    "6.8719": {
        "mean": 8.710000167290369,
        "std": 3.608250014912824
    },
    "4.3980": {
        "mean": 7.106666515270869,
        "std": 2.0684508349657733
    },
    "2.8147": {
        "mean": 6.693333387374878,
        "std": 0.7601024531249008
    },
    "1.8014": {
        "mean": 8.790000031391779,
        "std": 0.2616612227343781
    },
    "1.1529": {
        "mean": 11.886666715145111,
        "std": 0.5641707347703058
    },
    "0.7379": {
        "mean": 12.700000156958899,
        "std": 1.2439719080575156
    },
    "0.4722": {
        "mean": 12.306666374206543,
        "std": 0.5741271179533288
    },
    "0.3022": {
        "mean": 8.1366665661335,
        "std": 0.9551381911507593
    },
    "0.1934": {
        "mean": 8.886666595935822,
        "std": 1.0309974032384466
    },
    "0.1238": {
        "mean": 10.570000112056732,
        "std": 0.4138437609641044
    },
    "0.0792": {
        "mean": 10.000000149011612,
        "std": 0.0
    }
}