{
      "64.0000": {
            "mean": 93.67499947547913,
            "std": 0.11500120162963867
      },
      "40.9600": {
            "mean": 93.59999895095825,
            "std": 0.04000067710876465
      },
      "26.2144": {
            "mean": 93.30500066280365,
            "std": 0.025001168251037598
      },
      "16.7772": {
            "mean": 93.14999878406525,
            "std": 0.10000169277191162
      },
      "10.7374": {
            "mean": 93.06000173091888,
            "std": 0.020000338554382324
      },
      "8.5899": {
            "mean": 92.739999294281,
            "std": 0.279998779296875
      },
      "6.8719": {
            "mean": 92.4699991941452,
            "std": 0.14999806880950928
      },
      "5.4976": {
            "mean": 92.54500269889832,
            "std": 0.21499991416931152
      },
      "4.3980": {
            "mean": 92.4699991941452,
            "std": 0.22999942302703857
      },
      "3.5184": {
            "mean": 91.78999960422516,
            "std": 0.09000003337860107
      },
      "2.8147": {
            "mean": 91.70500040054321,
            "std": 0.15500187873840332
      },
      "2.2518": {
            "mean": 91.56000018119812,
            "std": 0.010001659393310547
      },
      "1.8014": {
            "mean": 91.31500124931335,
            "std": 0.06499886512756348
      },
      "1.4412": {
            "mean": 90.9199982881546,
            "std": 0.049999356269836426
      },
      "1.1529": {
            "mean": 90.58000147342682,
            "std": 0.049999356269836426
      },
      "0.9223": {
            "mean": 89.91000056266785,
            "std": 0.31999945640563965
      },
      "0.7379": {
            "mean": 89.46999907493591,
            "std": 0.1100003719329834
      },
      "0.5903": {
            "mean": 89.32499885559082,
            "std": 0.034999847412109375
      },
      "0.4722": {
            "mean": 88.65499794483185,
            "std": 0.09500086307525635
      },
      "0.3778": {
            "mean": 87.81500160694122,
            "std": 0.15499889850616455
      }
}