{
      "100.0000": {
            "mean": 93.83500069379807,
            "std": 0.11715378860254261
      },
      "64.0000": {
            "mean": 93.71500015258789,
            "std": 0.09394199067874703
      },
      "40.9600": {
            "mean": 93.79250109195709,
            "std": 0.1123335443039694
      },
      "26.2144": {
            "mean": 93.31000000238419,
            "std": 0.10271268295410754
      },
      "16.7772": {
            "mean": 93.29499900341034,
            "std": 0.11672562995270697
      },
      "10.7374": {
            "mean": 93.02000105381012,
            "std": 0.09300590913890847
      },
      "8.5899": {
            "mean": 92.84749925136566,
            "std": 0.16068116753741957
      },
      "6.8719": {
            "mean": 92.48500019311905,
            "std": 0.05545126993789039
      },
      "5.4976": {
            "mean": 92.43749976158142,
            "std": 0.12316116713853509
      },
      "4.3980": {
            "mean": 92.22749918699265,
            "std": 0.10802242900388948
      },
      "3.5184": {
            "mean": 92.09499955177307,
            "std": 0.1993109686999895
      },
      "2.8147": {
            "mean": 91.88250005245209,
            "std": 0.0825755304019826
      },
      "2.2518": {
            "mean": 91.57750010490417,
            "std": 0.084668881389932
      },
      "1.8014": {
            "mean": 91.17499887943268,
            "std": 0.15898042447407693
      },
      "1.4412": {
            "mean": 90.89999794960022,
            "std": 0.049497258891193954
      },
      "1.1529": {
            "mean": 90.60250073671341,
            "std": 0.14889285221085194
      },
      "0.9223": {
            "mean": 90.13000130653381,
            "std": 0.0620492984991546
      },
      "0.7379": {
            "mean": 89.30750042200089,
            "std": 0.2430402383665956
      },
      "0.5903": {
            "mean": 87.97499984502792,
            "std": 0.31956968622092874
      },
      "0.4722": {
            "mean": 78.67249846458435,
            "std": 2.753355480250295
      },
      "0.3778": {
            "mean": 20.465000346302986,
            "std": 11.310998131203641
      }
}