{
    "64.0000": {
        "mean": 93.16000143686931,
        "std": 0.197988232768882
    },
    "40.9600": {
        "mean": 93.0566668510437,
        "std": 0.05249200348807679
    },
    "26.2144": {
        "mean": 92.83999999364217,
        "std": 0.25961402254716714
    },
    "16.7772": {
        "mean": 92.69000093142192,
        "std": 0.24041686306574245
    },
    "10.7374": {
        "mean": 92.05999970436096,
        "std": 0.3826227751549252
    },
    "6.8719": {
        "mean": 91.53333306312561,
        "std": 0.6130441940580987
    },
    "4.3980": {
        "mean": 90.52666624387105,
        "std": 0.8824336002315998
    },
    "2.8147": {
        "mean": 90.68999886512756,
        "std": 0.2970958090455908
    },
    "1.8014": {
        "mean": 88.946666320165,
        "std": 1.1543925208464498
    },
    "1.1529": {
        "mean": 86.69666647911072,
        "std": 1.6927573720619324
    },
    "0.7379": {
        "mean": 84.64333216349284,
        "std": 0.28015841612236353
    },
    "0.4722": {
        "mean": 85.17333269119263,
        "std": 1.8974442831026868
    },
    "0.3022": {
        "mean": 84.48999921480815,
        "std": 0.28855877686360215
    },
    "0.1934": {
        "mean": 81.16666674613953,
        "std": 1.3129188091907316
    },
    "0.1238": {
        "mean": 79.95333472887675,
        "std": 0.47541771093199103
    },
    "0.0792": {
        "mean": 75.76666673024495,
        "std": 0.5871002332217773
    },
    "0.0507": {
        "mean": 67.24666754404704,
        "std": 1.865430029506689
    },
    "0.0325": {
        "mean": 55.61999877293905,
        "std": 1.1636994094600628
    },
    "0.0208": {
        "mean": 44.01000042756399,
        "std": 7.2546862258838924
    },
    "0.0133": {
        "mean": 30.383332818746567,
        "std": 14.460078647061414
    },
    "0.0085": {
        "mean": 35.070000092188515,
        "std": 3.635444964167545
    }
}