{
    "64.0000": {
        "mean": 9.509999801715216,
        "std": 3.504977250636427
    },
    "40.9600": {
        "mean": 9.119999905427298,
        "std": 4.749933103689317
    },
    "26.2144": {
        "mean": 9.503333270549774,
        "std": 2.0273847176027395
    },
    "16.7772": {
        "mean": 5.876666804154714,
        "std": 0.658904816645016
    },
    "10.7374": {
        "mean": 11.653333405653635,
        "std": 5.57834713164064
    },
    "6.8719": {
        "mean": 8.430000146230062,
        "std": 6.917360130154472
    },
    "4.3980": {
        "mean": 8.973333115379015,
        "std": 5.375167104125855
    },
    "2.8147": {
        "mean": 10.036666815479597,
        "std": 3.042557593553861
    },
    "1.8014": {
        "mean": 12.300000339746475,
        "std": 4.404777868382453
    },
    "1.1529": {
        "mean": 9.653333450357119,
        "std": 6.196678715853608
    },
    "0.7379": {
        "mean": 10.370000017186007,
        "std": 6.284016812856529
    },
    "0.4722": {
        "mean": 4.196666615704696,
        "std": 1.6139048061152457
    },
    "0.3022": {
        "mean": 9.843333313862482,
        "std": 1.3297703947533122
    },
    "0.1934": {
        "mean": 7.423333233843247,
        "std": 5.352446997087272
    },
    "0.1238": {
        "mean": 10.80333317319552,
        "std": 1.742609849125832
    },
    "0.0792": {
        "mean": 10.216666758060455,
        "std": 1.3678530470812613
    },
    "0.0507": {
        "mean": 9.976666669050852,
        "std": 0.23213959749858679
    },
    "0.0325": {
        "mean": 9.913333257039389,
        "std": 3.8306859227201406
    },
    "0.0208": {
        "mean": 9.880000104506811,
        "std": 0.34563960655582276
    },
    "0.0133": {
        "mean": 9.346666683753332,
        "std": 0.8610976543325464
    },
    "0.0085": {
        "mean": 10.28666670123736,
        "std": 0.629567488225494
    }
}