{
    "64.0000": {
        "mean": 91.6266659895579,
        "std": 0.15627496146001188
    },
    "40.9600": {
        "mean": 91.25333428382874,
        "std": 0.030911620831137403
    },
    "26.2144": {
        "mean": 90.05333185195923,
        "std": 0.09177302877249054
    },
    "16.7772": {
        "mean": 88.97666732470195,
        "std": 0.19293225038908857
    },
    "10.7374": {
        "mean": 87.78000076611836,
        "std": 0.22759679992829177
    },
    "6.8719": {
        "mean": 86.32666667302449,
        "std": 0.2710883741632935
    },
    "4.3980": {
        "mean": 84.53333377838135,
        "std": 0.12256595334571739
    },
    "2.8147": {
        "mean": 82.67333507537842,
        "std": 0.18624953979057893
    },
    "1.8014": {
        "mean": 80.15999992688496,
        "std": 0.31283479503032746
    },
    "1.1529": {
        "mean": 75.73999961217244,
        "std": 0.3832306590606983
    },
    "0.7379": {
        "mean": 69.64999834696452,
        "std": 1.0334727914800628
    },
    "0.4722": {
        "mean": 62.40333318710327,
        "std": 0.8300342202969158
    },
    "0.3022": {
        "mean": 56.41333262125651,
        "std": 0.4282010204848637
    },
    "0.1934": {
        "mean": 47.026666005452476,
        "std": 1.5857770846916002
    },
    "0.1238": {
        "mean": 39.329999685287476,
        "std": 0.9437172862069411
    },
    "0.0792": {
        "mean": 28.576666116714478,
        "std": 2.385432984406581
    }
}