{
    "64.0000": {
        "mean": 79.23666636149089,
        "std": 0.20237430491448163
    },
    "40.9600": {
        "mean": 79.75666721661885,
        "std": 0.11897660328474376
    },
    "26.2144": {
        "mean": 78.96000146865845,
        "std": 0.5435064051664451
    },
    "16.7772": {
        "mean": 78.57333223025005,
        "std": 0.7746105787946103
    },
    "10.7374": {
        "mean": 78.3733348051707,
        "std": 0.5169338191953449
    },
    "6.8719": {
        "mean": 78.70333194732666,
        "std": 0.5970108465452028
    },
    "4.3980": {
        "mean": 77.56666739781697,
        "std": 0.2833532377690115
    },
    "2.8147": {
        "mean": 76.30666693051656,
        "std": 0.3278560367888183
    },
    "1.8014": {
        "mean": 72.63333201408386,
        "std": 0.5193796023851256
    },
    "1.1529": {
        "mean": 65.3433342774709,
        "std": 0.35565100115160153
    },
    "0.7379": {
        "mean": 55.316666762034096,
        "std": 1.8315804856421367
    },
    "0.4722": {
        "mean": 43.15999945004781,
        "std": 2.1466411528592566
    },
    "0.3022": {
        "mean": 29.816667238871258,
        "std": 4.911933654338102
    },
    "0.1934": {
        "mean": 23.73000035683314,
        "std": 1.6332383622987634
    },
    "0.1238": {
        "mean": 16.826666394869488,
        "std": 2.1894489260217047
    },
    "0.0792": {
        "mean": 14.120000104109446,
        "std": 0.5396295062994858
    }
}