{
    "64.0000": {
        "mean": 91.49333437283833,
        "std": 0.217461086805704
    },
    "40.9600": {
        "mean": 91.02999965349834,
        "std": 0.1498869444622646
    },
    "26.2144": {
        "mean": 90.16999999682109,
        "std": 0.16512509911849937
    },
    "16.7772": {
        "mean": 89.0500009059906,
        "std": 0.19200476204404937
    },
    "10.7374": {
        "mean": 87.81666556994121,
        "std": 0.10624736629946178
    },
    "6.8719": {
        "mean": 86.25333309173584,
        "std": 0.07760365176745485
    },
    "4.3980": {
        "mean": 84.06333327293396,
        "std": 0.11085400105182194
    },
    "2.8147": {
        "mean": 81.54333233833313,
        "std": 0.4001950898998112
    },
    "1.8014": {
        "mean": 77.7133325735728,
        "std": 0.12498938808337637
    },
    "1.1529": {
        "mean": 69.17999982833862,
        "std": 1.6233516289021301
    },
    "0.7379": {
        "mean": 62.42666840553284,
        "std": 0.31180448487094925
    },
    "0.4722": {
        "mean": 53.49333385626475,
        "std": 4.773163773281035
    },
    "0.3022": {
        "mean": 37.86999980608622,
        "std": 6.223445577325292
    },
    "0.1934": {
        "mean": 16.17999995748202,
        "std": 4.373953052568769
    },
    "0.1238": {
        "mean": 17.249999692042667,
        "std": 5.6975957419532275
    },
    "0.0792": {
        "mean": 10.000000149011612,
        "std": 0.0
    }
}