{
    "64.0000": {
        "mean": 78.81666819254558,
        "std": 0.4876008932172357
    },
    "40.9600": {
        "mean": 79.18000221252441,
        "std": 0.23678436665807714
    },
    "26.2144": {
        "mean": 78.80333264668782,
        "std": 0.21359229240826524
    },
    "16.7772": {
        "mean": 78.12999884287517,
        "std": 0.25390305837615806
    },
    "10.7374": {
        "mean": 77.26333340009053,
        "std": 0.4608205067124648
    },
    "6.8719": {
        "mean": 74.17333523432414,
        "std": 0.47005842535665876
    },
    "4.3980": {
        "mean": 69.8033332824707,
        "std": 1.0107524083522412
    },
    "2.8147": {
        "mean": 56.79999987284342,
        "std": 0.9356641797822527
    },
    "1.8014": {
        "mean": 43.60666672388712,
        "std": 4.95756871912974
    },
    "1.1529": {
        "mean": 25.846666594346363,
        "std": 3.205581432144929
    },
    "0.7379": {
        "mean": 18.796666463216145,
        "std": 3.7783359424190555
    },
    "0.4722": {
        "mean": 12.81666656335195,
        "std": 1.7069728977312504
    },
    "0.3022": {
        "mean": 12.323333571354548,
        "std": 1.6549790502669801
    },
    "0.1934": {
        "mean": 10.87666650613149,
        "std": 1.5687854912556891
    },
    "0.1238": {
        "mean": 10.846666743357977,
        "std": 1.2328917829244117
    },
    "0.0792": {
        "mean": 10.000000149011612,
        "std": 0.0
    }
}