{
    "64.0000": {
        "mean": 93.55000058809917,
        "std": 0.14719546912843226
    },
    "40.9600": {
        "mean": 93.61666639645894,
        "std": 0.1027401998646123
    },
    "26.2144": {
        "mean": 93.42666665712993,
        "std": 0.1144081266114656
    },
    "16.7772": {
        "mean": 93.29333305358887,
        "std": 0.04496922371853636
    },
    "10.7374": {
        "mean": 93.09999942779541,
        "std": 0.06164470007697917
    },
    "6.8719": {
        "mean": 92.95000235239665,
        "std": 0.14764824050701933
    },
    "4.3980": {
        "mean": 92.61666735013326,
        "std": 0.142671598664176
    },
    "2.8147": {
        "mean": 92.05000003178914,
        "std": 0.11575921293357107
    },
    "1.8014": {
        "mean": 90.97666541735332,
        "std": 0.2460796383115731
    },
    "1.1529": {
        "mean": 89.51333363850911,
        "std": 0.0329989753985677
    },
    "0.7379": {
        "mean": 87.91999816894531,
        "std": 0.4605073631105816
    },
    "0.4722": {
        "mean": 86.49666706720988,
        "std": 0.6060979518168947
    },
    "0.3022": {
        "mean": 84.64666803677876,
        "std": 0.6321557116925768
    },
    "0.1934": {
        "mean": 82.57333437601726,
        "std": 0.7512341186774458
    },
    "0.1238": {
        "mean": 80.44999837875366,
        "std": 0.2557342542063067
    },
    "0.0792": {
        "mean": 76.38000051180522,
        "std": 0.8769652599561146
    },
    "0.0507": {
        "mean": 71.32333517074585,
        "std": 1.1116749282868588
    },
    "0.0325": {
        "mean": 66.93333387374878,
        "std": 0.2168455355885498
    },
    "0.0208": {
        "mean": 60.976668198903404,
        "std": 0.30728233283680884
    },
    "0.0133": {
        "mean": 50.27333299318949,
        "std": 1.674760971019535
    },
    "0.0085": {
        "mean": 38.65666687488556,
        "std": 2.5824061493768187
    }
}