{
    "64.0000": {
        "mean": 85.1633350054423,
        "std": 0.26335397116394854
    },
    "40.9600": {
        "mean": 84.91666714350383,
        "std": 0.32673539353905867
    },
    "26.2144": {
        "mean": 84.90666548411052,
        "std": 0.35462177180737187
    },
    "16.7772": {
        "mean": 84.55999890963237,
        "std": 0.28890715931150424
    },
    "10.7374": {
        "mean": 84.07000104586284,
        "std": 0.5892923294845022
    },
    "6.8719": {
        "mean": 83.5866649945577,
        "std": 0.4571176039112944
    },
    "4.3980": {
        "mean": 82.88333415985107,
        "std": 0.3936430125278529
    },
    "2.8147": {
        "mean": 81.58666491508484,
        "std": 0.4515397461744654
    },
    "1.8014": {
        "mean": 54.79666690031687,
        "std": 21.345790603965757
    },
    "1.1529": {
        "mean": 23.3366663257281,
        "std": 7.761792753152643
    },
    "0.7379": {
        "mean": 14.216666668653488,
        "std": 2.474837682674433
    },
    "0.4722": {
        "mean": 9.183333193262419,
        "std": 5.188926063939927
    },
    "0.3022": {
        "mean": 7.663333291808764,
        "std": 1.8602748564240599
    },
    "0.1934": {
        "mean": 8.179999887943268,
        "std": 1.5184860478373516
    },
    "0.1238": {
        "mean": 11.206666876872381,
        "std": 1.1303785402289752
    },
    "0.0792": {
        "mean": 11.096666753292084,
        "std": 1.6730281190591352
    },
    "0.0507": {
        "mean": 10.203333447376886,
        "std": 0.2251420757342801
    },
    "0.0325": {
        "mean": 9.283333271741867,
        "std": 0.7172788317298164
    },
    "0.0208": {
        "mean": 10.279999921719233,
        "std": 0.37532193268660236
    },
    "0.0133": {
        "mean": 9.960000216960907,
        "std": 0.12027738691265233
    },
    "0.0085": {
        "mean": 9.98999997973442,
        "std": 0.008165104023525074
    }
}