{
    "64.0000": {
        "mean": 93.1333323319753,
        "std": 0.1102510688936038
    },
    "40.9600": {
        "mean": 93.04333130518596,
        "std": 0.13523692028381631
    },
    "26.2144": {
        "mean": 92.66666571299235,
        "std": 0.10370934523580659
    },
    "16.7772": {
        "mean": 92.15999841690063,
        "std": 0.06164470007697917
    },
    "10.7374": {
        "mean": 90.89333216349284,
        "std": 0.25249800741207956
    },
    "6.8719": {
        "mean": 90.43333331743877,
        "std": 0.5973439147118952
    },
    "4.3980": {
        "mean": 89.10666704177856,
        "std": 0.23753400574825764
    },
    "2.8147": {
        "mean": 88.07666500409444,
        "std": 0.4845161781564621
    },
    "1.8014": {
        "mean": 86.30666732788086,
        "std": 0.42081993840105597
    },
    "1.1529": {
        "mean": 86.29999955495198,
        "std": 0.5223647741796267
    },
    "0.7379": {
        "mean": 83.75666538874309,
        "std": 1.0980388348417474
    },
    "0.4722": {
        "mean": 80.86333274841309,
        "std": 2.794905122941209
    },
    "0.3022": {
        "mean": 77.02666719754536,
        "std": 1.0273703746314753
    },
    "0.1934": {
        "mean": 69.16000048319499,
        "std": 3.0246010701405286
    },
    "0.1238": {
        "mean": 65.74000120162964,
        "std": 4.184693823043299
    },
    "0.0792": {
        "mean": 59.44666465123495,
        "std": 5.056232353817809
    },
    "0.0507": {
        "mean": 57.87999927997589,
        "std": 9.681445793925285
    },
    "0.0325": {
        "mean": 52.91999876499176,
        "std": 10.685251350998833
    },
    "0.0208": {
        "mean": 40.526666243871055,
        "std": 10.79207784194361
    },
    "0.0133": {
        "mean": 38.60666751861572,
        "std": 9.181592478468339
    },
    "0.0085": {
        "mean": 22.32000057895978,
        "std": 8.830617513738721
    }
}