{
    "64.0000": {
        "mean": 0.9566666558384895,
        "std": 0.3229378877855284
    },
    "40.9600": {
        "mean": 1.1133333668112755,
        "std": 0.3138294008914023
    },
    "26.2144": {
        "mean": 19.840000569820404,
        "std": 0.32873493824869315
    },
    "16.7772": {
        "mean": 19.41666652758916,
        "std": 0.16006907730301828
    },
    "10.7374": {
        "mean": 18.930000066757202,
        "std": 0.3510939130913177
    },
    "6.8719": {
        "mean": 20.153332750002544,
        "std": 0.8108156644406197
    },
    "4.3980": {
        "mean": 19.036667048931122,
        "std": 0.6593094136994383
    },
    "2.8147": {
        "mean": 17.3866664369901,
        "std": 0.2217107651761724
    },
    "1.8014": {
        "mean": 13.77000001569589,
        "std": 5.750634750707545
    },
    "1.1529": {
        "mean": 16.536666452884674,
        "std": 0.9899607522139332
    },
    "0.7379": {
        "mean": 12.263333052396774,
        "std": 3.753436726995014
    },
    "0.4722": {
        "mean": 12.96000008781751,
        "std": 1.992301813300089
    },
    "0.3022": {
        "mean": 14.98666654030482,
        "std": 2.9744277456705444
    },
    "0.1934": {
        "mean": 9.679999947547913,
        "std": 1.9970143296571987
    },
    "0.1238": {
        "mean": 9.016666561365128,
        "std": 2.124811225474697
    },
    "0.0792": {
        "mean": 9.283333023389181,
        "std": 2.685768869598741
    },
    "0.0507": {
        "mean": 10.033333549896875,
        "std": 0.8375494508852432
    },
    "0.0325": {
        "mean": 7.539999981721242,
        "std": 2.261518711235271
    },
    "0.0208": {
        "mean": 11.550000061591467,
        "std": 2.134963305222792
    },
    "0.0133": {
        "mean": 8.260000000397364,
        "std": 1.5427463665261487
    },
    "0.0085": {
        "mean": 9.270000209410986,
        "std": 1.3554580156793576
    }
}